orig,dest,volume
1,4,23.3
1,204,78.8
1,476,45.9
1,545,17.5
1,601,14.1
1,632,24.4
2,3,25.4
2,4,24.5
2,12,25.8
2,18,49.3
2,27,17.9
2,234,19.6
2,542,36.8
2,546,17.7
2,601,19.6
2,631,14.1
3,2,25.4
3,4,158.1
3,10,15.8
3,17,16.2
3,18,76.0
3,19,16.2
3,30,15.8
3,33,35.3
3,153,27.8
3,203,13.9
3,204,55.8
3,228,30.2
3,345,16.2
3,601,43.2
3,606,23.5
3,631,56.0
3,632,16.1
4,1,23.3
4,2,24.5
4,3,158.1
4,5,81.9
4,6,165.1
4,10,47.1
4,11,85.3
4,12,57.0
4,15,139.3
4,17,49.4
4,18,126.6
4,19,23.2
4,21,38.1
4,23,140.1
4,29,79.2
4,103,23.3
4,145,18.6
4,154,12.6
4,155,27.9
4,201,43.5
4,209,24.6
4,233,23.1
4,234,29.3
4,250,43.5
4,291,22.1
4,467,41.8
4,476,12.6
4,542,27.9
4,600,20.5
4,630,121.8
4,632,53.7
5,4,81.9
5,6,23.5
5,15,32.9
5,103,13.7
5,546,12.5
5,601,17.1
6,4,165.1
6,5,23.5
6,11,26.4
6,13,82.8
6,18,25.5
6,147,28.6
6,234,35.5
6,520,32.9
6,542,21.6
6,556,14.9
6,601,60.0
7,10,30.6
7,17,48.0
7,18,38.0
10,3,15.8
10,4,47.1
10,7,30.6
10,15,59.1
10,18,22.5
10,30,15.8
10,103,23.3
10,110,53.9
10,113,64.6
10,145,14.4
10,147,12.7
10,204,26.8
10,233,57.3
10,234,24.6
10,253,20.5
10,424,12.7
10,467,17.9
10,540,24.6
10,542,30.6
10,600,32.4
10,601,91.3
11,4,85.3
11,6,26.4
11,103,28.7
11,147,34.8
11,149,16.0
11,151,21.6
11,153,18.7
11,192,15.2
11,204,47.8
11,234,49.9
11,545,15.1
11,584,23.1
11,598,24.4
11,617,20.6
11,630,46.2
12,2,25.8
12,4,57.0
12,18,52.1
12,20,58.7
12,111,27.2
12,198,45.2
12,204,23.1
12,234,48.4
12,458,16.5
12,601,45.2
12,606,34.0
13,6,82.8
13,18,100.1
13,27,42.6
13,153,31.9
13,204,80.0
13,233,36.2
13,282,20.8
13,512,21.6
13,542,31.7
13,600,18.6
14,15,45.8
14,18,68.6
14,204,26.9
14,223,22.9
14,234,22.1
14,368,23.5
14,464,20.3
14,578,28.0
14,632,22.4
15,4,139.3
15,5,32.9
15,10,59.1
15,14,45.8
15,18,79.0
15,19,23.9
15,24,24.7
15,95,47.1
15,153,30.4
15,223,19.4
15,243,25.1
15,463,24.0
15,540,28.0
15,542,23.6
15,543,25.1
15,561,13.0
15,588,23.6
15,600,29.1
15,606,57.7
15,631,97.8
15,632,96.0
16,201,22.4
16,206,20.3
16,510,20.3
16,601,20.3
17,3,16.2
17,4,49.4
17,7,48.0
17,18,68.1
17,204,18.1
17,209,16.5
17,228,13.9
17,233,27.3
17,542,24.2
17,579,52.0
17,601,70.1
17,624,15.3
18,2,49.3
18,3,76.0
18,4,126.6
18,6,25.5
18,7,38.0
18,10,22.5
18,12,52.1
18,13,100.1
18,14,68.6
18,15,79.0
18,17,68.1
18,19,78.0
18,20,98.0
18,21,84.4
18,22,29.7
18,23,14.8
18,24,65.3
18,228,12.9
18,251,14.8
18,540,116.6
18,544,19.2
18,546,18.4
18,587,63.4
18,600,14.8
18,630,30.6
18,631,103.0
18,632,84.2
19,3,16.2
19,4,23.2
19,15,23.9
19,18,78.0
19,24,42.8
19,103,21.8
19,147,20.5
19,167,34.1
19,606,9.9
20,12,58.7
20,18,98.0
20,155,14.6
20,198,22.5
20,203,23.0
20,204,23.4
20,234,44.0
20,331,24.4
20,395,39.4
20,540,93.6
20,542,39.4
20,545,21.3
20,568,119.9
20,578,26.9
20,606,17.4
20,631,23.9
21,4,38.1
21,18,84.4
21,85,32.7
21,93,68.4
21,147,29.8
21,153,44.9
21,201,54.3
21,204,58.9
21,223,16.0
21,225,27.3
21,311,12.7
21,348,15.8
21,354,14.2
21,368,32.7
21,540,33.2
21,542,28.0
21,554,57.9
21,601,54.3
21,626,38.1
22,18,29.7
22,23,26.8
22,24,239.9
22,27,43.0
22,102,13.0
22,121,29.0
22,153,108.3
22,204,177.7
22,228,16.1
22,233,38.3
22,234,20.2
22,374,30.1
22,412,32.5
22,540,38.3
22,545,69.8
22,578,17.5
22,598,32.5
22,601,38.0
22,606,45.6
23,4,140.1
23,18,14.8
23,22,26.8
23,27,26.8
23,30,30.1
23,234,31.2
23,533,76.0
23,542,20.6
23,601,76.0
23,607,35.7
24,15,24.7
24,18,65.3
24,19,42.8
24,22,239.9
24,25,26.8
24,86,21.2
24,88,28.8
24,110,24.6
24,153,64.3
24,171,19.4
24,198,26.8
24,203,57.0
24,204,84.1
24,206,45.4
24,234,57.3
24,250,45.4
24,251,22.9
24,345,16.8
24,351,22.6
24,476,17.1
24,510,24.2
24,540,25.2
24,542,19.4
24,545,16.8
24,585,31.7
24,586,13.0
24,587,47.1
24,601,62.0
24,624,26.7
24,626,108.8
24,632,24.1
25,24,26.8
25,27,65.9
25,167,30.5
25,204,31.0
25,368,37.1
25,544,70.3
25,606,30.2
25,624,26.7
26,73,12.8
26,214,14.7
26,228,14.8
26,234,18.5
26,506,38.2
26,520,14.4
26,542,13.9
26,601,18.7
26,606,12.8
26,629,19.9
27,2,17.9
27,13,42.6
27,22,43.0
27,23,26.8
27,25,65.9
27,28,76.4
27,29,148.9
27,30,45.8
27,32,18.1
27,43,23.3
27,84,18.6
27,93,16.5
27,102,71.6
27,192,26.1
27,193,23.4
27,198,22.5
27,204,24.1
27,206,48.9
27,223,22.9
27,226,21.8
27,233,37.9
27,234,30.2
27,254,87.5
27,351,22.8
27,359,20.6
27,435,26.1
27,542,68.0
27,544,335.7
27,546,20.5
27,597,27.7
27,606,29.1
28,27,76.4
28,100,15.3
28,148,15.4
28,223,47.5
28,542,61.0
28,546,15.4
28,556,11.4
28,588,62.4
28,601,13.0
29,4,79.2
29,27,148.9
29,103,31.9
29,110,49.2
29,204,30.6
29,234,89.0
29,494,24.6
29,545,30.0
29,561,23.4
29,585,13.0
29,587,13.8
30,3,15.8
30,10,15.8
30,23,30.1
30,27,45.8
30,31,17.5
30,95,18.3
30,210,13.3
30,542,20.4
30,601,21.0
31,30,17.5
31,32,20.6
31,47,28.2
31,49,36.4
31,52,37.1
31,77,23.3
31,147,28.8
31,155,28.8
31,169,13.7
31,362,39.9
31,514,39.0
31,542,37.0
32,27,18.1
32,31,20.6
32,37,28.6
32,45,29.6
32,50,37.9
32,52,118.2
32,53,33.8
32,57,41.0
32,65,54.9
32,80,67.8
32,103,58.1
32,147,35.4
32,153,52.4
32,155,61.0
32,425,33.9
32,510,29.6
32,520,26.4
32,542,20.6
32,545,51.0
32,554,15.7
32,589,22.5
32,606,74.8
33,3,35.3
33,45,14.2
33,93,19.9
33,155,17.1
33,171,39.9
33,417,17.6
33,494,39.8
33,545,18.6
33,592,19.9
33,601,39.0
34,42,16.6
34,46,17.6
34,61,26.2
34,85,25.4
34,459,31.1
34,501,36.5
34,519,25.4
34,543,17.1
34,545,54.9
34,566,29.0
34,578,35.0
34,600,14.0
34,601,64.2
34,606,42.9
34,623,17.0
34,624,39.2
35,45,127.3
35,50,37.9
35,52,109.1
35,149,36.5
35,184,32.7
35,461,13.6
35,521,36.1
35,552,69.4
35,589,32.1
35,592,35.5
35,606,44.7
37,32,28.6
37,45,64.4
37,46,13.9
37,47,43.6
37,52,45.0
37,147,113.1
37,228,33.4
37,253,20.6
37,415,22.4
37,521,19.1
37,541,17.2
37,545,32.2
37,554,104.5
37,600,32.2
37,601,164.3
38,39,17.9
38,45,27.2
38,47,87.4
38,56,55.4
38,57,29.4
38,90,23.3
38,102,52.7
38,147,38.3
38,223,43.1
38,241,19.4
38,264,18.6
38,291,37.1
38,309,19.0
38,355,31.1
38,417,23.3
38,510,31.6
38,512,22.1
38,513,94.2
38,515,17.5
38,521,56.4
38,542,83.8
38,554,59.5
38,561,43.9
38,601,31.5
38,612,18.1
39,38,17.9
39,45,29.7
39,57,15.1
39,86,17.9
39,91,17.9
39,153,30.2
39,279,17.9
39,510,20.0
39,554,234.6
39,589,94.2
39,592,79.4
39,593,54.4
40,45,62.0
40,58,46.3
40,103,52.7
40,107,17.8
40,153,63.4
40,174,29.8
40,254,132.2
40,357,17.8
40,508,37.9
40,509,37.9
40,521,24.7
40,542,31.5
40,601,11.3
41,43,27.9
41,510,29.7
41,513,15.1
41,589,126.9
41,601,23.1
42,34,16.6
42,57,23.2
42,88,111.2
42,95,32.1
42,119,18.4
42,192,31.3
42,237,20.9
42,522,15.1
42,546,31.1
42,554,90.6
42,592,55.5
42,606,67.5
43,27,23.3
43,41,27.9
43,45,83.4
43,102,39.8
43,145,51.9
43,214,19.3
43,244,22.7
43,271,21.5
43,291,74.0
43,354,40.8
43,366,31.2
43,503,19.4
43,513,32.1
43,521,49.2
43,542,24.1
43,554,64.4
43,601,29.4
43,606,39.8
43,626,25.8
44,45,66.3
44,47,64.0
44,61,21.1
44,84,51.0
44,153,15.4
44,228,63.3
44,510,69.0
44,514,54.7
44,519,25.1
44,542,74.2
44,554,49.0
44,601,31.4
45,32,29.6
45,33,14.2
45,35,127.3
45,37,64.4
45,38,27.2
45,39,29.7
45,40,62.0
45,43,83.4
45,44,66.3
45,46,83.7
45,48,25.6
45,49,59.0
45,50,55.5
45,52,17.0
45,55,30.2
45,60,39.7
45,65,24.7
45,73,31.1
45,76,30.2
45,83,11.7
45,84,17.0
45,88,20.5
45,95,19.7
45,147,36.3
45,154,26.1
45,155,33.0
45,161,29.2
45,242,14.3
45,244,25.9
45,271,31.0
45,303,29.7
45,341,30.5
45,354,14.3
45,357,59.4
45,464,32.7
45,476,31.0
45,499,32.7
45,502,30.0
45,503,14.8
45,506,57.6
45,509,84.6
45,510,54.4
45,512,19.2
45,515,19.9
45,519,24.8
45,521,19.0
45,522,39.9
45,542,110.3
45,554,225.0
45,555,34.4
45,592,126.8
45,593,27.1
45,600,30.7
45,601,46.1
45,613,47.1
45,617,18.1
45,623,29.9
46,34,17.6
46,37,13.9
46,45,83.7
46,52,92.2
46,60,39.7
46,85,54.8
46,103,41.5
46,147,17.1
46,155,95.8
46,240,34.3
46,307,28.5
46,345,32.8
46,496,17.4
46,497,16.2
46,513,15.8
46,514,19.4
46,522,23.3
46,589,16.6
46,592,19.4
46,601,73.8
47,31,28.2
47,37,43.6
47,38,87.4
47,44,64.0
47,52,84.2
47,60,35.5
47,86,18.2
47,95,41.3
47,107,35.9
47,124,25.4
47,153,18.0
47,155,17.5
47,171,46.6
47,182,12.2
47,308,23.8
47,458,22.6
47,481,31.0
47,503,35.9
47,510,24.1
47,511,12.9
47,514,18.2
47,522,25.8
47,542,20.3
47,552,32.1
47,578,18.5
47,587,35.5
47,589,70.0
47,601,112.4
48,45,25.6
48,52,58.4
48,57,17.6
48,95,28.8
48,149,55.9
48,204,17.6
48,228,57.7
48,369,27.2
48,521,37.3
48,554,59.2
48,592,32.9
48,593,26.0
48,601,65.8
48,624,10.3
49,31,36.4
49,45,59.0
49,53,13.6
49,153,18.0
49,466,46.2
49,492,30.0
49,494,18.5
49,509,45.0
49,522,16.0
49,545,53.7
49,552,18.0
49,600,24.9
49,601,46.2
49,607,58.2
49,617,48.0
50,32,37.9
50,35,37.9
50,45,55.5
50,78,96.1
50,82,31.0
50,88,37.9
50,154,19.0
50,251,15.4
50,349,32.1
50,459,24.8
50,463,24.8
50,510,30.1
50,520,17.5
50,521,19.9
50,542,32.1
50,600,30.7
50,601,84.5
52,31,37.1
52,32,118.2
52,35,109.1
52,37,45.0
52,45,17.0
52,46,92.2
52,47,84.2
52,48,58.4
52,56,131.6
52,57,127.1
52,60,22.6
52,78,28.1
52,84,57.6
52,153,16.3
52,167,28.2
52,228,21.4
52,244,27.8
52,245,139.2
52,311,25.4
52,322,21.7
52,370,14.4
52,387,25.6
52,476,27.9
52,502,22.4
52,510,39.7
52,511,58.7
52,521,54.5
52,522,38.7
52,545,28.4
52,554,37.6
52,556,29.3
52,560,14.4
52,585,19.1
52,590,84.9
52,592,103.5
52,593,208.1
52,599,28.1
52,601,31.6
52,607,29.1
52,626,55.4
53,32,33.8
53,49,13.6
53,161,28.4
53,167,28.8
53,507,11.1
53,510,61.7
53,512,11.1
53,545,23.6
53,554,89.1
53,592,44.6
53,600,11.1
53,601,39.0
53,606,38.4
55,45,30.2
55,56,31.2
55,76,30.2
55,214,32.7
55,441,21.5
55,554,17.0
55,593,43.1
56,38,55.4
56,52,131.6
56,55,31.2
56,58,100.6
56,60,93.2
56,83,21.4
56,86,52.7
56,91,19.4
56,92,64.5
56,103,38.9
56,167,37.1
56,238,29.1
56,240,54.1
56,242,26.8
56,243,62.9
56,251,25.1
56,261,77.6
56,508,73.8
56,510,66.0
56,511,37.5
56,512,22.1
56,513,133.9
56,514,64.5
56,515,32.0
56,521,19.4
56,525,20.1
56,543,77.3
56,546,13.7
56,554,57.5
56,585,36.5
56,600,22.8
56,601,29.1
56,602,260.6
57,32,41.0
57,38,29.4
57,39,15.1
57,42,23.2
57,48,17.6
57,52,127.1
57,84,28.6
57,111,33.3
57,153,45.5
57,219,14.1
57,494,30.0
57,512,11.9
57,514,11.3
57,542,86.6
57,543,32.9
57,548,33.1
57,554,16.7
57,561,28.7
57,601,127.2
58,40,46.3
58,56,100.6
58,61,43.1
58,86,16.0
58,88,31.6
58,102,24.6
58,147,43.1
58,200,34.8
58,239,14.4
58,240,15.1
58,243,31.6
58,254,24.6
58,357,17.5
58,514,18.0
58,531,15.1
58,601,30.5
58,606,65.0
59,60,37.7
59,85,23.9
59,147,21.8
59,247,31.4
59,260,30.3
59,282,27.9
59,512,88.5
59,514,23.5
59,554,43.0
59,585,58.2
59,600,41.3
60,45,39.7
60,46,39.7
60,47,35.5
60,52,22.6
60,56,93.2
60,59,37.7
60,131,24.5
60,196,45.1
60,243,15.2
60,311,16.6
60,499,25.8
60,510,48.1
60,512,53.7
60,513,22.6
60,521,61.1
60,542,79.6
60,545,32.9
60,554,22.6
60,587,35.5
60,592,13.6
60,601,59.6
60,607,21.7
61,34,26.2
61,44,21.1
61,58,43.1
61,62,12.8
61,63,18.5
61,64,60.0
61,65,17.8
61,66,27.3
61,76,29.5
61,80,102.6
61,83,24.4
61,84,62.0
61,85,15.4
61,86,57.4
61,88,31.4
61,91,28.7
61,96,15.1
61,103,32.7
61,124,31.6
61,147,82.7
61,155,72.4
61,198,12.8
61,204,27.7
61,228,19.9
61,242,28.7
61,307,24.7
61,311,22.6
61,355,15.1
61,367,39.7
61,512,76.9
61,514,43.1
61,515,29.8
61,517,54.1
61,542,66.7
61,545,15.1
61,546,29.8
61,554,28.9
61,573,22.4
61,585,24.1
61,601,71.2
61,606,75.5
62,61,12.8
62,86,16.8
62,95,20.4
62,153,23.3
62,155,83.0
62,198,12.8
62,357,19.2
62,514,15.4
62,521,18.7
62,525,14.6
62,547,17.1
63,61,18.5
63,149,15.2
63,512,64.2
63,543,55.4
63,545,58.5
63,578,55.4
63,585,11.9
63,586,26.2
63,601,15.2
63,617,18.3
64,61,60.0
64,66,27.3
64,75,39.1
64,81,55.9
64,82,46.1
64,84,13.5
64,85,28.9
64,113,24.9
64,119,24.9
64,154,26.9
64,164,26.9
64,390,49.2
64,391,22.0
64,494,23.2
64,512,42.1
64,514,51.8
64,519,21.7
64,538,24.8
64,545,10.0
64,554,32.1
64,601,11.1
64,606,63.6
64,624,10.0
65,32,54.9
65,45,24.7
65,61,17.8
65,72,30.7
65,85,37.9
65,95,77.6
65,147,24.7
65,238,31.6
65,272,24.1
65,470,32.0
65,510,36.8
65,513,31.1
65,600,24.4
65,601,34.9
65,606,17.8
66,61,27.3
66,64,27.3
66,95,38.7
66,145,24.4
66,155,32.1
66,282,19.2
66,307,49.3
66,380,19.5
66,476,43.6
66,542,44.5
66,545,47.7
66,546,38.7
66,585,24.4
66,601,19.5
67,82,54.9
67,88,19.2
67,147,23.0
67,153,60.1
67,606,54.9
68,607,40.8
70,86,41.8
70,521,25.1
70,543,31.1
72,65,30.7
72,84,28.7
72,85,19.0
72,228,63.7
72,242,19.3
72,243,35.5
72,250,32.9
72,258,12.8
72,514,28.0
72,554,28.0
72,586,81.2
72,601,63.7
73,26,12.8
73,45,31.1
73,85,37.5
73,250,31.3
73,291,26.1
73,353,58.1
73,473,20.6
73,546,17.5
73,601,51.7
73,606,125.9
74,84,27.2
74,85,25.1
74,90,73.1
74,145,46.1
74,201,20.8
74,228,19.5
74,329,21.6
74,366,31.4
74,504,30.3
74,512,57.3
74,514,27.0
74,543,27.8
74,601,56.0
74,606,40.5
75,64,39.1
75,103,19.1
75,110,15.4
75,234,33.0
75,250,19.8
75,514,26.6
75,541,21.4
75,601,59.0
76,45,30.2
76,55,30.2
76,61,29.5
76,84,14.0
76,102,13.0
76,111,57.4
76,145,24.7
76,147,59.8
76,228,26.9
76,309,28.7
76,512,26.9
76,513,10.0
76,514,14.1
76,521,37.2
76,545,32.7
77,31,23.3
77,84,25.3
77,85,57.1
77,147,14.0
77,237,23.0
77,250,25.1
77,461,30.3
77,512,14.9
77,516,15.3
77,542,64.5
77,545,213.3
77,585,30.8
77,599,19.5
77,600,16.1
77,601,96.3
77,606,93.0
78,50,96.1
78,52,28.1
78,85,26.7
78,155,34.2
78,542,26.7
78,545,43.5
78,585,15.3
78,599,28.1
78,601,14.3
79,90,11.3
79,208,11.7
79,476,12.9
79,521,37.3
79,531,19.1
79,601,30.6
79,606,32.8
80,32,67.8
80,61,102.6
80,86,29.8
80,95,13.6
80,105,12.9
80,204,12.9
80,275,12.9
80,307,16.0
80,459,15.1
80,545,39.0
80,554,38.8
80,598,13.6
81,64,55.9
81,84,27.1
81,85,164.5
81,153,50.8
81,155,68.9
81,259,19.8
81,451,17.1
81,512,12.8
81,542,31.6
81,606,15.8
81,626,27.1
82,50,31.0
82,64,46.1
82,67,54.9
82,84,114.8
82,85,48.0
82,86,46.4
82,92,31.3
82,95,13.0
82,110,39.0
82,147,15.3
82,485,36.2
82,522,24.5
82,545,53.6
82,578,23.5
82,600,23.5
82,601,15.5
82,606,70.3
83,45,11.7
83,56,21.4
83,61,24.4
83,84,56.5
83,85,18.8
83,86,53.2
83,91,56.6
83,96,31.4
83,121,14.3
83,331,15.3
83,514,49.3
83,521,13.6
83,545,31.6
83,554,24.4
84,27,18.6
84,44,51.0
84,45,17.0
84,52,57.6
84,57,28.6
84,61,62.0
84,64,13.5
84,72,28.7
84,74,27.2
84,76,14.0
84,77,25.3
84,81,27.1
84,82,114.8
84,83,56.5
84,85,128.3
84,88,28.8
84,91,30.2
84,93,18.5
84,148,25.0
84,204,27.8
84,242,31.5
84,244,15.4
84,263,18.8
84,471,79.9
84,487,14.8
84,506,27.8
84,512,26.9
84,514,93.5
84,516,24.3
84,545,111.2
84,556,29.5
84,575,42.2
84,601,29.5
85,21,32.7
85,34,25.4
85,46,54.8
85,59,23.9
85,61,15.4
85,64,28.9
85,65,37.9
85,72,19.0
85,73,37.5
85,74,25.1
85,77,57.1
85,78,26.7
85,81,164.5
85,82,48.0
85,83,18.8
85,84,128.3
85,88,31.3
85,92,125.4
85,147,29.8
85,300,38.3
85,323,38.3
85,455,30.1
85,508,21.8
85,512,23.8
85,514,37.0
85,515,79.2
85,532,28.2
85,542,45.0
85,545,59.1
85,554,32.7
85,579,32.1
85,601,31.9
86,24,21.2
86,39,17.9
86,47,18.2
86,56,52.7
86,58,16.0
86,61,57.4
86,62,16.8
86,70,41.8
86,80,29.8
86,82,46.4
86,83,53.2
86,88,153.0
86,91,43.0
86,92,44.7
86,121,39.4
86,143,15.5
86,155,39.9
86,192,11.7
86,242,98.9
86,245,31.6
86,334,25.5
86,436,21.5
86,442,27.2
86,509,27.4
86,513,31.5
86,514,71.4
86,516,33.7
86,517,39.0
86,521,27.7
86,543,52.7
86,545,122.6
86,553,45.0
86,554,45.0
86,578,67.2
86,592,17.9
86,601,16.3
88,24,28.8
88,42,111.2
88,45,20.5
88,50,37.9
88,58,31.6
88,61,31.4
88,67,19.2
88,84,28.8
88,85,31.3
88,86,153.0
88,91,124.9
88,103,12.9
88,145,31.4
88,167,24.1
88,171,21.4
88,204,28.8
88,243,63.1
88,509,50.6
88,512,61.2
88,514,28.8
88,517,148.2
88,519,27.1
88,521,33.7
88,542,40.2
88,554,130.6
88,578,35.6
88,601,46.1
88,602,58.4
88,607,45.9
90,38,23.3
90,74,73.1
90,79,11.3
90,102,97.5
90,155,38.6
90,216,47.4
90,267,39.0
90,455,88.0
90,510,20.6
90,514,52.8
90,551,18.7
90,599,20.6
90,600,26.4
90,601,34.9
90,606,17.6
90,611,14.0
91,39,17.9
91,56,19.4
91,61,28.7
91,83,56.6
91,84,30.2
91,86,43.0
91,88,124.9
91,98,28.0
91,133,15.3
91,154,15.3
91,167,22.1
91,189,15.5
91,242,28.7
91,272,28.3
91,279,17.9
91,312,46.9
91,514,63.6
91,516,21.7
91,554,21.4
92,56,64.5
92,82,31.3
92,85,125.4
92,86,44.7
92,118,14.2
92,183,71.3
92,250,135.7
92,512,37.4
92,514,97.0
92,515,21.5
92,542,32.4
92,601,128.3
93,21,68.4
93,27,16.5
93,33,19.9
93,84,18.5
93,105,18.5
93,153,92.7
93,155,19.3
93,164,14.0
93,279,29.1
93,303,14.4
93,311,12.7
93,337,30.6
93,512,20.2
93,515,19.9
93,542,28.3
93,546,56.9
93,587,19.1
93,598,23.2
93,601,14.0
95,15,47.1
95,30,18.3
95,42,32.1
95,45,19.7
95,47,41.3
95,48,28.8
95,62,20.4
95,65,77.6
95,66,38.7
95,80,13.6
95,82,13.0
95,101,23.8
95,102,39.0
95,103,156.6
95,105,27.2
95,127,15.3
95,131,15.3
95,135,52.2
95,136,67.9
95,142,37.5
95,147,27.8
95,153,20.8
95,154,11.9
95,163,39.0
95,176,94.2
95,180,36.5
95,182,19.8
95,189,27.8
95,190,32.7
95,194,23.5
95,209,36.0
95,218,36.0
95,231,21.1
95,233,21.1
95,234,19.8
95,264,23.2
95,300,55.3
95,309,23.7
95,352,24.8
95,378,14.9
95,380,19.7
95,389,31.7
95,390,22.7
95,394,13.2
95,396,21.2
95,401,17.1
95,411,23.8
95,428,17.1
95,442,55.3
95,446,20.7
95,481,26.9
95,488,23.1
95,496,13.8
95,510,166.3
95,513,29.9
95,514,78.9
95,521,23.2
95,525,15.7
95,542,79.9
95,543,39.2
95,545,76.1
95,546,65.3
95,549,30.0
95,552,18.0
95,553,36.5
95,572,27.2
95,600,40.0
95,601,146.3
95,606,26.1
95,626,27.7
95,632,49.2
96,61,15.1
96,83,31.4
96,99,27.2
96,101,18.6
96,136,30.9
96,145,27.8
96,367,120.0
96,373,15.4
96,459,53.4
96,517,15.1
96,539,20.7
96,545,24.0
96,585,27.8
96,601,62.4
96,606,14.0
98,91,28.0
98,99,33.1
98,105,32.7
98,121,57.0
98,139,27.8
98,153,23.3
98,187,49.0
98,543,51.4
98,578,12.9
98,601,32.7
99,96,27.2
99,98,33.1
99,100,78.9
99,101,53.3
99,102,38.3
99,103,22.8
99,127,29.7
99,132,33.9
99,135,27.0
99,137,102.6
99,139,56.9
99,140,27.2
99,147,57.3
99,150,32.3
99,153,28.3
99,162,31.9
99,204,29.7
99,344,17.3
99,347,33.9
99,464,50.4
99,513,24.2
99,542,47.9
99,553,28.6
99,554,26.9
99,601,52.3
100,28,15.3
100,99,78.9
100,193,13.6
100,204,29.1
100,235,13.6
100,601,25.1
101,95,23.8
101,96,18.6
101,99,53.3
101,103,24.0
101,111,38.0
101,126,17.8
101,147,48.0
101,149,24.6
101,151,25.1
101,153,26.4
101,155,18.6
101,167,45.4
101,206,29.5
101,214,30.8
101,262,45.4
101,263,23.5
101,304,11.3
101,355,40.3
101,432,11.3
101,476,15.3
101,484,20.3
101,505,18.6
101,534,24.4
101,542,28.3
101,587,28.7
101,601,24.6
102,22,13.0
102,27,71.6
102,38,52.7
102,43,39.8
102,58,24.6
102,76,13.0
102,90,97.5
102,95,39.0
102,99,38.3
102,103,28.7
102,124,43.7
102,147,92.4
102,151,27.0
102,153,64.5
102,155,66.8
102,157,29.7
102,163,39.0
102,167,74.7
102,204,28.9
102,205,28.1
102,228,51.0
102,242,31.3
102,249,12.2
102,254,55.3
102,264,29.7
102,271,16.8
102,334,14.4
102,344,30.3
102,353,15.1
102,372,78.5
102,386,16.8
102,387,21.6
102,389,21.6
102,392,32.2
102,421,29.8
102,465,22.2
102,512,32.2
102,527,26.9
102,535,45.6
102,542,33.4
102,556,120.9
102,568,37.8
102,570,11.3
102,584,30.5
102,598,24.5
102,601,29.4
102,606,63.6
103,4,23.3
103,5,13.7
103,10,23.3
103,11,28.7
103,19,21.8
103,29,31.9
103,32,58.1
103,40,52.7
103,46,41.5
103,56,38.9
103,61,32.7
103,75,19.1
103,88,12.9
103,95,156.6
103,99,22.8
103,101,24.0
103,102,28.7
103,105,23.4
103,107,57.6
103,111,32.7
103,112,15.3
103,113,73.2
103,116,18.6
103,118,28.1
103,119,105.1
103,121,74.0
103,124,26.3
103,125,51.5
103,127,26.3
103,130,25.5
103,131,15.5
103,135,36.0
103,136,102.2
103,138,56.5
103,139,40.4
103,145,87.8
103,147,36.0
103,148,16.1
103,154,63.0
103,155,131.8
103,161,17.6
103,162,47.1
103,165,23.6
103,167,23.8
103,171,29.2
103,175,47.3
103,176,28.6
103,178,51.0
103,179,32.2
103,180,32.7
103,181,15.5
103,182,51.9
103,183,84.0
103,186,30.9
103,189,26.8
103,193,65.8
103,195,19.8
103,197,33.5
103,204,31.3
103,205,25.7
103,228,48.5
103,229,17.4
103,242,14.3
103,249,26.2
103,251,78.7
103,254,16.7
103,257,22.7
103,259,32.7
103,263,27.7
103,268,14.1
103,277,26.5
103,279,67.8
103,280,26.5
103,291,27.6
103,304,25.2
103,311,29.5
103,341,12.9
103,344,25.3
103,351,40.1
103,353,17.3
103,354,18.7
103,360,33.2
103,364,16.5
103,386,46.5
103,390,26.8
103,396,32.2
103,404,89.1
103,423,17.9
103,438,25.2
103,452,18.7
103,453,17.3
103,466,40.4
103,476,75.4
103,477,19.4
103,481,62.7
103,485,36.7
103,492,32.2
103,499,37.6
103,502,23.0
103,510,31.8
103,512,17.0
103,513,38.9
103,514,80.0
103,519,53.3
103,520,15.6
103,521,18.0
103,526,26.4
103,534,38.7
103,539,15.5
103,542,136.8
103,544,173.8
103,546,45.9
103,547,47.8
103,551,23.0
103,553,28.9
103,554,30.7
103,556,56.3
103,572,60.0
103,574,19.7
103,577,45.0
103,578,29.4
103,592,21.7
103,598,12.2
103,600,55.3
103,601,60.9
103,602,19.3
103,632,24.4
105,80,12.9
105,93,18.5
105,95,27.2
105,98,32.7
105,103,23.4
105,107,15.3
105,111,54.4
105,113,15.3
105,115,22.6
105,139,15.2
105,140,27.0
105,145,38.1
105,147,61.7
105,156,37.9
105,157,15.3
105,175,21.0
105,178,26.2
105,180,24.5
105,182,26.1
105,183,52.6
105,202,54.4
105,211,21.3
105,224,45.0
105,237,14.9
105,246,18.9
105,247,23.6
105,258,26.1
105,261,24.6
105,360,17.7
105,481,27.4
105,545,27.4
105,567,15.5
105,586,71.2
105,588,32.6
105,601,17.7
105,623,47.0
107,40,17.8
107,47,35.9
107,103,57.6
107,105,15.3
107,111,30.8
107,113,21.2
107,118,20.7
107,124,30.4
107,147,32.7
107,153,26.4
107,195,15.3
107,201,43.5
107,204,32.4
107,206,43.5
107,220,92.5
107,228,31.0
107,239,14.0
107,253,27.1
107,257,60.4
107,264,23.2
107,269,14.2
107,275,32.1
107,290,27.3
107,397,20.1
107,444,22.5
107,503,26.2
107,519,24.9
107,540,47.6
107,542,106.7
107,547,23.8
107,551,30.5
107,600,32.1
107,601,110.1
107,606,51.5
107,623,26.2
110,10,53.9
110,24,24.6
110,29,49.2
110,75,15.4
110,82,39.0
110,111,26.9
110,137,15.7
110,147,15.7
110,180,42.9
110,189,26.8
110,191,41.3
110,192,15.5
110,194,46.9
110,211,20.4
110,213,18.4
110,218,14.2
110,228,20.1
110,241,39.0
110,244,76.8
110,251,21.6
110,256,32.7
110,261,68.3
110,264,59.4
110,270,26.2
110,271,19.9
110,275,13.9
110,412,19.1
110,485,14.4
110,518,33.2
110,539,32.6
110,547,15.4
110,600,17.6
110,601,13.9
111,12,27.2
111,57,33.3
111,76,57.4
111,101,38.0
111,103,32.7
111,105,54.4
111,107,30.8
111,110,26.9
111,116,53.3
111,118,38.4
111,123,61.7
111,145,15.7
111,147,32.9
111,167,53.3
111,169,22.8
111,171,35.6
111,172,20.8
111,194,15.4
111,204,68.3
111,220,30.8
111,224,14.4
111,258,37.6
111,309,28.7
111,481,29.7
111,487,29.7
111,523,18.0
111,542,48.5
111,547,15.2
111,554,22.8
111,593,33.7
112,103,15.3
112,113,52.4
112,119,23.3
112,135,15.4
112,155,23.4
112,167,23.6
112,168,64.0
112,192,16.6
112,194,23.3
112,196,43.6
112,198,26.2
112,201,57.9
112,204,131.1
112,206,15.3
112,210,36.8
112,242,10.0
112,280,42.0
112,292,36.8
112,345,30.1
112,412,39.7
112,539,26.1
112,545,39.7
112,561,77.2
112,585,23.4
112,588,91.4
112,601,26.1
112,606,41.7
112,626,30.4
113,10,64.6
113,64,24.9
113,103,73.2
113,105,15.3
113,107,21.2
113,112,52.4
113,114,24.9
113,118,24.9
113,119,23.7
113,147,23.4
113,150,24.6
113,155,29.7
113,165,17.2
113,167,48.6
113,171,53.3
113,187,73.2
113,189,17.2
113,190,26.2
113,192,40.8
113,194,67.5
113,205,120.8
113,248,103.0
113,256,32.7
113,258,30.1
113,259,17.2
113,427,23.4
113,519,21.0
113,542,24.0
113,545,15.0
113,600,24.9
113,601,162.6
114,113,24.9
114,118,24.9
114,121,16.3
114,139,26.8
114,209,15.3
114,247,15.5
114,257,26.2
114,264,26.8
114,307,15.5
114,341,59.6
114,568,12.2
115,105,22.6
115,165,27.1
115,171,24.7
115,182,16.3
115,192,39.9
115,193,30.6
115,197,37.8
115,299,22.6
115,388,23.1
115,434,22.3
115,543,23.6
115,626,23.7
116,103,18.6
116,111,53.3
116,154,53.3
116,166,27.1
116,169,30.8
116,178,26.2
116,187,14.9
116,192,25.4
116,203,21.6
116,385,17.6
116,484,46.0
116,538,21.6
116,600,15.3
116,612,46.0
117,167,28.3
117,193,27.4
117,199,12.6
117,260,28.3
117,349,25.1
117,569,24.1
117,601,24.1
117,631,22.8
118,92,14.2
118,103,28.1
118,107,20.7
118,111,38.4
118,113,24.9
118,114,24.9
118,119,23.3
118,121,56.3
118,123,27.8
118,161,18.1
118,166,69.3
118,167,38.3
118,171,29.3
118,172,25.6
118,180,18.1
118,183,23.5
118,192,23.3
118,223,24.9
118,268,17.2
118,270,23.4
118,415,31.8
118,545,29.3
118,585,31.8
118,601,25.6
119,42,18.4
119,64,24.9
119,103,105.1
119,112,23.3
119,113,23.7
119,118,23.3
119,127,27.2
119,153,74.0
119,155,22.4
119,171,15.3
119,269,65.9
119,307,20.7
119,493,15.3
119,499,25.5
119,528,26.7
119,538,27.2
119,543,26.4
119,556,33.8
119,568,22.4
119,576,14.3
119,586,21.3
119,600,51.7
119,601,108.0
121,22,29.0
121,83,14.3
121,86,39.4
121,98,57.0
121,103,74.0
121,114,16.3
121,118,56.3
121,123,49.1
121,124,15.6
121,134,23.4
121,135,41.4
121,136,26.7
121,147,181.5
121,151,19.7
121,153,26.9
121,155,18.9
121,156,53.4
121,161,28.6
121,165,23.6
121,183,17.3
121,192,31.6
121,199,23.1
121,224,78.9
121,228,51.9
121,259,40.2
121,261,48.5
121,282,15.3
121,283,31.1
121,366,27.0
121,368,14.9
121,385,28.8
121,440,24.7
121,447,20.1
121,455,26.7
121,516,47.8
121,517,132.8
121,546,15.3
121,561,24.7
121,568,69.2
121,584,30.5
121,585,23.4
121,586,15.3
121,587,55.3
121,600,15.0
121,601,92.6
121,606,14.2
121,631,22.8
123,111,61.7
123,118,27.8
123,121,49.1
123,124,15.6
123,145,31.6
123,147,32.7
123,151,15.5
123,154,68.6
123,165,52.5
123,169,14.0
123,183,17.3
123,268,23.2
123,545,21.7
123,586,24.7
123,600,46.1
123,601,32.7
124,47,25.4
124,61,31.6
124,102,43.7
124,103,26.3
124,107,30.4
124,121,15.6
124,123,15.6
124,127,59.1
124,131,17.8
124,134,78.9
124,136,16.1
124,153,48.2
124,154,27.4
124,155,17.7
124,165,26.3
124,167,15.6
124,182,88.8
124,193,29.9
124,195,68.1
124,196,14.4
124,204,17.8
124,234,19.8
124,248,85.5
124,269,33.5
124,282,30.5
124,291,17.9
124,320,28.0
124,361,16.7
124,454,28.0
124,471,16.2
124,538,49.3
124,540,12.8
124,577,26.3
124,585,58.4
124,601,32.4
124,606,16.7
125,103,51.5
125,135,35.3
125,146,26.3
125,147,39.6
125,165,16.1
125,272,22.9
125,464,32.7
125,499,32.7
125,601,44.2
126,101,17.8
126,147,37.6
126,155,25.3
126,167,46.5
126,216,46.4
126,236,80.7
126,444,36.8
127,95,15.3
127,99,29.7
127,103,26.3
127,119,27.2
127,124,59.1
127,147,12.8
127,165,28.7
127,167,15.9
127,182,70.5
127,205,23.7
127,214,73.6
127,260,52.3
127,261,52.3
127,279,29.5
127,307,20.9
127,538,27.2
127,540,12.8
127,542,46.4
127,543,17.8
127,585,15.3
127,587,12.8
130,103,25.5
130,147,26.2
130,153,50.1
130,154,31.1
130,165,31.1
130,186,15.5
130,260,18.3
130,514,50.1
130,588,23.1
131,60,24.5
131,95,15.3
131,103,15.5
131,124,17.8
131,147,31.9
131,151,31.3
131,248,29.9
131,601,34.2
132,99,33.9
132,153,38.9
132,167,130.1
132,347,33.9
132,538,151.5
132,542,22.8
132,545,17.2
132,585,17.2
132,601,58.1
132,606,29.2
133,91,15.3
133,154,15.3
133,161,24.9
133,167,13.9
133,538,27.0
133,546,25.9
134,121,23.4
134,124,78.9
134,182,68.6
134,514,64.1
134,542,32.3
135,95,52.2
135,99,27.0
135,103,36.0
135,112,15.4
135,121,41.4
135,125,35.3
135,147,15.4
135,154,15.4
135,155,15.3
135,161,47.3
135,167,12.8
135,187,30.5
135,189,30.5
135,219,84.6
135,264,25.1
135,445,22.2
135,448,15.4
135,601,45.9
136,95,67.9
136,96,30.9
136,103,102.2
136,121,26.7
136,124,16.1
136,147,39.8
136,153,68.8
136,154,30.3
136,161,32.0
136,167,23.4
136,182,81.4
136,184,36.4
136,214,14.3
136,293,32.0
136,309,32.1
136,349,25.9
136,359,17.0
136,373,15.4
136,415,34.3
136,542,102.5
136,543,64.2
136,545,14.2
136,554,49.7
136,561,14.0
136,588,44.2
136,601,64.2
136,610,35.2
137,99,102.6
137,110,15.7
137,138,35.4
137,146,23.7
137,147,49.1
137,148,15.7
137,153,26.4
137,200,21.1
137,228,26.3
137,233,44.2
137,278,34.2
137,464,50.4
137,601,137.1
137,624,50.5
137,626,75.0
138,103,56.5
138,137,35.4
138,147,23.4
138,153,15.3
138,154,17.6
138,286,15.3
138,311,29.5
138,357,23.3
138,362,29.7
138,551,26.1
138,561,15.1
138,601,82.7
139,98,27.8
139,99,56.9
139,103,40.4
139,105,15.2
139,114,26.8
139,155,35.3
139,171,26.8
139,186,13.9
139,488,15.2
139,542,15.3
139,588,52.7
140,99,27.2
140,105,27.0
140,145,76.0
140,165,27.0
140,334,46.4
140,456,32.9
140,538,26.5
140,601,51.8
141,145,32.7
141,147,63.3
141,154,30.8
141,167,44.8
141,183,32.6
141,194,26.8
141,309,15.5
141,354,69.9
141,368,28.6
141,448,52.4
141,542,24.9
141,587,14.4
142,95,37.5
142,143,113.9
142,145,12.9
142,153,25.6
142,154,20.7
142,155,69.6
142,204,26.4
142,264,14.2
142,282,13.3
142,310,30.9
142,459,66.4
142,481,23.5
142,542,57.0
142,600,18.0
143,86,15.5
143,142,113.9
143,145,100.2
143,146,196.8
143,147,43.6
143,149,32.6
143,153,57.6
143,155,43.5
143,223,12.0
143,228,24.6
143,304,17.6
143,354,26.8
143,542,34.2
143,601,47.0
144,147,47.5
144,153,33.4
144,496,17.8
144,542,32.1
144,585,28.3
144,601,16.1
145,4,18.6
145,10,14.4
145,43,51.9
145,66,24.4
145,74,46.1
145,76,24.7
145,88,31.4
145,96,27.8
145,103,87.8
145,105,38.1
145,111,15.7
145,123,31.6
145,140,76.0
145,141,32.7
145,142,12.9
145,143,100.2
145,147,200.4
145,153,36.2
145,154,35.3
145,155,126.2
145,156,26.4
145,193,15.3
145,196,45.0
145,202,26.8
145,204,14.1
145,209,26.8
145,216,20.5
145,259,26.2
145,261,33.1
145,269,30.5
145,272,14.6
145,279,91.7
145,282,91.7
145,291,26.7
145,338,24.7
145,341,15.1
145,349,59.7
145,353,26.7
145,368,46.8
145,382,23.0
145,389,27.7
145,397,45.7
145,401,28.1
145,410,18.1
145,427,23.4
145,432,36.2
145,447,20.1
145,452,24.9
145,455,61.7
145,467,30.0
145,476,16.7
145,477,20.8
145,482,31.6
145,513,11.3
145,521,37.0
145,522,34.2
145,526,55.0
145,535,14.6
145,542,101.8
145,543,27.0
145,545,16.9
145,549,22.9
145,553,45.0
145,554,26.7
145,567,46.4
145,577,26.3
145,586,49.1
145,587,26.3
145,588,58.4
145,597,27.3
145,599,25.2
145,600,14.8
145,601,155.1
145,606,28.4
145,617,28.6
145,623,37.0
145,626,28.1
145,629,14.9
146,125,26.3
146,137,23.7
146,143,196.8
146,147,150.6
146,154,58.3
146,155,15.6
146,167,147.4
146,182,26.9
146,240,34.0
146,279,26.2
146,291,22.8
146,307,72.8
146,351,29.2
146,365,51.9
146,417,45.8
146,459,23.7
146,542,196.5
146,585,26.2
146,600,24.0
146,601,76.2
147,6,28.6
147,10,12.7
147,11,34.8
147,19,20.5
147,21,29.8
147,31,28.8
147,32,35.4
147,37,113.1
147,38,38.3
147,45,36.3
147,46,17.1
147,58,43.1
147,59,21.8
147,61,82.7
147,65,24.7
147,67,23.0
147,76,59.8
147,77,14.0
147,82,15.3
147,85,29.8
147,95,27.8
147,99,57.3
147,101,48.0
147,102,92.4
147,103,36.0
147,105,61.7
147,107,32.7
147,110,15.7
147,111,32.9
147,113,23.4
147,121,181.5
147,123,32.7
147,125,39.6
147,126,37.6
147,127,12.8
147,130,26.2
147,131,31.9
147,135,15.4
147,136,39.8
147,137,49.1
147,138,23.4
147,141,63.3
147,143,43.6
147,144,47.5
147,145,200.4
147,146,150.6
147,148,15.7
147,149,99.7
147,150,23.6
147,151,23.2
147,152,29.4
147,153,90.2
147,154,160.3
147,155,330.1
147,156,26.4
147,157,34.0
147,159,30.8
147,161,29.2
147,162,36.1
147,166,34.0
147,168,16.2
147,180,24.5
147,182,36.5
147,183,55.4
147,185,36.5
147,189,27.8
147,192,23.3
147,194,17.2
147,198,15.5
147,201,60.8
147,203,18.2
147,204,28.9
147,209,32.2
147,210,31.4
147,214,139.2
147,215,32.8
147,221,30.6
147,224,23.6
147,227,21.9
147,228,55.6
147,242,20.1
147,249,12.2
147,251,22.4
147,254,61.0
147,260,35.2
147,261,24.6
147,262,23.4
147,263,51.7
147,267,14.2
147,268,14.0
147,269,67.2
147,271,47.0
147,275,228.8
147,277,37.1
147,280,93.1
147,281,58.5
147,282,64.3
147,283,59.4
147,284,61.6
147,286,14.2
147,292,14.8
147,293,83.8
147,294,91.5
147,297,37.4
147,299,26.1
147,303,42.0
147,304,59.4
147,307,45.3
147,308,23.7
147,309,55.9
147,312,23.3
147,313,67.0
147,317,27.7
147,329,118.8
147,331,16.5
147,337,30.6
147,346,33.7
147,347,20.8
147,351,27.8
147,354,37.4
147,357,26.0
147,358,35.6
147,364,35.7
147,368,31.9
147,372,64.1
147,384,37.4
147,386,30.1
147,389,39.5
147,390,53.7
147,391,27.9
147,396,17.8
147,408,33.2
147,412,37.4
147,422,38.6
147,424,59.9
147,425,40.1
147,426,29.0
147,427,40.0
147,430,19.1
147,434,28.6
147,435,46.0
147,440,23.3
147,445,39.5
147,446,37.4
147,450,61.6
147,451,49.9
147,453,21.8
147,457,17.9
147,459,40.8
147,461,12.7
147,463,22.5
147,469,17.9
147,473,28.7
147,476,68.9
147,479,23.7
147,481,19.5
147,484,15.4
147,485,30.0
147,493,21.5
147,496,22.7
147,502,43.3
147,503,22.9
147,508,36.9
147,513,21.9
147,514,55.9
147,515,43.3
147,517,14.4
147,520,22.3
147,521,54.7
147,525,27.7
147,529,26.0
147,532,92.0
147,534,35.7
147,535,23.7
147,536,67.6
147,538,30.1
147,539,15.3
147,540,18.7
147,542,114.7
147,543,43.3
147,545,87.4
147,548,51.3
147,551,48.0
147,556,62.5
147,561,37.4
147,572,26.1
147,576,32.3
147,577,32.3
147,578,61.4
147,580,22.4
147,584,61.1
147,585,116.8
147,586,81.7
147,587,42.0
147,588,54.7
147,596,24.1
147,598,42.0
147,600,65.4
147,601,320.0
147,606,15.8
147,611,20.4
147,614,22.7
147,615,19.8
147,617,84.7
147,623,40.0
147,625,26.1
147,626,163.1
147,631,26.3
148,28,15.4
148,84,25.0
148,103,16.1
148,137,15.7
148,147,15.7
148,153,51.1
148,154,41.6
148,155,33.0
148,156,17.3
148,270,32.3
148,295,26.6
148,308,17.2
148,309,24.9
148,311,15.5
148,344,17.3
148,370,31.8
148,396,33.0
148,512,16.5
148,538,23.6
148,540,15.4
148,542,53.6
148,543,25.5
148,548,21.4
148,579,71.7
148,600,11.2
148,601,68.5
149,11,16.0
149,35,36.5
149,48,55.9
149,63,15.2
149,101,24.6
149,143,32.6
149,147,99.7
149,153,32.6
149,154,123.8
149,155,15.5
149,206,102.6
149,234,43.5
149,246,26.7
149,260,33.8
149,265,17.6
149,275,26.6
149,284,15.6
149,304,17.6
149,313,17.5
149,359,19.4
149,411,31.7
149,466,17.6
149,531,15.3
149,532,34.5
149,538,15.5
149,542,123.7
149,545,15.2
149,578,22.3
149,589,32.4
149,594,45.3
149,601,123.4
149,606,15.5
149,617,19.7
149,626,32.3
150,99,32.3
150,113,24.6
150,147,23.6
150,153,19.6
150,154,14.2
150,160,54.9
150,171,19.6
150,198,19.6
150,256,31.1
150,264,59.4
150,450,22.9
150,472,28.8
150,473,27.8
150,512,34.3
150,552,14.0
150,578,14.0
150,585,27.1
150,601,14.2
151,11,21.6
151,101,25.1
151,102,27.0
151,121,19.7
151,123,15.5
151,131,31.3
151,147,23.2
151,153,41.5
151,159,36.8
151,167,40.7
151,234,24.0
151,499,25.7
151,542,27.4
151,586,24.0
151,624,54.9
152,147,29.4
152,192,26.3
152,264,22.6
152,307,29.4
152,349,34.0
152,487,23.4
152,538,26.2
153,3,27.8
153,11,18.7
153,13,31.9
153,15,30.4
153,21,44.9
153,22,108.3
153,24,64.3
153,32,52.4
153,39,30.2
153,40,63.4
153,44,15.4
153,47,18.0
153,49,18.0
153,52,16.3
153,57,45.5
153,62,23.3
153,67,60.1
153,81,50.8
153,93,92.7
153,95,20.8
153,98,23.3
153,99,28.3
153,101,26.4
153,102,64.5
153,107,26.4
153,119,74.0
153,121,26.9
153,124,48.2
153,130,50.1
153,132,38.9
153,136,68.8
153,137,26.4
153,138,15.3
153,142,25.6
153,143,57.6
153,144,33.4
153,145,36.2
153,147,90.2
153,148,51.1
153,149,32.6
153,150,19.6
153,151,41.5
153,154,185.1
153,155,72.7
153,163,28.4
153,165,28.4
153,166,104.7
153,167,90.2
153,171,60.5
153,176,25.7
153,182,25.7
153,190,25.7
153,192,25.1
153,200,44.7
153,204,30.6
153,210,42.9
153,211,32.9
153,215,42.9
153,218,56.4
153,220,18.7
153,225,31.1
153,228,112.0
153,231,57.7
153,234,124.9
153,238,18.5
153,239,67.5
153,244,19.4
153,246,18.0
153,252,18.7
153,253,15.8
153,256,29.5
153,260,28.3
153,261,57.7
153,264,46.4
153,265,15.4
153,266,29.5
153,267,14.9
153,269,26.4
153,270,94.9
153,271,48.7
153,273,31.2
153,283,34.5
153,284,31.2
153,287,16.6
153,288,54.9
153,291,21.7
153,292,42.0
153,303,27.7
153,304,173.5
153,313,24.9
153,314,24.2
153,320,89.5
153,321,26.7
153,325,26.8
153,339,33.6
153,342,34.5
153,344,75.7
153,352,18.7
153,354,16.0
153,359,92.6
153,360,30.4
153,362,55.7
153,366,20.8
153,368,13.8
153,369,26.3
153,370,210.3
153,382,76.3
153,383,55.5
153,391,27.9
153,395,50.1
153,405,16.3
153,409,30.9
153,411,27.6
153,413,50.8
153,415,18.3
153,422,27.4
153,424,36.4
153,425,32.0
153,426,22.1
153,428,20.0
153,430,36.1
153,432,22.5
153,434,95.8
153,437,72.0
153,438,49.2
153,444,30.0
153,449,45.2
153,450,81.4
153,451,68.0
153,456,27.7
153,457,35.0
153,461,26.3
153,463,18.7
153,465,13.6
153,476,23.4
153,477,49.6
153,478,18.5
153,480,40.0
153,481,76.8
153,482,27.2
153,484,71.8
153,486,43.7
153,495,27.2
153,496,19.5
153,507,19.2
153,509,54.1
153,510,27.1
153,513,59.5
153,520,45.1
153,522,42.7
153,528,57.6
153,535,23.2
153,541,32.1
153,542,127.4
153,545,93.5
153,548,125.0
153,550,55.9
153,551,23.0
153,552,70.5
153,561,34.1
153,567,46.4
153,568,20.8
153,570,24.7
153,571,15.7
153,572,45.4
153,573,22.8
153,574,22.3
153,576,44.3
153,577,52.4
153,578,29.0
153,579,15.1
153,585,54.9
153,586,93.1
153,587,139.6
153,588,36.1
153,595,27.9
153,597,23.2
153,598,25.0
153,599,15.6
153,600,13.6
153,601,247.7
153,605,25.2
153,606,24.1
153,607,26.8
153,613,49.7
153,614,50.6
153,615,13.7
153,626,32.1
153,627,29.2
153,632,54.0
154,4,12.6
154,45,26.1
154,50,19.0
154,64,26.9
154,91,15.3
154,95,11.9
154,103,63.0
154,116,53.3
154,123,68.6
154,124,27.4
154,130,31.1
154,133,15.3
154,135,15.4
154,136,30.3
154,138,17.6
154,141,30.8
154,142,20.7
154,145,35.3
154,146,58.3
154,147,160.3
154,148,41.6
154,149,123.8
154,150,14.2
154,153,185.1
154,155,60.2
154,156,23.5
154,161,40.5
154,165,55.6
154,167,84.2
154,171,34.1
154,178,30.1
154,192,23.3
154,197,26.7
154,210,49.0
154,222,33.7
154,260,33.8
154,263,28.3
154,264,34.9
154,267,65.3
154,269,45.8
154,270,26.3
154,271,24.0
154,275,109.2
154,282,23.3
154,291,45.8
154,297,13.6
154,308,21.9
154,309,15.6
154,311,15.5
154,314,43.5
154,318,17.5
154,323,15.7
154,345,26.9
154,440,16.9
154,446,16.9
154,451,68.5
154,473,36.1
154,476,26.5
154,517,14.4
154,538,111.8
154,539,19.8
154,542,210.1
154,551,21.9
154,575,24.5
154,586,59.7
154,587,77.2
154,588,55.9
154,599,22.9
154,601,58.9
154,631,12.2
155,4,27.9
155,20,14.6
155,31,28.8
155,32,61.0
155,33,17.1
155,45,33.0
155,46,95.8
155,47,17.5
155,61,72.4
155,62,83.0
155,66,32.1
155,78,34.2
155,81,68.9
155,86,39.9
155,90,38.6
155,93,19.3
155,101,18.6
155,102,66.8
155,103,131.8
155,112,23.4
155,113,29.7
155,119,22.4
155,121,18.9
155,124,17.7
155,126,25.3
155,135,15.3
155,139,35.3
155,142,69.6
155,143,43.5
155,145,126.2
155,146,15.6
155,147,330.1
155,148,33.0
155,149,15.5
155,153,72.7
155,154,60.2
155,158,35.5
155,159,26.7
155,164,29.5
155,165,24.5
155,167,273.0
155,172,50.3
155,174,37.1
155,178,55.4
155,183,49.1
155,191,23.6
155,192,37.3
155,193,33.3
155,196,19.3
155,198,22.7
155,209,31.1
155,226,20.2
155,233,18.0
155,235,109.8
155,251,34.1
155,254,46.4
155,257,27.1
155,265,20.7
155,266,37.5
155,268,35.5
155,270,143.0
155,271,43.6
155,272,69.1
155,273,35.3
155,275,87.8
155,279,24.9
155,280,41.2
155,282,57.7
155,284,35.3
155,287,66.8
155,291,19.9
155,293,34.9
155,294,37.6
155,300,24.5
155,304,38.7
155,307,127.9
155,309,91.2
155,311,35.1
155,314,43.5
155,317,19.7
155,320,47.9
155,321,59.0
155,342,59.6
155,344,22.6
155,345,17.5
155,352,20.1
155,353,55.1
155,356,13.8
155,358,35.6
155,359,13.9
155,360,16.8
155,361,15.2
155,366,31.2
155,368,40.7
155,369,111.9
155,370,50.5
155,373,19.0
155,378,15.1
155,380,73.3
155,392,24.0
155,393,42.8
155,396,33.0
155,397,67.6
155,408,20.8
155,410,22.6
155,413,54.3
155,432,77.2
155,434,41.7
155,435,45.7
155,437,16.4
155,438,25.6
155,442,44.4
155,444,49.3
155,448,24.9
155,449,23.0
155,450,88.3
155,452,33.1
155,453,16.3
155,455,32.0
155,456,57.2
155,457,51.8
155,458,25.3
155,459,48.1
155,463,33.8
155,476,59.4
155,477,25.3
155,478,18.5
155,480,53.2
155,481,48.5
155,482,66.2
155,484,48.2
155,485,23.5
155,486,57.7
155,487,17.1
155,493,27.5
155,505,18.6
155,507,40.0
155,510,19.5
155,511,21.9
155,512,19.4
155,516,42.5
155,520,54.6
155,522,19.4
155,523,67.1
155,525,14.3
155,531,31.1
155,532,101.0
155,534,38.7
155,542,173.8
155,545,66.2
155,546,30.0
155,547,56.1
155,548,49.0
155,549,58.5
155,551,38.5
155,552,64.3
155,556,77.8
155,561,29.2
155,568,62.2
155,569,20.6
155,570,22.7
155,571,15.7
155,572,46.9
155,573,20.8
155,574,18.3
155,575,35.6
155,577,23.8
155,579,17.1
155,580,33.8
155,585,153.6
155,586,49.1
155,587,46.0
155,595,55.1
155,599,22.7
155,600,75.3
155,601,247.2
155,602,47.9
155,605,25.2
155,609,26.7
155,611,27.4
155,612,38.5
155,615,31.1
155,617,31.8
155,623,20.8
155,624,48.6
155,626,46.7
155,629,13.5
156,105,37.9
156,121,53.4
156,145,26.4
156,147,26.4
156,148,17.3
156,154,23.5
156,198,19.8
156,228,46.1
156,268,23.2
156,280,25.0
156,282,23.3
156,542,28.3
156,586,24.6
156,600,72.0
156,601,49.8
156,623,26.3
157,102,29.7
157,105,15.3
157,147,34.0
157,234,43.7
157,264,87.0
157,270,67.9
157,578,15.4
157,601,34.0
158,155,35.5
158,160,34.1
158,165,27.1
158,167,53.4
158,263,33.9
158,264,25.1
158,423,35.2
158,496,16.1
158,510,17.8
159,147,30.8
159,151,36.8
159,155,26.7
159,307,36.8
160,150,54.9
160,158,34.1
160,165,23.3
160,264,95.1
160,271,30.1
160,601,55.0
161,45,29.2
161,53,28.4
161,103,17.6
161,118,18.1
161,121,28.6
161,133,24.9
161,135,47.3
161,136,32.0
161,147,29.2
161,154,40.5
161,165,59.7
161,166,23.6
161,167,31.9
161,178,51.0
161,179,32.9
161,180,32.3
161,181,23.5
161,183,39.9
161,184,11.8
161,190,30.1
161,248,20.0
161,283,54.0
161,293,32.0
161,318,33.9
161,368,36.8
161,381,38.6
161,397,30.9
161,456,33.9
161,459,31.9
161,538,37.5
161,542,72.9
161,556,17.6
161,578,12.2
161,586,36.8
161,587,97.0
161,588,107.3
161,599,33.8
161,600,25.5
161,601,46.1
161,611,22.4
161,617,16.2
161,624,52.7
162,99,31.9
162,103,47.1
162,147,36.1
162,167,86.4
162,193,23.3
162,204,27.1
162,307,32.6
163,95,39.0
163,102,39.0
163,153,28.4
163,165,28.4
163,167,17.9
163,182,17.9
163,499,15.5
163,601,35.6
164,64,26.9
164,93,14.0
164,155,29.5
164,206,77.3
164,538,26.9
164,542,40.9
164,585,44.2
164,600,111.0
164,601,45.6
165,103,23.6
165,113,17.2
165,115,27.1
165,121,23.6
165,123,52.5
165,124,26.3
165,125,16.1
165,127,28.7
165,130,31.1
165,140,27.0
165,153,28.4
165,154,55.6
165,155,24.5
165,158,27.1
165,160,23.3
165,161,59.7
165,163,28.4
165,167,236.3
165,168,43.8
165,169,91.2
165,171,64.9
165,172,54.5
165,174,32.7
165,175,114.8
165,176,23.0
165,178,155.4
165,179,65.5
165,180,55.9
165,259,48.6
165,261,24.9
165,263,27.1
165,264,30.5
165,266,17.2
165,267,40.4
165,269,52.0
165,284,18.7
165,291,15.5
165,311,35.1
165,347,43.5
165,355,23.2
165,496,33.3
165,532,20.1
165,542,24.9
165,561,33.3
165,598,27.1
165,601,23.6
165,629,15.8
166,116,27.1
166,118,69.3
166,147,34.0
166,153,104.7
166,161,23.6
166,167,137.6
166,260,32.6
166,520,54.8
166,542,69.0
166,585,44.3
166,606,24.6
167,19,34.1
167,25,30.5
167,52,28.2
167,53,28.8
167,56,37.1
167,88,24.1
167,91,22.1
167,101,45.4
167,102,74.7
167,103,23.8
167,111,53.3
167,112,23.6
167,113,48.6
167,117,28.3
167,118,38.3
167,124,15.6
167,126,46.5
167,127,15.9
167,132,130.1
167,133,13.9
167,135,12.8
167,136,23.4
167,141,44.8
167,146,147.4
167,151,40.7
167,153,90.2
167,154,84.2
167,155,273.0
167,158,53.4
167,161,31.9
167,162,86.4
167,163,17.9
167,165,236.3
167,166,137.6
167,168,55.9
167,169,99.3
167,170,148.3
167,171,99.9
167,172,89.0
167,175,152.5
167,176,234.2
167,178,73.2
167,179,47.2
167,180,48.2
167,182,19.8
167,189,15.6
167,197,99.8
167,204,23.8
167,219,30.3
167,228,43.5
167,256,27.1
167,261,64.4
167,262,77.6
167,263,33.9
167,264,18.2
167,265,24.9
167,266,44.3
167,267,29.1
167,269,30.9
167,270,34.1
167,271,25.3
167,273,15.5
167,275,23.7
167,277,71.0
167,291,17.9
167,297,23.2
167,352,50.8
167,354,26.1
167,364,12.2
167,389,27.1
167,397,23.5
167,405,17.8
167,441,31.9
167,442,40.7
167,470,13.8
167,477,13.4
167,481,23.8
167,484,37.4
167,494,20.9
167,498,22.6
167,499,58.1
167,509,24.1
167,510,28.8
167,532,76.3
167,538,40.7
167,542,29.5
167,547,46.1
167,550,17.8
167,586,26.3
167,588,19.2
167,601,18.1
167,606,9.9
167,614,23.8
168,112,64.0
168,147,16.2
168,165,43.8
168,167,55.9
168,171,23.6
168,193,34.3
168,204,28.1
168,206,26.8
168,228,29.7
168,259,30.5
168,271,24.2
168,277,23.5
168,291,40.4
168,329,32.7
168,347,29.7
168,521,18.4
168,551,23.1
168,555,18.4
168,585,24.9
168,598,14.3
168,601,29.7
169,31,13.7
169,111,22.8
169,116,30.8
169,123,14.0
169,165,91.2
169,167,99.3
169,172,29.7
169,245,24.9
169,260,24.5
169,270,14.7
169,554,79.7
170,167,148.3
170,186,15.5
170,345,18.6
170,626,29.9
171,24,19.4
171,33,39.9
171,47,46.6
171,88,21.4
171,103,29.2
171,111,35.6
171,113,53.3
171,115,24.7
171,118,29.3
171,119,15.3
171,139,26.8
171,150,19.6
171,153,60.5
171,154,34.1
171,165,64.9
171,167,99.9
171,168,23.6
171,172,54.2
171,180,18.1
171,181,44.3
171,191,18.6
171,196,22.7
171,198,55.1
171,203,37.3
171,204,29.5
171,205,60.0
171,206,19.4
171,228,13.9
171,233,39.4
171,246,20.0
171,248,75.6
171,250,19.4
171,253,22.3
171,260,25.9
171,265,12.4
171,266,34.8
171,272,22.9
171,284,38.7
171,396,29.3
171,421,29.8
171,423,29.8
171,498,22.6
171,510,19.5
171,518,16.4
171,520,36.0
171,542,28.0
171,547,43.9
171,561,29.0
171,567,29.0
171,585,19.5
171,601,25.3
171,624,37.8
172,111,20.8
172,118,25.6
172,155,50.3
172,165,54.5
172,167,89.0
172,169,29.7
172,171,54.2
172,183,26.3
172,194,15.3
172,223,24.9
172,228,57.1
172,261,28.8
172,264,17.3
172,270,27.2
172,292,58.2
172,354,19.8
172,601,25.6
174,40,29.8
174,155,37.1
174,165,32.7
174,190,16.9
174,193,15.3
174,195,14.2
174,345,47.0
174,502,14.5
174,513,11.3
174,598,33.1
174,601,45.8
175,103,47.3
175,105,21.0
175,165,114.8
175,167,152.5
175,190,24.6
175,355,21.0
175,499,74.7
175,542,43.2
175,585,79.4
175,600,21.0
176,95,94.2
176,103,28.6
176,153,25.7
176,165,23.0
176,167,234.2
176,184,55.5
176,204,34.1
176,277,27.2
176,294,25.6
176,494,35.5
176,578,41.7
178,103,51.0
178,105,26.2
178,116,26.2
178,154,30.1
178,155,55.4
178,161,51.0
178,165,155.4
178,167,73.2
178,348,26.1
178,355,30.1
178,368,26.9
179,103,32.2
179,161,32.9
179,165,65.5
179,167,47.2
179,204,34.8
179,584,32.2
179,600,24.3
179,601,32.7
179,626,17.8
180,95,36.5
180,103,32.7
180,105,24.5
180,110,42.9
180,118,18.1
180,147,24.5
180,161,32.3
180,165,55.9
180,167,48.2
180,171,18.1
180,182,28.1
180,184,56.8
180,282,26.2
180,550,73.9
180,600,17.2
180,601,17.2
181,103,15.5
181,161,23.5
181,171,44.3
181,204,23.6
181,264,50.7
181,521,36.0
181,543,60.4
181,545,23.5
182,47,12.2
182,95,19.8
182,103,51.9
182,105,26.1
182,115,16.3
182,124,88.8
182,127,70.5
182,134,68.6
182,136,81.4
182,146,26.9
182,147,36.5
182,153,25.7
182,163,17.9
182,167,19.8
182,180,28.1
182,183,52.0
182,191,16.1
182,192,26.1
182,204,29.5
182,228,18.8
182,331,16.5
182,332,96.3
182,373,30.4
182,408,25.4
182,459,15.7
182,476,50.7
182,499,23.6
182,542,34.0
182,546,25.4
182,578,18.8
182,610,27.2
183,92,71.3
183,103,84.0
183,105,52.6
183,118,23.5
183,121,17.3
183,123,17.3
183,141,32.6
183,147,55.4
183,155,49.1
183,161,39.9
183,172,26.3
183,182,52.0
183,187,14.2
183,189,19.6
183,194,50.8
183,382,24.4
183,542,43.3
183,554,33.6
183,572,52.6
183,599,38.7
183,601,41.6
184,35,32.7
184,136,36.4
184,161,11.8
184,176,55.5
184,180,56.8
184,261,27.1
184,266,14.0
184,267,27.1
184,539,34.1
184,601,14.0
185,147,36.5
185,189,19.6
185,190,33.7
185,267,30.1
185,561,47.6
185,598,35.8
186,103,30.9
186,130,15.5
186,139,13.9
186,170,15.5
186,210,26.3
186,251,26.3
186,378,15.7
186,542,12.9
186,599,12.4
186,601,57.8
186,626,12.4
187,98,49.0
187,113,73.2
187,116,14.9
187,135,30.5
187,183,14.2
187,192,29.6
187,194,23.7
187,260,29.6
187,477,17.1
187,482,24.5
187,542,46.1
187,601,16.1
189,91,15.5
189,95,27.8
189,103,26.8
189,110,26.8
189,113,17.2
189,135,30.5
189,147,27.8
189,167,15.6
189,183,19.6
189,185,19.6
189,192,147.9
189,201,50.2
189,228,155.4
189,258,30.3
189,263,30.3
189,464,25.1
189,542,19.6
189,600,16.1
189,601,46.0
189,626,29.9
190,95,32.7
190,113,26.2
190,153,25.7
190,161,30.1
190,174,16.9
190,175,24.6
190,185,33.7
190,228,26.4
190,264,70.6
190,324,30.4
190,368,30.4
190,543,19.8
190,546,27.1
190,566,25.3
190,600,32.7
190,601,26.2
191,110,41.3
191,155,23.6
191,171,18.6
191,182,16.1
191,194,18.5
191,199,17.8
191,201,79.8
191,204,23.0
191,208,19.8
191,251,21.6
191,271,20.4
191,283,23.0
191,345,19.8
191,461,16.1
191,540,18.5
191,542,39.4
191,556,30.3
191,585,50.1
191,601,39.4
192,11,15.2
192,27,26.1
192,42,31.3
192,86,11.7
192,110,15.5
192,112,16.6
192,113,40.8
192,115,39.9
192,116,25.4
192,118,23.3
192,121,31.6
192,147,23.3
192,152,26.3
192,153,25.1
192,154,23.3
192,155,37.3
192,182,26.1
192,187,29.6
192,189,147.9
192,193,17.2
192,194,43.5
192,196,89.2
192,201,15.3
192,214,32.7
192,248,112.4
192,251,15.5
192,258,26.1
192,260,65.8
192,271,20.6
192,279,15.5
192,338,25.0
192,367,17.2
192,540,34.1
192,545,57.8
192,585,14.1
192,601,64.2
193,27,23.4
193,100,13.6
193,103,65.8
193,115,30.6
193,117,27.4
193,124,29.9
193,145,15.3
193,155,33.3
193,162,23.3
193,168,34.3
193,174,15.3
193,192,17.2
193,194,17.6
193,195,19.8
193,198,22.6
193,201,15.3
193,205,22.8
193,209,22.8
193,228,52.9
193,235,13.6
193,257,46.2
193,263,26.2
193,264,26.2
193,348,37.8
193,367,36.5
193,458,28.2
193,536,45.1
193,542,47.0
193,588,22.6
193,601,20.0
193,612,84.3
194,95,23.5
194,110,46.9
194,111,15.4
194,112,23.3
194,113,67.5
194,141,26.8
194,147,17.2
194,172,15.3
194,183,50.8
194,187,23.7
194,191,18.5
194,192,43.5
194,193,17.6
194,195,15.3
194,196,28.3
194,200,37.0
194,201,37.0
194,204,27.5
194,206,23.5
194,208,20.5
194,214,22.0
194,218,14.2
194,219,139.8
194,233,20.9
194,247,16.1
194,248,23.5
194,250,33.6
194,251,72.9
194,253,43.3
194,254,33.9
194,257,41.5
194,258,15.3
194,260,26.7
194,264,38.3
194,285,15.9
194,291,58.0
194,311,27.9
194,331,27.9
194,334,25.5
194,342,26.5
194,344,40.1
194,347,14.1
194,348,27.9
194,354,46.3
194,355,32.0
194,356,17.3
194,357,33.9
194,359,24.0
194,360,23.6
194,361,13.5
194,367,112.4
194,368,27.1
194,382,28.5
194,386,26.0
194,389,26.0
194,408,30.8
194,417,12.9
194,432,33.9
194,455,12.2
194,463,61.2
194,464,31.2
194,514,20.5
194,531,25.2
194,532,18.6
194,542,42.1
194,543,27.4
194,545,17.2
194,551,25.9
194,560,31.0
194,561,26.1
194,568,24.3
194,585,27.4
194,586,17.6
194,588,25.9
194,600,12.4
194,601,64.4
194,606,21.8
195,103,19.8
195,107,15.3
195,124,68.1
195,174,14.2
195,193,19.8
195,194,15.3
195,198,81.3
195,199,15.4
195,226,38.7
195,292,24.6
195,303,11.8
195,437,57.7
195,471,81.3
195,476,15.3
195,538,21.6
195,545,31.2
195,587,34.2
196,60,45.1
196,112,43.6
196,124,14.4
196,145,45.0
196,155,19.3
196,171,22.7
196,192,89.2
196,194,28.3
196,210,74.3
196,228,26.3
196,235,67.9
196,236,64.1
196,250,64.2
196,251,23.1
196,284,18.9
196,292,36.8
196,381,21.7
196,545,34.5
196,553,45.0
196,568,14.5
196,601,80.6
197,103,33.5
197,115,37.8
197,154,26.7
197,167,99.8
197,201,23.1
197,210,105.4
197,228,22.2
197,341,18.4
197,626,20.1
198,12,45.2
198,20,22.5
198,24,26.8
198,27,22.5
198,61,12.8
198,62,12.8
198,112,26.2
198,147,15.5
198,150,19.6
198,155,22.7
198,156,19.8
198,171,55.1
198,193,22.6
198,195,81.3
198,200,38.9
198,201,117.9
198,203,48.3
198,204,182.2
198,205,80.1
198,208,23.6
198,210,270.9
198,211,16.0
198,216,14.9
198,223,55.9
198,226,21.9
198,228,27.0
198,233,22.5
198,234,32.8
198,248,23.4
198,250,49.5
198,251,53.4
198,253,18.4
198,260,11.9
198,352,10.5
198,387,48.3
198,421,29.4
198,540,149.6
198,542,73.1
198,544,60.8
198,553,21.8
198,578,58.1
198,585,20.1
198,588,22.6
198,598,23.6
198,600,40.4
198,601,99.0
198,604,20.9
198,611,9.7
199,117,12.6
199,121,23.1
199,191,17.8
199,195,15.4
199,201,90.6
199,206,51.1
199,208,20.5
199,210,52.9
199,228,159.6
199,232,34.7
199,233,46.4
199,391,14.4
199,514,20.5
199,600,23.6
199,601,12.2
200,58,34.8
200,137,21.1
200,153,44.7
200,194,37.0
200,198,38.9
200,201,179.7
200,204,60.3
200,206,29.4
200,208,32.9
200,209,44.9
200,228,28.5
200,233,18.0
200,260,31.5
200,434,14.6
200,601,60.4
200,606,66.2
201,4,43.5
201,16,22.4
201,21,54.3
201,74,20.8
201,107,43.5
201,112,57.9
201,147,60.8
201,189,50.2
201,191,79.8
201,192,15.3
201,193,15.3
201,194,37.0
201,197,23.1
201,198,117.9
201,199,90.6
201,200,179.7
201,203,21.0
201,204,48.8
201,205,39.3
201,206,29.4
201,207,89.5
201,208,64.1
201,209,70.8
201,210,22.5
201,211,16.0
201,213,45.7
201,214,34.5
201,216,79.2
201,220,18.7
201,224,23.6
201,226,21.9
201,228,54.5
201,233,96.9
201,234,12.6
201,235,36.2
201,246,18.4
201,247,50.0
201,249,16.6
201,250,67.9
201,251,74.9
201,252,65.4
201,253,52.4
201,254,54.1
201,257,15.6
201,258,15.4
201,293,61.4
201,441,35.3
201,459,35.3
201,538,54.8
201,539,26.8
201,540,40.8
201,541,64.6
201,546,20.1
201,547,56.1
201,548,22.7
201,556,21.3
201,598,19.5
201,601,17.5
201,606,33.9
201,630,21.3
202,105,54.4
202,145,26.8
202,205,29.9
202,206,18.2
202,208,39.8
202,225,31.1
202,228,31.1
202,233,21.9
202,253,32.5
202,541,35.9
202,600,40.4
202,601,21.9
203,3,13.9
203,20,23.0
203,24,57.0
203,116,21.6
203,147,18.2
203,171,37.3
203,198,48.3
203,201,21.0
203,204,30.1
203,208,17.9
203,209,23.0
203,233,82.0
203,266,24.9
203,288,45.3
203,295,95.3
203,392,23.3
203,538,21.6
203,540,99.2
203,545,35.4
203,572,43.7
203,601,21.0
203,606,20.8
204,1,78.8
204,3,55.8
204,10,26.8
204,11,47.8
204,12,23.1
204,13,80.0
204,14,26.9
204,17,18.1
204,20,23.4
204,21,58.9
204,22,177.7
204,24,84.1
204,25,31.0
204,27,24.1
204,29,30.6
204,48,17.6
204,61,27.7
204,80,12.9
204,84,27.8
204,88,28.8
204,99,29.7
204,100,29.1
204,102,28.9
204,103,31.3
204,107,32.4
204,111,68.3
204,112,131.1
204,124,17.8
204,142,26.4
204,145,14.1
204,147,28.9
204,153,30.6
204,162,27.1
204,167,23.8
204,168,28.1
204,171,29.5
204,176,34.1
204,179,34.8
204,181,23.6
204,182,29.5
204,191,23.0
204,194,27.5
204,198,182.2
204,200,60.3
204,201,48.8
204,203,30.1
204,205,33.0
204,206,51.5
204,208,45.8
204,211,22.2
204,216,51.7
204,218,20.8
204,223,34.1
204,225,66.4
204,231,57.7
204,233,96.7
204,234,31.3
204,246,27.2
204,248,68.4
204,251,45.3
204,253,86.4
204,260,59.4
204,269,26.6
204,277,28.3
204,279,31.3
204,283,23.0
204,291,21.2
204,347,11.4
204,363,90.8
204,368,26.0
204,377,50.7
204,394,19.9
204,395,21.6
204,420,17.1
204,428,18.1
204,451,21.2
204,461,19.9
204,465,20.4
204,476,36.0
204,481,28.7
204,499,19.4
204,506,45.0
204,514,54.0
204,540,27.6
204,542,33.9
204,545,20.2
204,546,16.2
204,600,42.3
204,604,79.5
204,630,33.5
205,102,28.1
205,103,25.7
205,113,120.8
205,127,23.7
205,171,60.0
205,193,22.8
205,198,80.1
205,201,39.3
205,202,29.9
205,204,33.0
205,209,22.8
205,210,80.1
205,216,74.9
205,220,24.7
205,233,56.0
205,546,28.1
205,601,60.0
206,16,20.3
206,24,45.4
206,27,48.9
206,101,29.5
206,107,43.5
206,112,15.3
206,149,102.6
206,164,77.3
206,168,26.8
206,171,19.4
206,194,23.5
206,199,51.1
206,200,29.4
206,201,29.4
206,202,18.2
206,204,51.5
206,209,28.5
206,216,15.9
206,219,20.1
206,220,43.3
206,226,21.8
206,227,78.0
206,236,23.7
206,248,23.5
206,250,50.5
206,251,47.6
206,269,32.4
206,510,20.3
206,514,29.1
206,539,34.3
206,540,28.5
206,541,25.5
206,547,52.7
206,600,15.3
206,606,22.8
207,201,89.5
207,208,32.9
207,228,39.4
207,233,19.4
207,477,33.2
207,624,39.4
208,79,11.7
208,191,19.8
208,194,20.5
208,198,23.6
208,199,20.5
208,200,32.9
208,201,64.1
208,202,39.8
208,203,17.9
208,204,45.8
208,207,32.9
208,209,16.3
208,211,23.6
208,224,92.6
208,225,26.5
208,251,25.1
208,252,17.9
208,254,30.3
208,257,24.6
208,258,23.5
208,263,17.3
208,345,19.8
208,354,14.3
208,455,16.8
208,510,20.6
208,513,13.7
208,541,32.7
208,601,34.8
208,630,16.2
209,4,24.6
209,17,16.5
209,95,36.0
209,114,15.3
209,145,26.8
209,147,32.2
209,155,31.1
209,193,22.8
209,200,44.9
209,201,70.8
209,203,23.0
209,205,22.8
209,206,28.5
209,208,16.3
209,210,85.4
209,215,70.2
209,225,17.3
209,228,22.9
209,233,45.3
209,248,45.4
209,250,16.3
209,253,28.6
209,396,15.8
209,463,22.5
209,485,26.1
209,512,23.0
209,541,63.3
209,542,14.4
209,598,24.7
209,600,30.6
209,601,41.9
209,606,13.9
210,30,13.3
210,112,36.8
210,147,31.4
210,153,42.9
210,154,49.0
210,186,26.3
210,196,74.3
210,197,105.4
210,198,270.9
210,199,52.9
210,201,22.5
210,205,80.1
210,209,85.4
210,215,42.9
210,227,29.3
210,233,22.5
210,248,38.7
210,249,51.0
210,250,92.8
210,251,292.5
210,253,27.0
210,345,22.2
210,396,26.5
210,556,42.9
210,601,104.1
211,105,21.3
211,110,20.4
211,153,32.9
211,198,16.0
211,201,16.0
211,204,22.2
211,208,23.6
211,234,20.3
211,543,40.2
211,601,85.3
211,606,63.3
213,110,18.4
213,201,45.7
213,279,26.8
213,601,40.4
213,606,27.5
214,26,14.7
214,43,19.3
214,55,32.7
214,101,30.8
214,127,73.6
214,136,14.3
214,147,139.2
214,192,32.7
214,194,22.0
214,201,34.5
214,221,12.6
214,223,51.0
214,224,56.7
214,225,31.5
214,233,32.8
214,235,120.8
214,242,17.6
214,250,16.4
214,251,88.9
214,253,96.3
214,257,49.2
214,270,40.9
214,271,19.7
214,295,24.4
214,370,67.1
214,383,14.9
214,386,18.4
214,388,18.4
214,412,20.7
214,477,16.8
214,499,16.8
214,508,24.8
214,538,31.5
214,540,101.5
214,541,49.3
214,542,81.5
214,600,25.3
214,601,33.5
214,604,19.6
214,606,62.0
214,616,51.0
215,147,32.8
215,153,42.9
215,209,70.2
215,210,42.9
215,233,24.7
215,540,23.4
215,598,24.7
215,606,24.7
216,90,47.4
216,126,46.4
216,145,20.5
216,198,14.9
216,201,79.2
216,204,51.7
216,205,74.9
216,206,15.9
216,219,34.1
216,220,74.5
216,223,24.2
216,228,40.4
216,231,31.5
216,232,29.6
216,233,37.2
216,246,18.1
216,256,28.4
216,349,48.5
216,423,41.2
216,463,29.6
216,541,19.7
216,568,19.1
216,601,50.3
216,624,18.6
218,95,36.0
218,110,14.2
218,153,56.4
218,194,14.2
218,204,20.8
218,246,42.3
218,286,16.5
218,303,16.5
218,601,12.2
219,57,14.1
219,135,84.6
219,167,30.3
219,194,139.8
219,206,20.1
219,216,34.1
219,233,29.2
219,601,37.6
220,107,92.5
220,111,30.8
220,153,18.7
220,201,18.7
220,205,24.7
220,206,43.3
220,216,74.5
220,222,103.8
220,228,24.7
220,233,18.9
220,250,20.6
220,254,32.3
220,413,20.0
220,463,82.4
220,545,21.0
220,601,112.6
221,147,30.6
221,214,12.6
221,228,41.1
221,251,20.1
221,601,18.1
222,154,33.7
222,220,103.8
222,233,38.5
222,251,21.8
222,545,64.8
222,601,20.0
223,14,22.9
223,15,19.4
223,21,16.0
223,27,22.9
223,28,47.5
223,38,43.1
223,118,24.9
223,143,12.0
223,172,24.9
223,198,55.9
223,204,34.1
223,214,51.0
223,216,24.2
223,225,32.3
223,228,16.2
223,233,58.5
223,234,22.3
223,250,24.4
223,270,22.3
223,338,20.4
223,349,32.3
223,476,20.8
223,477,23.4
223,512,35.9
223,538,37.5
223,540,83.3
223,598,31.3
223,601,96.0
223,604,66.7
223,612,40.2
223,623,15.2
224,105,45.0
224,111,14.4
224,121,78.9
224,147,23.6
224,201,23.6
224,208,92.6
224,214,56.7
224,226,171.6
224,231,21.3
224,233,64.9
224,380,55.1
224,542,34.4
224,546,20.0
224,601,79.1
224,606,21.1
225,21,27.3
225,153,31.1
225,202,31.1
225,204,66.4
225,208,26.5
225,209,17.3
225,214,31.5
225,223,32.3
225,226,151.8
225,228,24.2
225,233,127.0
225,291,58.6
225,349,62.0
225,391,27.7
225,493,17.8
225,540,94.2
225,541,26.3
225,542,64.1
225,556,26.2
225,566,20.0
225,600,26.2
225,601,117.1
225,602,49.0
226,27,21.8
226,155,20.2
226,195,38.7
226,198,21.9
226,201,21.9
226,206,21.8
226,224,171.6
226,225,151.8
226,228,66.4
226,233,41.4
226,234,105.3
226,295,20.8
226,307,26.6
226,368,51.3
226,435,19.2
226,540,33.0
226,561,14.7
227,147,21.9
227,206,78.0
227,210,29.3
227,228,33.4
227,233,22.5
227,234,23.1
227,463,22.5
227,473,17.0
227,578,18.1
227,600,44.0
227,606,15.5
228,3,30.2
228,17,13.9
228,18,12.9
228,22,16.1
228,26,14.8
228,37,33.4
228,44,63.3
228,48,57.7
228,52,21.4
228,61,19.9
228,72,63.7
228,74,19.5
228,76,26.9
228,102,51.0
228,103,48.5
228,107,31.0
228,110,20.1
228,121,51.9
228,137,26.3
228,143,24.6
228,147,55.6
228,153,112.0
228,156,46.1
228,167,43.5
228,168,29.7
228,171,13.9
228,172,57.1
228,182,18.8
228,189,155.4
228,190,26.4
228,193,52.9
228,196,26.3
228,197,22.2
228,198,27.0
228,199,159.6
228,200,28.5
228,201,54.5
228,202,31.1
228,207,39.4
228,209,22.9
228,216,40.4
228,220,24.7
228,221,41.1
228,223,16.2
228,225,24.2
228,226,66.4
228,227,33.4
228,232,30.6
228,233,68.8
228,234,97.7
228,237,42.6
228,238,39.4
228,246,65.6
228,247,45.0
228,251,152.3
228,254,47.8
228,256,23.5
228,257,82.2
228,269,26.4
228,284,138.6
228,288,14.4
228,294,21.0
228,346,55.1
228,360,17.0
228,370,18.8
228,393,23.6
228,397,19.5
228,415,20.9
228,419,26.8
228,438,19.7
228,440,27.4
228,442,84.4
228,446,15.8
228,455,17.0
228,464,49.0
228,481,16.0
228,482,54.4
228,485,39.9
228,486,18.8
228,495,27.2
228,498,19.0
228,499,28.0
228,511,61.6
228,514,39.6
228,522,32.3
228,531,24.3
228,536,140.4
228,540,69.7
228,542,50.9
228,544,33.2
228,545,108.2
228,549,27.8
228,553,32.9
228,574,83.9
228,575,62.5
228,576,14.8
228,577,21.9
228,578,18.8
228,592,14.8
228,598,129.3
228,600,22.4
228,601,127.0
228,602,64.1
228,604,73.9
228,606,105.5
228,607,31.6
228,613,59.0
228,614,69.3
228,624,73.6
228,625,25.9
229,103,17.4
229,395,22.8
231,95,21.1
231,153,57.7
231,204,57.7
231,216,31.5
231,224,21.3
231,233,47.6
231,542,21.1
231,601,36.1
232,199,34.7
232,216,29.6
232,228,30.6
232,233,47.4
232,320,21.1
232,344,17.3
232,397,21.1
232,463,29.6
232,540,89.1
232,601,68.0
233,4,23.1
233,10,57.3
233,13,36.2
233,17,27.3
233,22,38.3
233,27,37.9
233,95,21.1
233,137,44.2
233,155,18.0
233,171,39.4
233,194,20.9
233,198,22.5
233,199,46.4
233,200,18.0
233,201,96.9
233,202,21.9
233,203,82.0
233,204,96.7
233,205,56.0
233,207,19.4
233,209,45.3
233,210,22.5
233,214,32.8
233,215,24.7
233,216,37.2
233,219,29.2
233,220,18.9
233,222,38.5
233,223,58.5
233,224,64.9
233,225,127.0
233,226,41.4
233,227,22.5
233,228,68.8
233,231,47.6
233,232,47.4
233,234,30.6
233,282,27.3
233,291,76.9
233,297,37.2
233,525,25.5
233,540,152.5
233,542,30.6
233,546,21.8
233,601,48.3
233,606,48.0
233,632,37.9
234,2,19.6
234,4,29.3
234,6,35.5
234,10,24.6
234,11,49.9
234,12,48.4
234,14,22.1
234,20,44.0
234,22,20.2
234,23,31.2
234,24,57.3
234,26,18.5
234,27,30.2
234,29,89.0
234,75,33.0
234,95,19.8
234,124,19.8
234,149,43.5
234,151,24.0
234,153,124.9
234,157,43.7
234,198,32.8
234,201,12.6
234,204,31.3
234,211,20.3
234,223,22.3
234,226,105.3
234,227,23.1
234,228,97.7
234,233,30.6
234,254,26.3
234,260,11.2
234,261,22.7
234,269,29.7
234,270,22.3
234,332,29.1
234,357,37.5
234,366,91.1
234,395,26.7
234,412,29.6
234,450,32.1
234,453,16.2
234,477,21.1
234,496,22.8
234,508,17.8
234,535,24.2
234,541,41.0
234,542,43.5
234,543,26.1
234,586,24.0
234,593,39.7
234,599,62.4
234,606,26.3
234,630,30.6
235,100,13.6
235,155,109.8
235,193,13.6
235,196,67.9
235,201,36.2
235,214,120.8
235,389,16.8
235,412,23.9
235,527,23.9
235,542,16.8
235,606,22.9
235,626,24.9
236,126,80.7
236,196,64.1
236,206,23.7
236,362,23.8
236,367,19.6
236,463,38.5
236,496,37.4
236,598,22.1
236,601,20.6
236,605,57.0
236,606,26.9
237,42,20.9
237,77,23.0
237,105,14.9
237,228,42.6
237,435,28.1
237,512,28.1
237,513,64.9
237,543,17.4
237,601,70.2
237,606,16.9
237,607,73.0
238,56,29.1
238,65,31.6
238,153,18.5
238,228,39.4
238,250,65.2
238,476,42.2
238,508,30.3
238,513,22.1
238,542,34.3
238,545,31.5
238,546,13.7
238,554,18.5
238,601,116.3
238,606,66.2
239,58,14.4
239,107,14.0
239,153,67.5
239,240,31.6
239,308,36.7
239,513,14.4
239,521,27.1
239,542,15.1
239,545,16.6
239,601,33.6
239,606,37.7
240,46,34.3
240,56,54.1
240,58,15.1
240,146,34.0
240,239,31.6
240,244,14.3
240,510,34.3
240,514,15.1
240,521,33.7
240,542,14.8
240,554,30.8
240,606,12.9
241,38,19.4
241,110,39.0
241,242,33.3
241,554,52.3
241,601,19.4
241,624,12.8
242,45,14.3
242,56,26.8
242,61,28.7
242,72,19.3
242,84,31.5
242,86,98.9
242,91,28.7
242,102,31.3
242,103,14.3
242,112,10.0
242,147,20.1
242,214,17.6
242,241,33.3
242,434,20.1
242,512,16.6
242,514,47.6
242,542,37.1
242,545,41.9
242,554,64.2
242,587,56.0
242,589,31.5
242,600,19.4
242,601,24.1
242,606,22.1
243,15,25.1
243,56,62.9
243,58,31.6
243,60,15.2
243,72,35.5
243,88,63.1
243,510,37.7
243,513,25.1
243,514,23.4
243,541,32.8
243,542,23.4
243,543,25.1
243,545,15.4
243,585,15.2
243,601,28.0
244,43,22.7
244,45,25.9
244,52,27.8
244,84,15.4
244,110,76.8
244,153,19.4
244,240,14.3
244,275,40.1
244,309,17.0
244,348,14.0
244,510,15.4
244,512,19.3
244,531,24.1
244,543,19.4
244,606,15.5
244,624,37.2
245,52,139.2
245,86,31.6
245,169,24.9
245,366,43.6
245,542,52.1
245,554,34.6
245,585,75.8
246,105,18.9
246,149,26.7
246,153,18.0
246,171,20.0
246,201,18.4
246,204,27.2
246,216,18.1
246,218,42.3
246,228,65.6
246,251,42.1
246,252,25.5
246,517,30.9
246,600,30.7
246,606,48.0
247,59,31.4
247,105,23.6
247,114,15.5
247,194,16.1
247,201,50.0
247,228,45.0
247,254,79.5
247,427,29.5
247,438,32.0
247,481,44.6
247,495,19.9
247,592,57.5
247,600,23.6
248,113,103.0
248,124,85.5
248,131,29.9
248,161,20.0
248,171,75.6
248,192,112.4
248,194,23.5
248,198,23.4
248,204,68.4
248,206,23.5
248,209,45.4
248,210,38.7
248,270,11.8
248,396,44.4
248,514,23.5
248,542,52.8
248,561,52.4
248,600,34.8
248,624,37.8
249,102,12.2
249,103,26.2
249,147,12.2
249,201,16.6
249,210,51.0
249,349,28.3
249,386,26.2
249,546,35.7
249,598,32.8
249,600,32.8
249,606,16.6
250,4,43.5
250,24,45.4
250,72,32.9
250,73,31.3
250,75,19.8
250,77,25.1
250,92,135.7
250,171,19.4
250,194,33.6
250,196,64.2
250,198,49.5
250,201,67.9
250,206,50.5
250,209,16.3
250,210,92.8
250,214,16.4
250,220,20.6
250,223,24.4
250,238,65.2
250,251,33.6
250,254,30.6
250,284,38.4
250,321,29.8
250,501,33.6
250,516,22.5
250,542,68.9
250,606,81.9
250,619,82.1
251,18,14.8
251,24,22.9
251,50,15.4
251,56,25.1
251,103,78.7
251,110,21.6
251,147,22.4
251,155,34.1
251,186,26.3
251,191,21.6
251,192,15.5
251,194,72.9
251,196,23.1
251,198,53.4
251,201,74.9
251,204,45.3
251,206,47.6
251,208,25.1
251,210,292.5
251,214,88.9
251,221,20.1
251,222,21.8
251,228,152.3
251,246,42.1
251,250,33.6
251,252,70.6
251,253,54.0
251,256,52.9
251,257,23.8
251,271,43.0
251,367,37.0
251,496,23.5
251,497,24.6
251,514,17.9
251,540,23.1
251,545,24.6
251,599,64.0
251,600,70.2
251,601,122.4
251,606,112.7
252,153,18.7
252,201,65.4
252,208,17.9
252,246,25.5
252,251,70.6
252,253,27.0
252,434,23.4
252,540,17.9
252,561,44.0
253,10,20.5
253,37,20.6
253,107,27.1
253,153,15.8
253,171,22.3
253,194,43.3
253,198,18.4
253,201,52.4
253,202,32.5
253,204,86.4
253,209,28.6
253,210,27.0
253,214,96.3
253,251,54.0
253,252,27.0
253,545,31.2
254,27,87.5
254,40,132.2
254,58,24.6
254,102,55.3
254,103,16.7
254,147,61.0
254,155,46.4
254,194,33.9
254,201,54.1
254,208,30.3
254,220,32.3
254,228,47.8
254,234,26.3
254,247,79.5
254,250,30.6
254,307,128.0
254,313,30.3
254,349,26.9
254,383,22.8
254,476,24.6
254,492,27.6
254,511,67.9
254,545,12.6
254,556,38.2
254,601,33.9
256,110,32.7
256,113,32.7
256,150,31.1
256,153,29.5
256,167,27.1
256,216,28.4
256,228,23.5
256,251,52.9
256,264,25.1
256,476,22.7
256,585,21.4
256,600,19.1
257,103,22.7
257,107,60.4
257,114,26.2
257,155,27.1
257,193,46.2
257,194,41.5
257,201,15.6
257,208,24.6
257,214,49.2
257,228,82.2
257,251,23.8
257,546,26.8
258,72,12.8
258,105,26.1
258,111,37.6
258,113,30.1
258,189,30.3
258,192,26.1
258,194,15.3
258,201,15.4
258,208,23.5
258,263,30.3
258,272,16.8
258,601,52.3
259,81,19.8
259,103,32.7
259,113,17.2
259,121,40.2
259,145,26.2
259,165,48.6
259,168,30.5
259,260,116.8
259,504,16.1
259,521,14.3
259,540,19.7
259,542,72.8
259,545,34.2
259,601,63.0
260,59,30.3
260,117,28.3
260,127,52.3
260,130,18.3
260,147,35.2
260,149,33.8
260,153,28.3
260,154,33.8
260,166,32.6
260,169,24.5
260,171,25.9
260,187,29.6
260,192,65.8
260,194,26.7
260,198,11.9
260,200,31.5
260,204,59.4
260,234,11.2
260,259,116.8
260,261,49.8
260,279,29.5
260,349,14.0
260,362,27.0
260,376,44.2
260,440,24.7
260,472,119.6
260,540,34.1
260,542,68.7
260,547,46.1
261,56,77.6
261,105,24.6
261,110,68.3
261,121,48.5
261,127,52.3
261,145,33.1
261,147,24.6
261,153,57.7
261,165,24.9
261,167,64.4
261,172,28.8
261,184,27.1
261,234,22.7
261,260,49.8
261,264,27.1
261,265,26.3
261,267,54.0
261,270,101.5
261,280,25.3
261,388,31.3
261,512,27.0
261,546,40.7
261,561,31.3
261,601,15.4
262,101,45.4
262,147,23.4
262,167,77.6
262,266,60.3
262,268,17.6
262,270,178.1
262,272,46.2
262,300,24.9
262,542,87.8
262,556,32.1
262,578,34.3
263,84,18.8
263,101,23.5
263,103,27.7
263,147,51.7
263,154,28.3
263,158,33.9
263,165,27.1
263,167,33.9
263,189,30.3
263,193,26.2
263,208,17.3
263,258,30.3
263,264,49.6
263,265,23.5
263,268,59.7
263,270,182.5
263,291,14.2
263,307,25.4
263,311,25.4
263,472,18.5
263,556,48.3
263,587,23.5
263,598,27.1
263,601,109.8
263,626,29.6
263,627,26.9
264,38,18.6
264,95,23.2
264,102,29.7
264,107,23.2
264,110,59.4
264,114,26.8
264,135,25.1
264,142,14.2
264,150,59.4
264,152,22.6
264,153,46.4
264,154,34.9
264,157,87.0
264,158,25.1
264,160,95.1
264,165,30.5
264,167,18.2
264,172,17.3
264,181,50.7
264,190,70.6
264,193,26.2
264,194,38.3
264,256,25.1
264,261,27.1
264,263,49.6
264,265,82.9
264,266,47.9
264,279,25.7
264,282,26.1
264,348,26.1
264,412,18.3
264,423,18.3
264,539,50.7
264,545,32.6
264,600,48.6
264,601,17.2
265,149,17.6
265,153,15.4
265,155,20.7
265,167,24.9
265,171,12.4
265,261,26.3
265,263,23.5
265,264,82.9
265,307,17.6
265,311,15.3
265,367,24.5
265,368,17.0
265,466,17.6
265,534,17.6
265,542,30.3
265,545,15.7
265,548,24.9
265,601,111.9
266,153,29.5
266,155,37.5
266,165,17.2
266,167,44.3
266,171,34.8
266,184,14.0
266,203,24.9
266,262,60.3
266,264,47.9
266,270,77.3
266,362,23.6
266,368,26.4
266,459,15.7
266,542,17.0
266,543,15.2
266,545,25.4
266,548,35.2
266,593,32.2
267,90,39.0
267,147,14.2
267,153,14.9
267,154,65.3
267,165,40.4
267,167,29.1
267,184,27.1
267,185,30.1
267,261,54.0
267,268,28.9
267,270,114.8
267,282,17.2
267,355,23.2
267,383,17.8
267,485,29.1
267,486,29.1
267,523,17.2
267,542,16.2
267,600,30.9
267,601,54.6
268,103,14.1
268,118,17.2
268,123,23.2
268,147,14.0
268,155,35.5
268,156,23.2
268,262,17.6
268,263,59.7
268,267,28.9
268,270,105.9
268,291,21.5
268,339,46.4
268,496,29.7
268,541,22.5
268,551,26.9
268,601,17.6
269,107,14.2
269,119,65.9
269,124,33.5
269,145,30.5
269,147,67.2
269,153,26.4
269,154,45.8
269,165,52.0
269,167,30.9
269,204,26.6
269,206,32.4
269,228,26.4
269,234,29.7
269,270,47.4
269,282,21.6
269,306,15.3
269,477,24.6
269,514,24.6
269,542,43.5
269,556,33.8
269,601,82.9
270,110,26.2
270,118,23.4
270,148,32.3
270,153,94.9
270,154,26.3
270,155,143.0
270,157,67.9
270,167,34.1
270,169,14.7
270,172,27.2
270,214,40.9
270,223,22.3
270,234,22.3
270,248,11.8
270,261,101.5
270,262,178.1
270,263,182.5
270,266,77.3
270,267,114.8
270,268,105.9
270,269,47.4
270,271,67.9
270,306,26.1
270,344,23.5
270,453,28.2
270,456,16.7
270,514,23.5
270,538,31.9
270,545,28.2
270,576,29.1
270,601,26.8
271,43,21.5
271,45,31.0
271,102,16.8
271,110,19.9
271,147,47.0
271,153,48.7
271,154,24.0
271,155,43.6
271,160,30.1
271,167,25.3
271,168,24.2
271,191,20.4
271,192,20.6
271,214,19.7
271,251,43.0
271,270,67.9
271,277,22.9
271,282,24.1
271,283,24.0
271,294,24.1
271,450,25.9
271,459,25.9
271,476,113.2
271,482,26.3
271,498,26.3
271,540,19.7
271,545,37.4
271,550,31.1
271,554,22.4
271,585,41.6
271,588,32.1
271,598,28.3
271,600,69.3
271,601,99.2
272,65,24.1
272,91,28.3
272,125,22.9
272,145,14.6
272,155,69.1
272,171,22.9
272,258,16.8
272,262,46.2
272,273,17.2
272,277,32.3
272,280,41.0
272,282,14.8
272,295,16.8
272,448,35.7
272,488,102.1
272,502,12.8
272,543,26.4
272,601,117.6
272,626,32.2
273,153,31.2
273,155,35.3
273,167,15.5
273,272,17.2
273,277,112.2
273,280,24.1
273,284,35.3
273,309,31.2
273,448,15.5
273,476,18.6
273,534,29.2
273,538,15.5
273,585,29.2
273,601,90.5
273,626,26.3
275,80,12.9
275,107,32.1
275,110,13.9
275,147,228.8
275,149,26.6
275,154,109.2
275,155,87.8
275,167,23.7
275,244,40.1
275,294,18.1
275,304,15.8
275,345,56.5
275,355,104.6
275,358,21.4
275,361,21.4
275,459,18.2
275,473,53.5
275,476,15.1
275,551,21.9
275,556,130.1
275,568,14.8
275,588,54.0
275,600,32.1
275,601,116.5
277,103,26.5
277,147,37.1
277,167,71.0
277,168,23.5
277,176,27.2
277,204,28.3
277,271,22.9
277,272,32.3
277,273,112.2
277,279,66.7
277,280,22.2
277,282,27.1
277,284,22.4
277,285,23.7
277,304,24.7
277,307,15.3
277,321,20.9
277,345,38.7
277,380,48.6
277,432,27.1
277,441,38.7
277,448,45.0
277,499,15.1
277,525,20.7
277,535,201.0
277,543,17.0
277,587,28.0
277,601,59.2
277,627,75.8
278,137,34.2
278,307,28.0
278,334,28.0
278,368,23.4
278,407,19.0
278,499,27.2
278,534,153.3
278,601,28.0
279,39,17.9
279,91,17.9
279,93,29.1
279,103,67.8
279,127,29.5
279,145,91.7
279,146,26.2
279,155,24.9
279,192,15.5
279,204,31.3
279,213,26.8
279,260,29.5
279,264,25.7
279,277,66.7
279,282,198.8
279,286,16.8
279,288,25.3
279,292,44.3
279,293,15.2
279,304,24.7
279,307,62.1
279,309,26.0
279,361,15.2
279,364,55.9
279,367,44.6
279,368,58.5
279,434,25.1
279,447,31.2
279,450,33.2
279,452,24.9
279,455,135.8
279,463,17.1
279,509,17.1
279,525,157.9
279,532,20.8
279,536,32.9
279,543,42.0
279,556,25.1
279,585,26.2
279,586,53.6
279,588,21.0
279,601,24.6
279,625,28.9
280,103,26.5
280,112,42.0
280,147,93.1
280,155,41.2
280,156,25.0
280,261,25.3
280,272,41.0
280,273,24.1
280,277,22.2
280,282,20.6
280,284,106.0
280,291,20.1
280,295,62.7
280,303,49.5
280,306,18.9
280,309,26.0
280,380,48.6
280,428,31.2
280,448,45.0
280,499,24.1
280,542,15.8
280,543,26.4
280,586,29.5
280,588,40.5
280,601,29.5
280,626,72.5
281,147,58.5
281,282,19.6
281,283,20.9
281,288,15.8
281,362,18.0
281,434,40.1
281,496,28.0
281,501,46.5
281,525,40.1
281,533,33.5
281,585,19.6
281,587,16.2
281,601,48.0
282,13,20.8
282,59,27.9
282,66,19.2
282,121,15.3
282,124,30.5
282,142,13.3
282,145,91.7
282,147,64.3
282,154,23.3
282,155,57.7
282,156,23.3
282,180,26.2
282,233,27.3
282,264,26.1
282,267,17.2
282,269,21.6
282,271,24.1
282,272,14.8
282,277,27.1
282,279,198.8
282,280,20.6
282,281,19.6
282,285,49.1
282,286,13.7
282,288,30.2
282,290,23.7
282,291,35.5
282,292,46.7
282,294,31.7
282,306,16.9
282,307,17.0
282,310,73.7
282,313,29.8
282,323,15.7
282,324,18.2
282,329,24.6
282,331,40.5
282,332,22.3
282,367,27.8
282,413,14.3
282,419,22.6
282,432,27.1
282,435,23.0
282,441,24.7
282,442,22.2
282,444,16.8
282,446,23.3
282,448,151.9
282,451,28.0
282,452,34.3
282,457,16.8
282,459,43.4
282,469,17.9
282,473,23.2
282,477,29.7
282,486,18.3
282,496,28.0
282,523,17.2
282,529,34.4
282,534,19.9
282,536,18.1
282,542,16.0
282,545,24.3
282,556,43.4
282,577,39.8
282,580,15.0
282,585,26.8
282,586,15.3
282,587,19.6
282,588,144.9
282,599,33.7
282,600,15.2
282,601,95.8
282,609,40.6
282,624,16.0
282,626,57.6
283,121,31.1
283,147,59.4
283,153,34.5
283,161,54.0
283,191,23.0
283,204,23.0
283,271,24.0
283,281,20.9
283,286,23.7
283,287,52.3
283,288,45.6
283,292,45.6
283,293,23.7
283,317,38.3
283,365,17.3
283,383,29.0
283,449,20.1
283,536,21.4
283,538,62.6
283,585,28.9
283,586,40.8
283,588,53.3
283,601,23.0
284,147,61.6
284,149,15.6
284,153,31.2
284,155,35.3
284,165,18.7
284,171,38.7
284,196,18.9
284,228,138.6
284,250,38.4
284,273,35.3
284,277,22.4
284,280,106.0
284,294,74.7
284,295,13.5
284,307,13.5
284,309,80.5
284,312,38.7
284,349,35.3
284,354,22.4
284,411,28.4
284,412,28.4
284,417,36.1
284,421,14.3
284,476,32.8
284,543,36.1
284,561,30.9
284,587,31.8
284,601,32.1
284,625,29.6
284,626,38.7
285,194,15.9
285,277,23.7
285,282,49.1
285,299,22.6
285,304,33.6
285,306,117.0
285,309,22.4
285,355,29.6
285,456,20.6
285,457,23.3
285,458,14.7
285,532,45.8
285,542,75.6
285,543,14.7
285,580,39.9
285,600,16.5
285,602,31.1
286,138,15.3
286,147,14.2
286,218,16.5
286,279,16.8
286,282,13.7
286,283,23.7
286,291,22.8
286,294,16.5
286,303,16.5
286,313,49.0
286,326,45.6
286,397,33.4
286,441,45.6
286,545,23.7
286,556,15.5
286,573,30.5
286,585,31.1
286,586,16.8
286,601,40.0
286,626,37.9
287,153,16.6
287,155,66.8
287,283,52.3
287,288,35.2
287,292,75.8
287,293,23.4
287,294,55.6
287,295,24.8
287,329,57.4
287,338,57.9
287,355,16.8
287,368,15.1
287,515,30.0
287,525,76.7
287,561,29.2
287,568,53.5
287,586,17.1
287,600,25.8
287,601,31.7
288,153,54.9
288,203,45.3
288,228,14.4
288,279,25.3
288,281,15.8
288,282,30.2
288,283,45.6
288,287,35.2
288,291,70.6
288,292,136.0
288,293,15.6
288,294,94.5
288,295,16.5
288,313,87.5
288,380,35.4
288,448,18.3
288,450,27.2
288,534,37.6
288,550,25.4
288,556,24.6
288,561,35.0
288,587,25.3
288,601,69.2
289,448,30.9
289,499,16.3
289,543,22.6
289,561,36.6
289,601,16.2
290,107,27.3
290,282,23.7
290,397,19.2
290,587,14.0
291,4,22.1
291,38,37.1
291,43,74.0
291,73,26.1
291,103,27.6
291,124,17.9
291,145,26.7
291,146,22.8
291,153,21.7
291,154,45.8
291,155,19.9
291,165,15.5
291,167,17.9
291,168,40.4
291,194,58.0
291,204,21.2
291,225,58.6
291,233,76.9
291,263,14.2
291,268,21.5
291,280,20.1
291,282,35.5
291,286,22.8
291,288,70.6
291,292,35.0
291,293,23.3
291,294,14.0
291,304,31.4
291,306,23.1
291,307,22.8
291,310,53.2
291,311,42.1
291,312,38.7
291,313,64.7
291,319,31.0
291,320,88.7
291,321,26.1
291,332,15.1
291,337,25.3
291,339,21.7
291,341,12.1
291,348,24.7
291,352,18.9
291,356,13.5
291,357,26.0
291,366,21.7
291,369,30.9
291,434,22.6
291,441,80.6
291,444,40.3
291,451,21.2
291,455,15.2
291,457,39.2
291,463,23.0
291,464,16.6
291,476,50.4
291,533,34.4
291,534,70.0
291,542,21.8
291,543,111.1
291,556,68.0
291,561,102.8
291,568,34.1
291,579,15.6
291,580,33.6
291,585,16.6
291,586,45.6
291,587,26.1
291,595,125.0
291,597,24.7
291,598,21.9
291,600,14.4
291,601,37.4
291,606,38.7
291,626,55.6
291,627,27.0
291,629,11.4
292,112,36.8
292,147,14.8
292,153,42.0
292,172,58.2
292,195,24.6
292,196,36.8
292,279,44.3
292,282,46.7
292,283,45.6
292,287,75.8
292,288,136.0
292,291,35.0
292,293,83.0
292,294,81.1
292,295,130.1
292,300,29.8
292,303,25.3
292,307,17.0
292,310,22.4
292,325,80.7
292,326,36.0
292,344,14.6
292,355,11.7
292,370,18.0
292,394,18.8
292,432,36.2
292,434,16.8
292,450,73.8
292,512,39.8
292,532,35.7
292,543,39.3
292,548,24.9
292,554,11.7
292,568,53.5
292,586,24.9
292,601,102.2
293,136,32.0
293,147,83.8
293,155,34.9
293,161,32.0
293,201,61.4
293,279,15.2
293,283,23.7
293,287,23.4
293,288,15.6
293,291,23.3
293,292,83.0
293,294,69.8
293,295,50.7
293,297,26.7
293,307,38.7
293,308,23.7
293,317,19.7
293,359,15.5
293,370,39.8
293,397,24.9
293,448,15.5
293,496,23.1
293,542,37.1
293,543,54.2
293,556,131.9
293,561,92.8
293,601,144.4
293,606,26.2
293,609,11.1
293,626,24.9
294,147,91.5
294,155,37.6
294,176,25.6
294,228,21.0
294,271,24.1
294,275,18.1
294,282,31.7
294,284,74.7
294,286,16.5
294,287,55.6
294,288,94.5
294,291,14.0
294,292,81.1
294,293,69.8
294,295,52.6
294,297,30.9
294,300,33.4
294,320,74.1
294,322,21.7
294,323,19.7
294,325,34.9
294,326,29.4
294,329,21.7
294,332,63.6
294,334,25.2
294,337,14.2
294,338,18.6
294,339,27.2
294,341,19.2
294,345,55.4
294,354,28.3
294,356,69.3
294,441,27.5
294,534,24.4
294,545,32.8
294,546,16.8
294,556,75.3
294,561,118.8
294,586,13.5
294,601,119.2
294,606,14.0
294,626,48.0
295,148,26.6
295,203,95.3
295,214,24.4
295,226,20.8
295,272,16.8
295,280,62.7
295,284,13.5
295,287,24.8
295,288,16.5
295,292,130.1
295,293,50.7
295,294,52.6
295,297,39.9
295,307,13.5
295,320,22.2
295,321,46.9
295,325,13.8
295,329,24.8
295,334,15.1
295,337,43.9
295,340,15.6
295,341,26.7
295,342,27.5
295,346,33.2
295,348,14.1
295,356,26.9
295,397,25.2
295,442,59.6
295,448,27.1
295,456,39.9
295,556,82.7
295,564,20.4
295,566,27.5
295,569,43.7
297,147,37.4
297,154,13.6
297,167,23.2
297,233,37.2
297,293,26.7
297,294,30.9
297,295,39.9
297,307,51.6
297,322,28.5
297,329,24.8
297,354,37.4
297,449,29.1
297,456,39.9
297,460,50.6
297,542,16.7
297,561,21.9
297,578,40.8
297,579,28.5
297,601,27.3
297,625,30.6
297,626,25.3
299,115,22.6
299,147,26.1
299,285,22.6
299,300,92.0
299,307,19.2
299,321,19.2
299,434,37.5
299,448,41.1
299,542,74.3
299,601,41.1
299,606,36.4
300,85,38.3
300,95,55.3
300,155,24.5
300,262,24.9
300,292,29.8
300,294,33.4
300,299,92.0
300,313,45.1
300,314,74.3
300,318,57.6
300,323,65.7
300,351,24.3
300,356,36.3
300,442,81.8
300,458,65.9
300,461,30.3
300,542,24.5
300,600,34.4
303,45,29.7
303,93,14.4
303,147,42.0
303,153,27.7
303,195,11.8
303,218,16.5
303,280,49.5
303,286,16.5
303,292,25.3
303,318,16.0
303,329,46.2
303,365,16.9
303,372,49.7
303,422,63.0
303,434,23.9
303,450,14.0
303,456,27.5
303,532,26.8
303,535,21.9
303,551,26.0
303,556,78.3
303,627,23.9
304,101,11.3
304,103,25.2
304,143,17.6
304,147,59.4
304,149,17.6
304,153,173.5
304,155,38.7
304,275,15.8
304,277,24.7
304,279,24.7
304,285,33.6
304,291,31.4
304,306,49.8
304,307,31.4
304,309,26.1
304,313,87.5
304,323,24.2
304,401,13.9
304,412,17.6
304,437,25.2
304,438,25.2
304,446,22.6
304,455,55.6
304,499,21.7
304,509,39.8
304,521,31.5
304,522,29.2
304,525,28.1
304,534,17.6
304,542,31.1
304,549,21.7
304,587,139.6
304,588,42.3
304,601,47.9
304,627,11.3
306,269,15.3
306,270,26.1
306,280,18.9
306,282,16.9
306,285,117.0
306,291,23.1
306,304,49.8
306,307,16.9
306,446,22.6
306,512,16.2
306,532,31.2
306,587,15.6
306,600,15.6
307,46,28.5
307,61,24.7
307,66,49.3
307,80,16.0
307,114,15.5
307,119,20.7
307,127,20.9
307,146,72.8
307,147,45.3
307,152,29.4
307,155,127.9
307,159,36.8
307,162,32.6
307,226,26.6
307,254,128.0
307,263,25.4
307,265,17.6
307,277,15.3
307,278,28.0
307,279,62.1
307,282,17.0
307,284,13.5
307,291,22.8
307,292,17.0
307,293,38.7
307,295,13.5
307,297,51.6
307,299,19.2
307,304,31.4
307,306,16.9
307,311,25.4
307,325,14.3
307,340,34.4
307,354,60.2
307,357,16.9
307,359,29.4
307,362,30.4
307,380,25.8
307,387,18.4
307,411,29.4
307,412,13.5
307,420,27.1
307,441,25.4
307,450,130.2
307,451,74.4
307,458,23.0
307,461,21.9
307,463,19.7
307,464,24.8
307,486,25.8
307,509,24.1
307,510,29.2
307,511,67.9
307,513,29.2
307,525,13.7
307,540,48.0
307,543,16.8
307,554,15.8
307,556,46.2
307,568,35.6
307,570,51.6
307,585,21.9
307,586,23.0
307,587,14.3
307,600,19.8
307,601,70.5
307,626,19.9
308,47,23.8
308,147,23.7
308,148,17.2
308,154,21.9
308,239,36.7
308,293,23.7
308,329,26.1
308,434,26.1
308,497,14.3
308,551,21.9
308,579,34.4
308,588,32.6
308,600,32.6
308,601,21.9
308,609,21.9
309,38,19.0
309,76,28.7
309,95,23.7
309,111,28.7
309,136,32.1
309,141,15.5
309,147,55.9
309,148,24.9
309,154,15.6
309,155,91.2
309,244,17.0
309,273,31.2
309,279,26.0
309,280,26.0
309,284,80.5
309,285,22.4
309,304,26.1
309,393,14.8
309,444,22.9
309,446,15.8
309,454,40.5
309,459,55.1
309,473,53.4
309,494,26.1
309,531,22.4
309,533,23.2
309,561,23.8
309,576,58.1
309,585,23.9
309,587,24.9
309,601,61.6
309,624,19.7
310,142,30.9
310,282,73.7
310,291,53.2
310,292,22.4
310,339,48.5
310,448,72.2
310,543,60.5
310,586,18.1
310,588,29.2
310,601,26.7
311,21,12.7
311,52,25.4
311,60,16.6
311,61,22.6
311,93,12.7
311,103,29.5
311,138,29.5
311,148,15.5
311,154,15.5
311,155,35.1
311,165,35.1
311,194,27.9
311,263,25.4
311,265,15.3
311,291,42.1
311,307,25.4
311,331,27.9
311,357,41.7
311,380,23.7
311,388,17.9
311,389,21.6
311,392,37.0
311,397,30.8
311,444,19.2
311,445,74.7
311,459,20.4
311,473,111.0
311,478,23.3
311,498,21.6
311,507,22.3
311,551,15.6
311,586,23.3
311,587,50.4
311,588,36.9
311,601,74.4
312,91,46.9
312,147,23.3
312,284,38.7
312,291,38.7
312,313,33.2
312,368,28.8
312,394,53.7
312,542,14.8
313,147,67.0
313,149,17.5
313,153,24.9
313,254,30.3
313,282,29.8
313,286,49.0
313,288,87.5
313,291,64.7
313,300,45.1
313,304,87.5
313,312,33.2
313,351,24.3
313,394,63.4
313,444,94.0
313,459,71.9
313,473,73.9
313,510,27.4
313,542,13.4
313,556,10.2
313,578,73.9
313,579,45.6
313,580,23.1
313,587,32.1
313,601,50.8
314,153,24.2
314,154,43.5
314,155,43.5
314,300,74.3
314,341,23.9
314,458,23.2
314,542,40.7
314,588,37.1
314,601,109.8
317,147,27.7
317,155,19.7
317,283,38.3
317,293,19.7
317,513,26.8
317,525,27.7
317,586,15.1
318,154,17.5
318,161,33.9
318,300,57.6
318,303,16.0
318,319,110.7
318,367,16.2
318,370,33.5
318,434,17.3
318,448,88.3
318,456,86.4
318,525,17.3
318,542,35.8
318,551,33.8
318,601,72.3
319,291,31.0
319,318,110.7
320,124,28.0
320,153,89.5
320,155,47.9
320,232,21.1
320,291,88.7
320,294,74.1
320,295,22.2
320,321,59.7
320,334,24.8
320,345,78.7
320,347,23.0
320,354,41.2
320,367,64.2
320,368,61.4
320,370,34.1
320,397,83.9
320,454,153.5
320,473,24.3
320,586,45.6
320,601,29.2
320,626,35.6
321,153,26.7
321,155,59.0
321,250,29.8
321,277,20.9
321,291,26.1
321,295,46.9
321,299,19.2
321,320,59.7
321,368,25.4
321,448,29.3
321,586,26.7
321,588,31.2
321,619,29.8
321,626,24.8
322,52,21.7
322,294,21.7
322,297,28.5
322,456,21.7
322,461,14.8
322,531,17.0
322,601,14.8
323,85,38.3
323,154,15.7
323,282,15.7
323,294,19.7
323,300,65.7
323,304,24.2
323,368,30.9
323,601,18.6
324,190,30.4
324,282,18.2
325,153,26.8
325,292,80.7
325,294,34.9
325,295,13.8
325,307,14.3
325,326,32.1
325,587,14.3
326,286,45.6
326,292,36.0
326,294,29.4
326,325,32.1
326,441,45.6
326,561,19.6
326,588,63.4
326,601,50.6
326,606,44.3
329,74,21.6
329,147,118.8
329,168,32.7
329,282,24.6
329,287,57.4
329,294,21.7
329,295,24.8
329,297,24.8
329,303,46.2
329,308,26.1
329,331,19.4
329,338,13.5
329,368,25.3
329,434,26.1
329,450,92.0
329,456,21.7
329,457,40.0
329,463,35.3
329,477,32.7
329,556,46.2
329,564,23.4
329,587,25.3
330,601,29.5
330,626,107.1
331,20,24.4
331,83,15.3
331,147,16.5
331,182,16.5
331,194,27.9
331,282,40.5
331,311,27.9
331,329,19.4
331,337,41.1
331,348,28.2
331,396,37.2
331,417,19.7
331,527,19.7
331,556,70.8
331,601,53.0
331,606,56.5
332,182,96.3
332,234,29.1
332,282,22.3
332,291,15.1
332,294,63.6
332,346,37.4
332,542,42.1
334,86,25.5
334,102,14.4
334,140,46.4
334,194,25.5
334,278,28.0
334,294,25.2
334,295,15.1
334,320,24.8
334,339,20.0
334,345,32.1
334,351,10.2
334,358,45.4
334,366,15.5
334,383,25.9
334,397,43.3
334,412,36.4
334,428,18.1
334,430,14.8
334,451,80.2
334,458,21.0
334,469,41.8
334,476,22.0
334,482,20.7
334,511,39.7
334,534,28.0
334,543,25.4
334,579,22.4
334,586,16.0
334,598,32.1
334,601,20.0
337,93,30.6
337,147,30.6
337,291,25.3
337,294,14.2
337,295,43.9
337,331,41.1
337,458,19.3
337,472,31.2
337,542,30.6
337,543,15.1
337,556,86.8
337,601,31.6
337,626,23.0
338,145,24.7
338,192,25.0
338,223,20.4
338,287,57.9
338,294,18.6
338,329,13.5
338,342,23.7
338,598,24.8
338,601,24.7
339,153,33.6
339,268,46.4
339,291,21.7
339,294,27.2
339,310,48.5
339,334,20.0
339,362,21.9
339,451,22.4
339,542,21.2
339,545,49.8
339,556,21.8
339,567,27.2
339,601,139.8
340,295,15.6
340,307,34.4
340,354,16.5
340,355,25.1
340,360,19.2
340,362,107.3
340,476,20.4
340,564,12.9
340,601,31.3
341,45,30.5
341,103,12.9
341,114,59.6
341,145,15.1
341,197,18.4
341,291,12.1
341,294,19.2
341,295,26.7
341,314,23.9
341,355,12.1
341,357,101.7
341,358,17.7
341,365,18.9
341,432,11.3
341,463,16.4
341,543,20.1
341,560,81.6
341,561,16.4
341,566,64.3
341,568,71.7
341,586,14.6
341,611,22.2
341,626,29.6
341,627,11.3
342,153,34.5
342,155,59.6
342,194,26.5
342,295,27.5
342,338,23.7
342,543,16.7
342,545,28.2
342,561,33.5
342,601,55.7
344,99,17.3
344,102,30.3
344,103,25.3
344,148,17.3
344,153,75.7
344,155,22.6
344,194,40.1
344,232,17.3
344,270,23.5
344,292,14.6
344,347,25.3
344,354,23.4
344,355,102.6
344,357,16.6
344,415,24.7
344,514,23.5
344,518,24.0
344,542,55.7
344,556,64.0
344,561,44.3
344,566,51.6
344,626,25.3
345,3,16.2
345,24,16.8
345,46,32.8
345,112,30.1
345,154,26.9
345,155,17.5
345,170,18.6
345,174,47.0
345,191,19.8
345,208,19.8
345,210,22.2
345,275,56.5
345,277,38.7
345,294,55.4
345,320,78.7
345,334,32.1
345,347,20.9
345,348,44.1
345,349,38.9
345,351,44.0
345,354,27.2
345,357,29.4
345,359,25.1
345,364,21.6
345,434,25.1
345,438,15.7
345,441,38.7
345,455,32.0
345,464,38.2
345,465,94.8
345,538,26.9
345,545,16.8
345,556,129.9
345,561,120.9
345,568,112.4
345,598,32.1
345,601,47.3
345,611,118.5
346,147,33.7
346,228,55.1
346,295,33.2
346,332,37.4
346,351,28.8
346,397,22.1
346,412,33.2
346,419,33.2
346,502,31.2
346,556,78.5
346,561,25.5
346,588,33.4
346,598,33.4
346,601,37.0
346,611,34.7
347,99,33.9
347,132,33.9
347,147,20.8
347,165,43.5
347,168,29.7
347,194,14.1
347,204,11.4
347,320,23.0
347,344,25.3
347,345,20.9
347,354,36.0
347,359,86.9
347,362,28.2
347,363,70.8
347,365,98.1
347,366,28.0
347,370,27.4
347,383,26.0
347,397,57.6
347,410,38.8
347,419,25.7
347,432,11.9
347,451,33.5
347,463,62.8
347,464,20.9
347,465,26.4
347,469,23.1
347,549,37.5
347,561,63.6
347,566,26.3
347,567,56.7
347,568,242.1
347,601,33.5
347,626,51.5
348,21,15.8
348,178,26.1
348,193,37.8
348,194,27.9
348,244,14.0
348,264,26.1
348,291,24.7
348,295,14.1
348,331,28.2
348,345,44.1
348,354,29.1
348,356,29.2
348,357,56.2
348,362,24.8
348,364,19.3
348,380,25.1
348,412,33.2
348,450,34.4
348,457,23.4
348,459,34.4
348,464,35.3
348,504,16.1
348,529,20.9
348,556,13.1
348,561,29.4
348,568,24.8
349,50,32.1
349,117,25.1
349,136,25.9
349,145,59.7
349,152,34.0
349,216,48.5
349,223,32.3
349,225,62.0
349,249,28.3
349,254,26.9
349,260,14.0
349,284,35.3
349,345,38.9
349,354,32.4
349,357,26.0
349,364,32.3
349,365,59.7
349,366,32.5
349,367,16.6
349,374,15.6
349,407,27.4
349,412,30.0
349,442,34.5
349,448,24.3
349,459,19.0
349,480,23.0
349,515,16.2
349,518,18.3
349,531,25.3
349,535,48.3
349,540,94.2
349,556,320.4
349,561,32.4
349,564,117.2
349,566,141.7
349,588,50.9
349,594,28.4
349,597,22.4
349,600,32.5
349,601,19.7
349,611,61.8
349,619,18.3
351,24,22.6
351,27,22.8
351,103,40.1
351,146,29.2
351,147,27.8
351,300,24.3
351,313,24.3
351,334,10.2
351,345,44.0
351,346,28.8
351,352,156.1
351,361,26.6
351,362,29.5
351,448,27.2
351,463,16.4
351,501,27.3
351,556,92.4
351,561,20.4
351,566,27.2
351,572,49.5
351,587,52.3
351,601,36.0
351,606,24.5
351,609,26.2
351,610,52.5
351,611,32.4
351,626,15.8
351,629,23.4
352,95,24.8
352,153,18.7
352,155,20.1
352,167,50.8
352,198,10.5
352,291,18.9
352,351,156.1
352,396,12.1
352,413,23.9
352,419,27.8
352,601,20.6
353,73,58.1
353,102,15.1
353,103,17.3
353,145,26.7
353,155,55.1
353,354,17.3
353,355,118.7
353,357,42.2
353,545,64.5
353,554,26.7
353,556,18.2
353,561,64.5
353,586,82.7
353,608,28.8
354,21,14.2
354,43,40.8
354,45,14.3
354,103,18.7
354,141,69.9
354,143,26.8
354,147,37.4
354,153,16.0
354,167,26.1
354,172,19.8
354,194,46.3
354,208,14.3
354,284,22.4
354,294,28.3
354,297,37.4
354,307,60.2
354,320,41.2
354,340,16.5
354,344,23.4
354,345,27.2
354,347,36.0
354,348,29.1
354,349,32.4
354,353,17.3
354,355,17.4
354,356,15.8
354,357,24.8
354,359,76.1
354,361,20.8
354,362,20.8
354,363,12.2
354,364,10.2
354,365,66.6
354,366,21.4
354,368,27.6
354,370,25.5
354,385,25.0
354,386,14.1
354,389,22.0
354,397,72.8
354,412,30.1
354,452,18.7
354,464,93.6
354,514,14.3
354,542,26.8
354,556,27.6
354,561,43.3
354,567,20.2
354,573,23.9
354,598,15.1
354,600,14.1
354,601,114.5
354,606,27.2
354,608,120.4
354,611,31.8
354,629,13.9
355,38,31.1
355,61,15.1
355,101,40.3
355,165,23.2
355,175,21.0
355,178,30.1
355,194,32.0
355,267,23.2
355,275,104.6
355,285,29.6
355,287,16.8
355,292,11.7
355,340,25.1
355,341,12.1
355,344,102.6
355,353,118.7
355,354,17.4
355,361,21.9
355,366,25.3
355,368,25.3
355,441,23.0
355,463,15.2
355,464,36.8
355,465,19.4
355,531,11.4
355,545,32.5
355,554,11.7
355,556,105.9
355,561,98.1
355,564,23.4
355,568,13.9
355,609,14.1
355,626,25.5
356,155,13.8
356,194,17.3
356,291,13.5
356,294,69.3
356,295,26.9
356,300,36.3
356,348,29.2
356,354,15.8
356,357,132.6
356,465,21.0
356,499,11.4
356,519,32.5
356,528,30.1
356,543,26.4
356,550,14.6
356,561,15.7
356,623,20.2
357,40,17.8
357,45,59.4
357,58,17.5
357,62,19.2
357,138,23.3
357,147,26.0
357,194,33.9
357,234,37.5
357,291,26.0
357,307,16.9
357,311,41.7
357,341,101.7
357,344,16.6
357,345,29.4
357,348,56.2
357,349,26.0
357,353,42.2
357,354,24.8
357,356,132.6
357,358,179.2
357,359,171.8
357,368,52.7
357,391,27.4
357,413,17.4
357,442,25.0
357,448,13.9
357,463,167.6
357,464,126.8
357,566,91.1
357,567,18.9
357,568,86.5
357,600,23.2
357,601,38.0
357,624,16.9
357,626,22.3
358,147,35.6
358,155,35.6
358,275,21.4
358,334,45.4
358,341,17.7
358,357,179.2
358,359,128.2
358,470,29.2
358,511,38.5
358,561,22.3
358,586,27.4
358,598,31.0
358,601,98.2
358,626,16.1
359,27,20.6
359,136,17.0
359,149,19.4
359,153,92.6
359,155,13.9
359,194,24.0
359,293,15.5
359,307,29.4
359,345,25.1
359,347,86.9
359,354,76.1
359,357,171.8
359,358,128.2
359,364,30.9
359,367,15.5
359,448,15.5
359,464,34.1
359,466,81.5
359,542,45.5
359,545,40.4
359,556,65.3
359,568,30.9
359,601,84.2
360,103,33.2
360,105,17.7
360,153,30.4
360,155,16.8
360,194,23.6
360,228,17.0
360,340,19.2
360,362,145.8
360,368,31.9
360,543,18.0
360,545,23.8
360,556,25.8
360,561,40.5
360,601,34.7
360,626,143.8
361,124,16.7
361,155,15.2
361,194,13.5
361,275,21.4
361,279,15.2
361,351,26.6
361,354,20.8
361,355,21.9
361,362,47.1
361,364,18.3
361,463,27.0
361,470,24.1
361,553,30.4
361,556,33.2
361,600,33.7
362,31,39.9
362,138,29.7
362,153,55.7
362,236,23.8
362,260,27.0
362,266,23.6
362,281,18.0
362,307,30.4
362,339,21.9
362,340,107.3
362,347,28.2
362,348,24.8
362,351,29.5
362,354,20.8
362,360,145.8
362,361,47.1
362,363,128.9
362,368,13.9
362,370,20.9
362,391,13.0
362,438,23.5
362,463,28.3
362,499,19.0
362,525,22.9
362,543,19.8
362,556,23.4
362,561,36.0
362,600,27.0
362,601,37.6
362,626,91.8
362,629,16.5
363,204,90.8
363,347,70.8
363,354,12.2
363,362,128.9
363,512,27.3
363,543,17.4
363,556,77.4
363,561,29.4
363,586,15.5
363,601,16.5
363,611,104.6
363,624,19.7
363,626,42.4
364,103,16.5
364,147,35.7
364,167,12.2
364,279,55.9
364,345,21.6
364,348,19.3
364,349,32.3
364,354,10.2
364,359,30.9
364,361,18.3
364,397,23.5
364,556,14.2
364,561,13.9
365,146,51.9
365,283,17.3
365,303,16.9
365,341,18.9
365,347,98.1
365,349,59.7
365,354,66.6
365,410,38.8
365,448,21.9
365,461,17.3
365,467,12.1
365,470,13.9
365,531,26.6
365,543,18.9
365,601,12.6
365,606,13.9
365,626,176.2
366,43,31.2
366,74,31.4
366,121,27.0
366,153,20.8
366,155,31.2
366,234,91.1
366,245,43.6
366,291,21.7
366,334,15.5
366,347,28.0
366,349,32.5
366,354,21.4
366,355,25.3
366,367,53.2
366,368,25.3
366,380,31.2
366,463,28.6
366,504,19.6
366,510,30.8
366,514,16.4
366,520,14.8
366,542,69.8
366,556,60.6
366,587,19.9
366,600,32.5
366,601,55.0
367,61,39.7
367,96,120.0
367,192,17.2
367,193,36.5
367,194,112.4
367,236,19.6
367,251,37.0
367,265,24.5
367,279,44.6
367,282,27.8
367,318,16.2
367,320,64.2
367,349,16.6
367,359,15.5
367,366,53.2
367,368,256.5
367,369,146.7
367,370,139.7
367,376,30.7
367,380,22.2
367,396,21.6
367,397,48.0
367,417,12.9
367,432,44.6
367,461,30.7
367,467,18.9
367,469,20.3
367,470,16.6
367,471,44.6
367,531,314.6
367,545,23.4
367,549,12.4
367,551,16.6
367,556,26.6
367,568,24.3
367,579,49.9
367,585,108.8
367,586,16.2
367,600,45.6
367,601,76.7
367,626,130.6
368,14,23.5
368,21,32.7
368,25,37.1
368,121,14.9
368,141,28.6
368,145,46.8
368,147,31.9
368,153,13.8
368,155,40.7
368,161,36.8
368,178,26.9
368,190,30.4
368,194,27.1
368,204,26.0
368,226,51.3
368,265,17.0
368,266,26.4
368,278,23.4
368,279,58.5
368,287,15.1
368,312,28.8
368,320,61.4
368,321,25.4
368,323,30.9
368,329,25.3
368,354,27.6
368,355,25.3
368,357,52.7
368,360,31.9
368,362,13.9
368,366,25.3
368,367,256.5
368,369,15.7
368,372,82.3
368,376,30.7
368,380,22.2
368,383,20.3
368,386,51.4
368,413,19.9
368,419,45.8
368,424,43.7
368,428,18.0
368,437,16.4
368,440,35.6
368,448,26.2
368,459,26.0
368,460,28.8
368,461,83.3
368,464,27.2
368,465,17.4
368,470,42.1
368,477,27.1
368,487,21.1
368,501,42.1
368,525,19.0
368,542,29.7
368,543,30.7
368,544,20.3
368,545,15.5
368,556,40.8
368,561,31.1
368,585,23.4
368,586,26.1
368,601,53.4
368,606,18.7
368,617,26.1
368,626,27.4
369,48,27.2
369,153,26.3
369,155,111.9
369,291,30.9
369,367,146.7
369,368,15.7
369,419,22.5
369,461,26.1
369,476,30.5
369,521,47.8
369,568,13.2
369,601,51.9
369,624,30.0
369,626,45.0
370,52,14.4
370,148,31.8
370,153,210.3
370,155,50.5
370,214,67.1
370,228,18.8
370,292,18.0
370,293,39.8
370,318,33.5
370,320,34.1
370,347,27.4
370,354,25.5
370,362,20.9
370,367,139.7
370,373,75.2
370,374,40.8
370,384,30.4
370,387,38.1
370,412,28.4
370,424,28.4
370,432,121.4
370,446,22.9
370,463,11.4
370,466,40.4
370,470,17.9
370,472,121.4
370,507,30.5
370,520,38.1
370,525,22.9
370,531,40.8
370,561,40.6
370,600,52.6
370,601,117.2
370,629,11.4
371,380,26.5
371,472,27.7
371,512,26.1
371,542,22.6
371,543,22.1
371,570,54.4
371,626,22.6
372,102,78.5
372,147,64.1
372,303,49.7
372,368,82.3
372,380,83.7
372,463,28.8
372,470,18.4
372,472,154.6
372,498,11.1
372,499,15.8
372,550,19.9
372,556,87.6
372,600,17.1
372,601,21.6
373,96,15.4
373,136,15.4
373,155,19.0
373,182,30.4
373,370,75.2
373,470,38.1
373,471,25.6
373,472,119.1
373,508,28.1
374,22,30.1
374,349,15.6
374,370,40.8
374,448,15.3
374,470,51.5
374,472,87.6
374,481,47.7
374,499,36.3
374,531,40.8
374,546,25.9
374,550,75.7
374,561,27.2
374,567,100.7
374,568,51.9
374,569,39.6
374,601,47.7
376,260,44.2
376,367,30.7
376,368,30.7
376,377,56.5
376,380,13.0
376,385,23.6
376,389,140.7
376,397,57.6
376,411,20.8
376,472,52.1
376,531,13.0
376,601,23.6
377,204,50.7
377,376,56.5
377,380,50.9
377,397,24.8
377,444,32.9
377,467,39.5
377,470,33.9
377,472,246.9
377,476,31.0
377,499,94.7
377,550,44.3
377,597,21.6
378,95,14.9
378,155,15.1
378,186,15.7
378,380,58.8
378,397,32.7
378,461,60.0
378,470,17.2
378,499,22.8
378,514,15.7
378,550,18.4
378,561,32.7
378,572,23.7
378,597,28.2
379,380,18.4
379,467,20.2
379,470,15.5
379,542,25.1
379,632,23.8
380,66,19.5
380,95,19.7
380,155,73.3
380,224,55.1
380,277,48.6
380,280,48.6
380,288,35.4
380,307,25.8
380,311,23.7
380,348,25.1
380,366,31.2
380,367,22.2
380,368,22.2
380,371,26.5
380,372,83.7
380,376,13.0
380,377,50.9
380,378,58.8
380,379,18.4
380,381,53.8
380,382,69.8
380,383,55.6
380,385,76.4
380,386,17.5
380,388,72.5
380,389,101.0
380,391,24.3
380,424,21.7
380,435,41.4
380,461,13.9
380,467,30.0
380,470,119.1
380,472,58.6
380,531,26.9
380,542,17.2
380,556,49.2
380,569,104.1
380,570,31.3
380,571,23.6
380,598,15.5
380,601,55.1
381,161,38.6
381,196,21.7
381,380,53.8
381,382,48.3
381,387,33.7
381,388,31.2
381,467,55.7
381,471,51.6
381,499,24.9
381,542,13.2
381,543,20.3
382,145,23.0
382,153,76.3
382,183,24.4
382,194,28.5
382,380,69.8
382,381,48.3
382,389,18.1
382,397,33.0
382,434,33.0
382,470,23.0
382,485,16.0
382,499,47.5
382,550,21.6
382,577,23.0
382,595,46.6
382,624,43.7
382,626,20.8
383,153,55.5
383,214,14.9
383,254,22.8
383,267,17.8
383,283,29.0
383,334,25.9
383,347,26.0
383,368,20.3
383,380,55.6
383,386,40.2
383,387,87.6
383,389,14.8
383,471,17.4
383,499,14.3
383,549,20.8
383,550,32.0
384,147,37.4
384,370,30.4
384,387,139.9
384,389,24.1
384,542,16.8
384,588,37.4
385,116,17.6
385,121,28.8
385,354,25.0
385,376,23.6
385,380,76.4
385,397,20.2
385,432,17.1
385,434,51.2
385,467,30.8
385,470,22.7
385,545,39.9
385,549,28.1
385,556,19.2
385,600,18.1
385,601,23.6
385,629,20.2
386,102,16.8
386,103,46.5
386,147,30.1
386,194,26.0
386,214,18.4
386,249,26.2
386,354,14.1
386,368,51.4
386,380,17.5
386,383,40.2
386,388,18.4
386,389,94.0
386,390,23.4
386,391,14.1
386,397,20.6
386,412,23.4
386,419,112.4
386,420,26.3
386,471,112.5
386,477,53.7
386,488,17.8
386,496,37.9
386,499,19.3
386,519,26.2
386,521,48.8
386,542,60.0
386,569,64.6
386,585,18.1
386,597,80.8
386,600,61.4
386,601,24.9
386,626,19.0
387,52,25.6
387,102,21.6
387,198,48.3
387,307,18.4
387,370,38.1
387,381,33.7
387,383,87.6
387,384,139.9
387,388,85.0
387,389,263.2
387,494,23.0
387,519,25.9
387,520,38.1
387,570,47.0
387,571,32.7
387,600,40.6
388,115,23.1
388,214,18.4
388,261,31.3
388,311,17.9
388,380,72.5
388,381,31.2
388,386,18.4
388,387,85.0
388,389,67.8
388,417,29.7
388,434,26.6
388,435,41.4
388,470,31.3
388,499,29.9
388,542,13.8
388,546,20.8
388,550,32.4
388,601,54.9
389,95,31.7
389,102,21.6
389,145,27.7
389,147,39.5
389,167,27.1
389,194,26.0
389,235,16.8
389,311,21.6
389,354,22.0
389,376,140.7
389,380,101.0
389,382,18.1
389,383,14.8
389,384,24.1
389,386,94.0
389,387,263.2
389,388,67.8
389,397,20.8
389,417,29.7
389,434,34.6
389,455,82.5
389,466,24.6
389,470,27.1
389,476,32.2
389,487,27.1
389,496,25.5
389,498,21.6
389,499,61.5
389,534,15.1
389,542,54.7
389,543,14.3
389,550,36.5
389,571,15.7
389,573,37.3
389,600,20.1
389,601,52.5
390,64,49.2
390,95,22.7
390,103,26.8
390,147,53.7
390,386,23.4
390,396,14.9
390,405,47.0
390,423,21.6
390,499,50.1
390,545,21.6
390,572,14.9
390,597,69.7
390,601,35.3
390,626,25.4
391,64,22.0
391,147,27.9
391,153,27.9
391,199,14.4
391,225,27.7
391,357,27.4
391,362,13.0
391,380,24.3
391,386,14.1
391,434,27.9
391,466,46.2
391,531,13.0
391,545,22.0
391,550,15.7
391,594,46.2
391,597,35.8
392,102,32.2
392,155,24.0
392,203,23.3
392,311,37.0
392,395,61.5
392,408,30.2
392,412,24.4
392,463,30.1
392,471,31.7
392,499,15.7
392,542,34.3
392,550,17.4
392,556,49.5
392,561,13.6
392,586,18.0
392,601,49.4
393,155,42.8
393,228,23.6
393,309,14.8
393,395,22.2
393,412,67.1
393,467,30.1
393,481,81.0
393,542,79.0
393,572,60.6
393,578,22.2
393,597,60.6
393,601,17.5
393,626,23.4
394,95,13.2
394,204,19.9
394,292,18.8
394,312,53.7
394,313,63.4
394,420,46.1
394,461,94.0
394,464,22.5
394,485,23.4
394,550,20.6
394,561,59.9
394,596,25.5
394,600,40.2
394,601,25.5
395,20,39.4
395,153,50.1
395,204,21.6
395,229,22.8
395,234,26.7
395,392,61.5
395,393,22.2
395,396,29.1
395,412,25.9
395,415,17.1
395,421,48.1
395,424,19.0
395,470,20.3
395,476,24.8
395,499,48.4
395,521,24.9
395,542,84.6
395,543,49.4
395,550,24.2
395,551,23.6
395,572,26.1
395,578,22.2
396,95,21.2
396,103,32.2
396,147,17.8
396,148,33.0
396,155,33.0
396,171,29.3
396,209,15.8
396,210,26.5
396,248,44.4
396,331,37.2
396,352,12.1
396,367,21.6
396,390,14.9
396,395,29.1
396,397,18.3
396,410,24.4
396,412,24.4
396,420,18.1
396,425,12.2
396,451,13.9
396,461,25.5
396,466,21.6
396,470,17.8
396,508,19.1
396,523,14.9
396,532,14.0
396,545,29.3
396,546,12.0
396,549,12.0
396,561,77.1
396,573,24.2
396,578,27.0
396,585,21.6
396,597,30.4
396,600,36.0
396,601,63.1
397,107,20.1
397,145,45.7
397,155,67.6
397,161,30.9
397,167,23.5
397,228,19.5
397,232,21.1
397,286,33.4
397,290,19.2
397,293,24.9
397,295,25.2
397,311,30.8
397,320,83.9
397,334,43.3
397,346,22.1
397,347,57.6
397,354,72.8
397,364,23.5
397,367,48.0
397,376,57.6
397,377,24.8
397,378,32.7
397,382,33.0
397,385,20.2
397,386,20.6
397,389,20.8
397,396,18.3
397,401,161.8
397,404,33.3
397,405,41.0
397,408,57.0
397,410,37.5
397,411,57.0
397,412,40.4
397,413,16.0
397,415,17.2
397,419,16.9
397,421,18.1
397,422,38.6
397,430,18.3
397,434,83.3
397,448,21.9
397,457,15.3
397,470,41.0
397,487,27.1
397,497,16.0
397,499,40.3
397,526,63.9
397,529,16.0
397,542,16.0
397,550,74.5
397,556,25.5
397,561,32.7
397,568,57.6
397,570,41.0
397,572,77.4
397,597,58.0
397,598,25.3
397,600,58.1
397,601,52.9
397,607,17.0
397,624,35.7
397,626,77.8
398,147,60.3
398,286,100.6
398,401,26.6
398,424,26.6
398,434,31.6
398,499,17.6
398,542,49.8
398,545,49.1
398,601,57.2
399,56,39.5
399,153,20.3
399,155,126.3
399,397,67.8
399,410,19.9
399,415,22.6
399,432,101.8
399,434,22.9
399,461,34.8
399,494,22.2
399,500,34.8
399,545,14.4
399,550,14.2
399,601,80.5
401,95,17.1
401,145,28.1
401,304,13.9
401,397,161.8
401,412,39.7
401,434,12.8
401,471,54.1
401,521,19.4
401,526,123.2
401,527,21.8
401,529,202.9
401,554,16.6
401,569,23.2
401,577,104.3
401,578,16.1
401,595,126.5
401,600,13.2
401,601,67.2
401,626,28.1
404,103,89.1
404,397,33.3
404,410,17.4
404,412,17.4
404,433,25.4
404,434,22.5
404,520,23.0
404,550,23.3
404,572,25.4
404,585,58.7
404,600,27.6
404,601,36.2
404,624,35.5
405,153,16.3
405,167,17.8
405,390,47.0
405,397,41.0
405,407,48.0
405,408,26.6
405,410,30.7
405,434,16.0
405,435,75.5
405,436,170.9
405,437,240.0
405,438,51.3
405,453,36.6
405,494,37.8
405,550,89.5
405,551,14.8
405,556,14.8
405,561,15.4
405,601,20.4
405,624,45.9
407,278,19.0
407,349,27.4
407,405,48.0
407,432,45.1
407,436,39.7
407,458,26.1
407,542,23.1
407,545,19.1
407,578,50.0
408,147,33.2
408,155,20.8
408,182,25.4
408,194,30.8
408,392,30.2
408,397,57.0
408,405,26.6
408,411,57.0
408,412,31.0
408,428,35.9
408,432,23.6
408,499,21.1
408,519,18.7
408,546,25.4
408,549,16.1
408,624,20.8
409,153,30.9
409,410,57.5
409,412,68.3
409,415,31.2
409,424,41.2
409,434,52.1
409,499,30.5
409,520,34.2
409,542,17.1
409,569,39.5
409,594,39.5
409,600,22.2
410,145,18.1
410,155,22.6
410,347,38.8
410,365,38.8
410,396,24.4
410,397,37.5
410,404,17.4
410,405,30.7
410,409,57.5
410,412,86.2
410,415,31.2
410,422,68.7
410,424,126.3
410,427,33.3
410,428,31.1
410,430,43.7
410,433,17.6
410,434,110.4
410,438,24.2
410,448,20.8
410,470,33.9
410,477,84.3
410,478,16.3
410,550,27.6
410,561,15.4
410,577,26.4
410,594,26.4
410,595,74.3
410,597,28.2
410,601,108.6
411,95,23.8
411,149,31.7
411,153,27.6
411,284,28.4
411,307,29.4
411,376,20.8
411,397,57.0
411,408,57.0
411,412,59.4
411,424,99.8
411,478,18.5
411,499,46.6
411,520,27.6
411,550,23.8
411,578,31.0
411,606,27.6
411,612,34.0
412,22,32.5
412,110,19.1
412,112,39.7
412,147,37.4
412,214,20.7
412,234,29.6
412,235,23.9
412,264,18.3
412,284,28.4
412,304,17.6
412,307,13.5
412,334,36.4
412,346,33.2
412,348,33.2
412,349,30.0
412,354,30.1
412,370,28.4
412,386,23.4
412,392,24.4
412,393,67.1
412,395,25.9
412,396,24.4
412,397,40.4
412,401,39.7
412,404,17.4
412,408,31.0
412,409,68.3
412,410,86.2
412,411,59.4
412,413,20.9
412,415,15.6
412,417,71.7
412,419,33.2
412,422,57.7
412,423,52.9
412,424,47.9
412,425,75.4
412,427,33.3
412,428,31.1
412,432,56.8
412,433,20.5
412,434,73.8
412,435,29.1
412,463,28.9
412,466,17.6
412,487,15.8
412,499,27.3
412,518,62.8
412,523,20.5
412,526,25.9
412,529,91.7
412,530,106.2
412,546,56.8
412,549,68.5
412,550,33.5
412,561,28.4
412,573,21.7
412,578,31.0
412,596,29.0
412,600,63.6
412,601,116.2
412,626,24.3
413,153,50.8
413,155,54.3
413,220,20.0
413,282,14.3
413,352,23.9
413,357,17.4
413,368,19.9
413,397,16.0
413,412,20.9
413,424,150.4
413,499,53.1
413,519,16.6
413,543,25.8
413,549,19.1
413,550,36.2
413,556,22.4
413,573,20.8
413,601,30.9
415,37,22.4
415,118,31.8
415,136,34.3
415,153,18.3
415,228,20.9
415,344,24.7
415,395,17.1
415,397,17.2
415,409,31.2
415,410,31.2
415,412,15.6
415,420,79.0
415,434,31.8
415,471,15.2
415,481,28.1
415,488,57.2
415,493,32.3
415,499,47.3
415,502,22.4
415,523,31.2
415,584,23.9
415,585,34.3
417,33,17.6
417,38,23.3
417,146,45.8
417,194,12.9
417,284,36.1
417,331,19.7
417,367,12.9
417,388,29.7
417,389,29.7
417,412,71.7
417,438,25.8
417,459,26.6
417,501,29.0
417,527,19.7
417,543,61.9
417,545,35.9
417,561,13.6
417,601,111.8
419,228,26.8
419,282,22.6
419,346,33.2
419,347,25.7
419,352,27.8
419,368,45.8
419,369,22.5
419,386,112.4
419,397,16.9
419,412,33.2
419,520,51.4
419,542,45.2
419,601,56.8
420,204,17.1
420,307,27.1
420,386,26.3
420,394,46.1
420,396,18.1
420,415,79.0
420,430,22.6
420,432,30.8
420,434,39.0
420,485,16.5
420,494,73.8
420,499,68.5
420,539,27.8
420,542,20.8
420,550,221.1
420,556,39.0
420,579,39.0
420,597,30.1
420,600,99.3
420,624,21.3
421,102,29.8
421,171,29.8
421,198,29.4
421,284,14.3
421,395,48.1
421,397,18.1
421,423,47.0
421,424,49.0
421,434,13.6
421,481,30.5
421,487,13.4
421,499,45.2
421,520,20.5
421,542,30.5
421,549,27.7
421,550,25.7
421,601,16.1
421,624,19.4
422,147,38.6
422,153,27.4
422,303,63.0
422,397,38.6
422,410,68.7
422,412,57.7
422,423,43.3
422,424,120.0
422,434,44.6
422,550,21.5
422,556,29.8
422,577,16.1
422,600,81.9
422,601,33.3
422,607,18.8
423,103,17.9
423,158,35.2
423,171,29.8
423,216,41.2
423,264,18.3
423,390,21.6
423,412,52.9
423,421,47.0
423,422,43.3
423,424,207.3
423,428,18.1
423,432,26.2
423,433,14.3
423,434,18.3
423,435,21.7
423,461,13.1
423,481,36.7
423,494,38.3
423,499,14.3
423,518,18.3
423,550,21.5
423,556,35.2
423,573,21.7
423,577,42.9
423,600,52.7
423,601,88.8
423,624,35.7
424,10,12.7
424,147,59.9
424,153,36.4
424,368,43.7
424,370,28.4
424,380,21.7
424,395,19.0
424,409,41.2
424,410,126.3
424,411,99.8
424,412,47.9
424,413,150.4
424,421,49.0
424,422,120.0
424,423,207.3
424,430,111.6
424,459,28.4
424,463,12.7
424,481,37.6
424,485,22.2
424,499,39.8
424,522,22.9
424,529,40.2
424,549,115.7
424,550,173.3
424,561,28.4
424,575,75.1
424,599,184.5
424,600,43.7
424,601,14.7
425,32,33.9
425,147,40.1
425,153,32.0
425,396,12.2
425,412,75.4
425,448,19.0
425,499,40.1
425,550,43.7
425,577,18.3
425,601,21.7
426,147,29.0
426,153,22.1
426,432,15.0
426,550,45.3
426,577,13.6
426,600,17.1
426,601,30.0
427,113,23.4
427,145,23.4
427,147,40.0
427,247,29.5
427,410,33.3
427,412,33.3
427,432,28.6
427,434,15.0
427,519,30.9
427,546,34.9
427,550,40.2
427,616,30.9
428,95,17.1
428,153,20.0
428,204,18.1
428,280,31.2
428,334,18.1
428,368,18.0
428,408,35.9
428,410,31.1
428,412,31.1
428,423,18.1
428,432,21.6
428,434,33.3
428,545,37.9
428,550,22.1
428,601,18.1
428,617,18.0
430,147,19.1
430,153,36.1
430,334,14.8
430,397,18.3
430,410,43.7
430,420,22.6
430,424,111.6
430,432,43.6
430,459,28.4
430,466,28.4
430,499,65.3
430,588,36.1
432,101,11.3
432,145,36.2
432,153,22.5
432,155,77.2
432,194,33.9
432,277,27.1
432,282,27.1
432,292,36.2
432,341,11.3
432,347,11.9
432,367,44.6
432,370,121.4
432,385,17.1
432,407,45.1
432,408,23.6
432,412,56.8
432,420,30.8
432,423,26.2
432,426,15.0
432,427,28.6
432,428,21.6
432,430,43.6
432,434,75.0
432,444,56.3
432,455,42.4
432,458,16.8
432,466,28.4
432,471,44.6
432,477,19.4
432,481,18.5
432,484,14.4
432,485,77.0
432,499,44.1
432,503,18.5
432,525,19.4
432,530,56.3
432,542,35.8
432,546,56.8
432,577,28.2
432,588,24.3
432,595,17.0
432,596,29.0
432,600,42.6
432,601,139.8
432,624,18.5
432,626,22.1
433,404,25.4
433,410,17.6
433,412,20.5
433,423,14.3
433,572,25.4
434,115,22.3
434,147,28.6
434,153,95.8
434,155,41.7
434,200,14.6
434,242,20.1
434,252,23.4
434,279,25.1
434,281,40.1
434,291,22.6
434,292,16.8
434,299,37.5
434,303,23.9
434,308,26.1
434,318,17.3
434,329,26.1
434,345,25.1
434,382,33.0
434,385,51.2
434,388,26.6
434,389,34.6
434,391,27.9
434,397,83.3
434,401,12.8
434,404,22.5
434,405,16.0
434,409,52.1
434,410,110.4
434,412,73.8
434,415,31.8
434,420,39.0
434,421,13.6
434,422,44.6
434,423,18.3
434,427,15.0
434,428,33.3
434,432,75.0
434,435,17.6
434,436,124.1
434,437,47.3
434,438,83.5
434,444,28.1
434,445,32.3
434,459,93.6
434,469,66.3
434,470,29.6
434,473,50.1
434,477,36.6
434,481,45.0
434,484,20.3
434,492,31.1
434,494,25.4
434,518,53.5
434,525,40.1
434,526,37.5
434,528,19.7
434,530,28.1
434,539,27.8
434,541,28.2
434,549,49.7
434,561,32.8
434,571,50.1
434,572,50.3
434,575,79.4
434,577,44.1
434,578,45.7
434,585,61.3
434,586,71.2
434,588,29.2
434,592,43.9
434,594,72.6
434,595,48.5
434,598,69.3
434,600,27.7
434,601,112.5
434,609,50.4
434,624,33.9
434,627,23.9
435,27,26.1
435,147,46.0
435,155,45.7
435,226,19.2
435,237,28.1
435,282,23.0
435,380,41.4
435,388,41.4
435,405,75.5
435,412,29.1
435,423,21.7
435,434,17.6
435,437,91.9
435,529,18.3
435,542,22.9
435,545,16.0
435,577,17.6
435,598,16.0
435,601,54.9
436,86,21.5
436,405,170.9
436,407,39.7
436,434,124.1
436,499,63.1
436,521,18.3
436,542,83.9
436,550,43.0
436,600,27.7
436,624,33.9
437,153,72.0
437,155,16.4
437,195,57.7
437,304,25.2
437,368,16.4
437,405,240.0
437,434,47.3
437,435,91.9
437,499,21.8
437,542,19.7
437,543,19.0
437,548,24.6
437,601,64.3
437,626,25.6
438,103,25.2
438,153,49.2
438,155,25.6
438,228,19.7
438,247,32.0
438,304,25.2
438,345,15.7
438,362,23.5
438,405,51.3
438,410,24.2
438,417,25.8
438,434,83.5
438,523,48.5
438,542,44.7
438,543,25.8
438,577,48.5
438,601,86.7
440,121,24.7
440,147,23.3
440,154,16.9
440,228,27.4
440,260,24.7
440,368,35.6
440,445,17.1
440,446,37.0
440,448,127.9
440,452,83.4
440,458,45.6
440,459,136.0
440,561,13.9
440,586,61.2
440,600,34.5
440,601,178.6
440,626,24.4
441,55,21.5
441,167,31.9
441,201,35.3
441,277,38.7
441,282,24.7
441,286,45.6
441,291,80.6
441,294,27.5
441,307,25.4
441,326,45.6
441,345,38.7
441,355,23.0
441,445,35.3
441,451,48.3
441,459,95.0
441,461,102.8
441,546,15.2
441,551,27.9
441,567,60.3
441,586,23.0
441,588,22.4
441,598,23.7
441,601,38.8
441,617,28.0
441,626,130.2
442,86,27.2
442,95,55.3
442,155,44.4
442,167,40.7
442,228,84.4
442,282,22.2
442,295,59.6
442,300,81.8
442,349,34.5
442,357,25.0
442,459,43.4
442,580,35.5
442,585,22.2
442,588,19.2
442,601,125.9
444,107,22.5
444,126,36.8
444,153,30.0
444,155,49.3
444,282,16.8
444,291,40.3
444,309,22.9
444,311,19.2
444,313,94.0
444,377,32.9
444,432,56.3
444,434,28.1
444,459,50.1
444,546,33.8
444,549,22.6
444,556,30.0
444,578,27.7
444,586,16.8
444,601,21.2
445,135,22.2
445,147,39.5
445,311,74.7
445,434,32.3
445,440,17.1
445,441,35.3
445,459,90.7
445,463,14.0
445,568,30.0
445,588,43.4
445,598,55.9
445,601,116.2
445,624,17.1
446,95,20.7
446,147,37.4
446,154,16.9
446,228,15.8
446,282,23.3
446,304,22.6
446,306,22.6
446,309,15.8
446,370,22.9
446,440,37.0
446,448,23.3
446,521,28.4
446,525,71.2
446,588,22.9
446,598,16.5
446,601,48.3
447,121,20.1
447,145,20.1
447,279,31.2
447,448,20.1
447,459,22.5
447,476,68.3
447,496,53.0
447,539,54.9
447,545,22.4
447,588,46.4
447,601,142.0
448,135,15.4
448,141,52.4
448,155,24.9
448,272,35.7
448,273,15.5
448,277,45.0
448,280,45.0
448,282,151.9
448,288,18.3
448,289,30.9
448,293,15.5
448,295,27.1
448,299,41.1
448,310,72.2
448,318,88.3
448,321,29.3
448,349,24.3
448,351,27.2
448,357,13.9
448,359,15.5
448,365,21.9
448,368,26.2
448,374,15.3
448,397,21.9
448,410,20.8
448,425,19.0
448,440,127.9
448,446,23.3
448,447,20.1
448,450,64.4
448,452,17.5
448,453,114.1
448,459,93.6
448,477,17.1
448,532,17.1
448,542,34.7
448,543,85.8
448,545,27.2
448,550,19.0
448,553,22.4
448,586,238.0
448,587,44.3
448,588,26.3
448,592,44.6
448,599,18.9
448,600,32.1
448,601,110.5
448,610,23.0
448,626,87.7
448,629,50.9
449,153,45.2
449,155,23.0
449,283,20.1
449,297,29.1
449,458,68.1
449,459,28.5
449,525,38.3
449,542,69.7
449,598,31.3
449,601,48.2
450,147,61.6
450,150,22.9
450,153,81.4
450,155,88.3
450,234,32.1
450,271,25.9
450,279,33.2
450,288,27.2
450,292,73.8
450,303,14.0
450,307,130.2
450,329,92.0
450,348,34.4
450,448,64.4
450,454,28.2
450,458,32.1
450,459,304.4
450,493,27.9
450,532,92.0
450,542,30.1
450,545,88.5
450,579,12.2
450,585,30.4
450,587,32.3
450,588,22.9
450,598,27.2
450,601,94.1
450,624,14.0
450,626,59.6
451,81,17.1
451,147,49.9
451,153,68.0
451,154,68.5
451,204,21.2
451,282,28.0
451,291,21.2
451,307,74.4
451,334,80.2
451,339,22.4
451,347,33.5
451,396,13.9
451,441,48.3
451,455,25.1
451,459,251.8
451,525,12.7
451,535,14.6
451,542,18.4
451,551,22.6
451,586,35.6
451,588,41.0
451,601,114.7
451,626,27.4
452,103,18.7
452,145,24.9
452,155,33.1
452,279,24.9
452,282,34.3
452,354,18.7
452,440,83.4
452,448,17.5
452,459,27.5
452,542,24.9
452,556,24.4
452,561,28.0
452,585,78.6
452,600,34.3
452,601,17.5
453,103,17.3
453,147,21.8
453,155,16.3
453,234,16.2
453,270,28.2
453,405,36.6
453,448,114.1
453,542,23.4
453,572,16.2
453,586,17.3
453,587,15.2
453,601,49.0
453,626,39.8
454,124,28.0
454,309,40.5
454,320,153.5
454,450,28.2
454,455,25.1
454,459,139.7
454,495,21.5
454,496,16.5
454,516,39.9
454,525,16.5
454,543,34.4
454,545,57.9
454,579,35.8
454,599,19.6
454,600,36.1
455,85,30.1
455,90,88.0
455,121,26.7
455,145,61.7
455,155,32.0
455,194,12.2
455,208,16.8
455,228,17.0
455,279,135.8
455,291,15.2
455,304,55.6
455,345,32.0
455,389,82.5
455,432,42.4
455,451,25.1
455,454,25.1
455,469,27.7
455,477,30.1
455,525,59.9
455,543,26.3
455,578,17.6
455,586,96.5
455,598,29.1
455,601,37.3
455,626,74.8
456,140,32.9
456,153,27.7
456,155,57.2
456,161,33.9
456,270,16.7
456,285,20.6
456,295,39.9
456,297,39.9
456,303,27.5
456,318,86.4
456,322,21.7
456,329,21.7
456,578,12.9
456,627,15.6
457,147,17.9
457,153,35.0
457,155,51.8
457,282,16.8
457,285,23.3
457,291,39.2
457,329,40.0
457,348,23.4
457,397,15.3
457,460,51.9
457,461,14.1
457,477,19.4
457,501,48.0
457,556,65.6
457,601,50.0
457,626,138.4
458,12,16.5
458,47,22.6
458,155,25.3
458,193,28.2
458,285,14.7
458,300,65.9
458,307,23.0
458,314,23.2
458,334,21.0
458,337,19.3
458,407,26.1
458,432,16.8
458,440,45.6
458,449,68.1
458,450,32.1
458,459,70.5
458,525,29.4
458,532,12.2
458,542,47.7
458,543,14.7
458,550,31.6
458,561,21.0
458,587,30.6
458,588,69.0
458,601,206.4
459,34,31.1
459,50,24.8
459,80,15.1
459,96,53.4
459,142,66.4
459,146,23.7
459,147,40.8
459,155,48.1
459,161,31.9
459,182,15.7
459,201,35.3
459,266,15.7
459,271,25.9
459,275,18.2
459,282,43.4
459,309,55.1
459,311,20.4
459,313,71.9
459,348,34.4
459,349,19.0
459,368,26.0
459,417,26.6
459,424,28.4
459,430,28.4
459,434,93.6
459,440,136.0
459,441,95.0
459,442,43.4
459,444,50.1
459,445,90.7
459,447,22.5
459,448,93.6
459,449,28.5
459,450,304.4
459,451,251.8
459,452,27.5
459,454,139.7
459,458,70.5
459,473,16.3
459,477,16.3
459,542,26.3
459,548,35.2
459,556,78.1
459,566,23.4
459,579,55.7
459,585,61.3
459,601,75.7
461,35,13.6
461,77,30.3
461,147,12.7
461,153,26.3
461,191,16.1
461,204,19.9
461,300,30.3
461,307,21.9
461,322,14.8
461,365,17.3
461,367,30.7
461,368,83.3
461,369,26.1
461,378,60.0
461,380,13.9
461,394,94.0
461,396,25.5
461,423,13.1
461,441,102.8
461,457,14.1
461,531,13.9
461,556,72.8
461,570,23.5
461,588,30.1
461,600,14.8
461,601,42.1
461,626,205.9
463,15,24.0
463,50,24.8
463,147,22.5
463,153,18.7
463,155,33.8
463,194,61.2
463,209,22.5
463,216,29.6
463,220,82.4
463,227,22.5
463,232,29.6
463,236,38.5
463,279,17.1
463,291,23.0
463,307,19.7
463,329,35.3
463,341,16.4
463,347,62.8
463,351,16.4
463,355,15.2
463,357,167.6
463,361,27.0
463,362,28.3
463,366,28.6
463,370,11.4
463,372,28.8
463,392,30.1
463,412,28.9
463,424,12.7
463,445,14.0
463,460,16.2
463,464,17.1
463,472,28.9
463,500,18.1
463,514,24.8
463,516,25.2
463,527,25.6
463,540,28.5
463,543,25.5
463,556,69.0
463,561,81.5
463,566,16.4
463,578,12.2
463,579,15.8
463,585,25.6
463,593,30.1
463,594,17.9
463,597,13.2
463,601,86.2
463,608,27.3
463,626,26.6
464,14,20.3
464,45,32.7
464,99,50.4
464,125,32.7
464,137,50.4
464,189,25.1
464,194,31.2
464,228,49.0
464,291,16.6
464,307,24.8
464,345,38.2
464,347,20.9
464,348,35.3
464,354,93.6
464,355,36.8
464,357,126.8
464,359,34.1
464,368,27.2
464,394,22.5
464,463,17.1
464,465,19.4
464,471,53.2
464,476,22.3
464,494,31.2
464,520,43.7
464,542,17.1
464,556,94.7
464,561,37.1
464,585,16.6
464,626,19.7
465,102,22.2
465,153,13.6
465,204,20.4
465,345,94.8
465,347,26.4
465,355,19.4
465,356,21.0
465,368,17.4
465,464,19.4
465,519,28.5
465,556,42.4
465,578,59.8
465,601,22.6
466,49,46.2
466,103,40.4
466,149,17.6
466,265,17.6
466,359,81.5
466,370,40.4
466,389,24.6
466,391,46.2
466,396,21.6
466,412,17.6
466,430,28.4
466,432,28.4
466,469,20.3
466,484,24.6
466,498,26.2
466,519,26.2
466,520,15.3
466,525,15.3
466,585,21.6
466,600,24.6
467,4,41.8
467,10,17.9
467,145,30.0
467,365,12.1
467,367,18.9
467,377,39.5
467,379,20.2
467,380,30.0
467,381,55.7
467,385,30.8
467,393,30.1
467,469,40.0
467,470,33.6
467,471,304.9
467,482,31.4
467,542,41.8
467,550,22.1
467,561,38.1
467,569,19.0
467,609,15.5
467,619,33.4
469,147,17.9
469,282,17.9
469,334,41.8
469,347,23.1
469,367,20.3
469,434,66.3
469,455,27.7
469,466,20.3
469,467,40.0
469,470,27.7
469,471,91.2
469,472,27.7
469,542,49.3
469,550,24.2
469,567,25.9
469,601,40.9
470,65,32.0
470,167,13.8
470,358,29.2
470,361,24.1
470,365,13.9
470,367,16.6
470,368,42.1
470,370,17.9
470,372,18.4
470,373,38.1
470,374,51.5
470,377,33.9
470,378,17.2
470,379,15.5
470,380,119.1
470,382,23.0
470,385,22.7
470,388,31.3
470,389,27.1
470,395,20.3
470,396,17.8
470,397,41.0
470,410,33.9
470,434,29.6
470,467,33.6
470,469,27.7
470,471,62.7
470,472,89.9
470,499,23.9
470,501,42.1
470,503,96.5
470,542,41.9
470,561,31.3
470,569,43.9
470,570,41.0
470,586,23.2
470,597,33.1
470,601,44.0
470,606,13.9
470,612,17.4
471,84,79.9
471,124,16.2
471,195,81.3
471,367,44.6
471,373,25.6
471,381,51.6
471,383,17.4
471,386,112.5
471,392,31.7
471,401,54.1
471,415,15.2
471,432,44.6
471,464,53.2
471,467,304.9
471,469,91.2
471,470,62.7
471,499,19.9
471,526,35.8
471,543,35.9
471,550,32.0
471,556,46.4
471,569,56.0
471,574,49.1
471,601,66.5
472,150,28.8
472,260,119.6
472,263,18.5
472,337,31.2
472,370,121.4
472,371,27.7
472,372,154.6
472,373,119.1
472,374,87.6
472,376,52.1
472,377,246.9
472,380,58.6
472,463,28.9
472,469,27.7
472,470,89.9
472,499,24.7
472,542,17.4
472,543,25.9
472,561,28.1
472,569,88.3
472,570,73.0
472,598,18.7
473,73,20.6
473,147,28.7
473,150,27.8
473,154,36.1
473,227,17.0
473,275,53.5
473,282,23.2
473,309,53.4
473,311,111.0
473,313,73.9
473,320,24.3
473,434,50.1
473,459,16.3
473,477,16.3
473,530,16.3
473,571,28.1
473,578,32.4
473,588,19.2
473,598,47.4
473,601,66.6
476,1,45.9
476,4,12.6
476,24,17.1
476,45,31.0
476,52,27.9
476,66,43.6
476,79,12.9
476,101,15.3
476,103,75.4
476,145,16.7
476,147,68.9
476,153,23.4
476,154,26.5
476,155,59.4
476,182,50.7
476,195,15.3
476,204,36.0
476,223,20.8
476,238,42.2
476,254,24.6
476,256,22.7
476,271,113.2
476,273,18.6
476,275,15.1
476,284,32.8
476,291,50.4
476,334,22.0
476,340,20.4
476,369,30.5
476,377,31.0
476,389,32.2
476,395,24.8
476,447,68.3
476,464,22.3
476,485,12.0
476,494,13.9
476,510,27.9
476,518,21.1
476,545,67.8
476,552,20.2
476,569,15.8
476,578,33.2
476,585,21.5
476,586,11.9
476,600,73.4
476,601,17.9
477,103,19.4
477,145,20.8
477,153,49.6
477,155,25.3
477,167,13.4
477,187,17.1
477,207,33.2
477,214,16.8
477,223,23.4
477,234,21.1
477,269,24.6
477,282,29.7
477,329,32.7
477,368,27.1
477,386,53.7
477,410,84.3
477,432,19.4
477,434,36.6
477,448,17.1
477,455,30.1
477,457,19.4
477,459,16.3
477,473,16.3
477,481,160.3
477,482,14.2
477,484,43.8
477,485,89.2
477,486,20.6
477,487,58.8
477,494,52.4
477,496,35.5
477,498,79.1
477,499,16.8
477,501,56.6
477,523,34.2
477,525,137.9
477,533,31.5
477,534,25.8
477,542,56.9
477,549,22.1
477,551,14.3
477,561,37.8
477,570,51.4
477,576,17.4
477,577,58.8
477,585,44.9
477,588,26.2
477,594,16.4
477,596,16.5
477,598,33.9
477,600,41.9
477,601,67.6
477,604,46.7
477,612,170.9
477,626,37.8
478,153,18.5
478,155,18.5
478,311,23.3
478,410,16.3
478,411,18.5
478,600,16.3
479,147,23.7
479,481,123.3
479,499,26.3
479,521,21.3
479,543,23.7
479,576,27.8
479,612,27.8
480,153,40.0
480,155,53.2
480,349,23.0
480,481,61.0
480,525,18.7
480,601,48.0
480,617,27.1
480,626,24.7
481,47,31.0
481,95,26.9
481,103,62.7
481,105,27.4
481,111,29.7
481,142,23.5
481,147,19.5
481,153,76.8
481,155,48.5
481,167,23.8
481,204,28.7
481,228,16.0
481,247,44.6
481,374,47.7
481,393,81.0
481,415,28.1
481,421,30.5
481,423,36.7
481,424,37.6
481,432,18.5
481,434,45.0
481,477,160.3
481,479,123.3
481,480,61.0
481,482,124.9
481,484,65.5
481,485,196.1
481,486,96.0
481,487,29.7
481,494,99.9
481,498,26.3
481,518,26.8
481,521,82.1
481,525,145.2
481,542,20.8
481,577,37.6
481,592,44.6
481,600,19.4
481,601,64.8
481,612,112.0
481,613,19.0
481,614,23.8
482,145,31.6
482,153,27.2
482,155,66.2
482,187,24.5
482,228,54.4
482,271,26.3
482,334,20.7
482,467,31.4
482,477,14.2
482,481,124.9
482,521,40.7
482,525,13.9
482,540,24.9
482,542,40.4
482,545,23.2
482,600,23.7
482,601,20.4
484,101,20.3
484,116,46.0
484,147,15.4
484,153,71.8
484,155,48.2
484,167,37.4
484,432,14.4
484,434,20.3
484,466,24.6
484,477,43.8
484,481,65.5
484,485,50.6
484,488,44.0
484,518,30.5
484,525,33.9
484,542,93.2
484,598,33.9
484,599,20.6
484,600,38.8
484,601,105.9
484,612,113.5
485,82,36.2
485,103,36.7
485,110,14.4
485,147,30.0
485,155,23.5
485,209,26.1
485,228,39.9
485,267,29.1
485,382,16.0
485,394,23.4
485,420,16.5
485,424,22.2
485,432,77.0
485,476,12.0
485,477,89.2
485,481,196.1
485,484,50.6
485,486,29.1
485,499,69.6
485,518,58.8
485,519,48.7
485,521,47.7
485,523,28.6
485,525,60.1
485,542,41.6
485,577,12.7
485,600,23.0
485,601,67.1
485,612,114.5
486,153,43.7
486,155,57.7
486,228,18.8
486,267,29.1
486,282,18.3
486,307,25.8
486,477,20.6
486,481,96.0
486,485,29.1
486,487,19.4
486,506,36.1
486,518,23.9
486,525,46.9
486,542,58.5
486,545,18.3
486,551,13.1
486,585,70.6
486,600,25.3
486,601,15.3
486,612,21.5
486,617,25.3
486,623,12.6
487,84,14.8
487,111,29.7
487,152,23.4
487,155,17.1
487,368,21.1
487,389,27.1
487,397,27.1
487,412,15.8
487,421,13.4
487,477,58.8
487,481,29.7
487,486,19.4
487,488,24.5
487,518,31.7
487,519,24.2
487,542,13.9
487,577,89.8
487,587,27.0
487,600,27.0
487,606,20.8
487,626,24.1
488,95,23.1
488,139,15.2
488,272,102.1
488,386,17.8
488,415,57.2
488,484,44.0
488,487,24.5
488,542,40.3
488,550,108.8
488,576,14.3
488,577,26.3
488,601,25.7
492,49,30.0
492,103,32.2
492,254,27.6
492,434,31.1
492,493,27.8
492,499,49.0
492,520,25.6
492,525,16.0
492,542,35.3
492,543,32.1
492,545,12.6
492,550,24.3
492,574,19.5
492,577,25.6
492,600,30.0
492,601,31.7
493,119,15.3
493,147,21.5
493,155,27.5
493,225,17.8
493,415,32.3
493,450,27.9
493,492,27.8
493,499,151.4
493,525,16.2
493,529,17.1
493,543,30.2
493,546,21.1
493,577,34.3
493,600,47.3
493,601,18.3
493,626,27.8
494,29,24.6
494,33,39.8
494,49,18.5
494,57,30.0
494,64,23.2
494,167,20.9
494,176,35.5
494,309,26.1
494,387,23.0
494,405,37.8
494,420,73.8
494,423,38.3
494,434,25.4
494,464,31.2
494,476,13.9
494,477,52.4
494,481,99.9
494,496,163.2
494,497,154.5
494,498,50.4
494,499,13.9
494,501,21.7
494,519,27.1
494,521,106.7
494,525,32.3
494,542,82.6
494,543,36.7
494,549,21.7
494,550,119.7
494,601,42.3
494,624,17.8
495,153,27.2
495,228,27.2
495,247,19.9
495,454,21.5
495,499,21.0
495,520,23.0
495,521,25.8
496,46,17.4
496,95,13.8
496,144,17.8
496,147,22.7
496,153,19.5
496,158,16.1
496,165,33.3
496,234,22.8
496,236,37.4
496,251,23.5
496,268,29.7
496,281,28.0
496,282,28.0
496,293,23.1
496,386,37.9
496,389,25.5
496,447,53.0
496,454,16.5
496,477,35.5
496,494,163.2
496,497,63.7
496,499,16.1
496,501,13.2
496,502,47.9
496,503,22.9
496,504,27.1
496,519,57.0
496,520,16.1
496,521,45.1
496,525,19.4
496,532,16.8
496,542,19.5
496,545,16.2
496,561,33.3
496,575,60.0
496,577,60.0
496,586,33.9
496,601,52.3
496,614,25.6
496,617,12.6
496,623,35.9
497,46,16.2
497,251,24.6
497,308,14.3
497,397,16.0
497,494,154.5
497,496,63.7
497,520,20.9
497,521,45.1
497,545,24.6
497,554,23.3
498,167,22.6
498,171,22.6
498,228,19.0
498,271,26.3
498,311,21.6
498,372,11.1
498,389,21.6
498,466,26.2
498,477,79.1
498,481,26.3
498,494,50.4
498,499,95.9
498,502,20.3
498,514,17.6
498,519,26.2
498,521,37.3
498,522,24.9
498,525,34.6
498,598,125.1
498,601,22.6
498,615,23.9
499,45,32.7
499,60,25.8
499,103,37.6
499,119,25.5
499,125,32.7
499,151,25.7
499,163,15.5
499,167,58.1
499,175,74.7
499,182,23.6
499,204,19.4
499,214,16.8
499,228,28.0
499,277,15.1
499,278,27.2
499,280,24.1
499,289,16.3
499,304,21.7
499,356,11.4
499,362,19.0
499,372,15.8
499,374,36.3
499,377,94.7
499,378,22.8
499,381,24.9
499,382,47.5
499,383,14.3
499,386,19.3
499,388,29.9
499,389,61.5
499,390,50.1
499,392,15.7
499,395,48.4
499,397,40.3
499,408,21.1
499,409,30.5
499,411,46.6
499,412,27.3
499,413,53.1
499,415,47.3
499,420,68.5
499,421,45.2
499,423,14.3
499,424,39.8
499,425,40.1
499,430,65.3
499,432,44.1
499,436,63.1
499,437,21.8
499,470,23.9
499,471,19.9
499,472,24.7
499,477,16.8
499,479,26.3
499,485,69.6
499,492,49.0
499,493,151.4
499,494,13.9
499,495,21.0
499,496,16.1
499,498,95.9
499,500,68.3
499,501,66.4
499,502,20.3
499,503,98.6
499,504,70.6
499,505,47.8
499,506,19.9
499,508,23.1
499,518,15.6
499,519,14.7
499,520,47.4
499,521,224.1
499,522,53.6
499,525,45.6
499,526,30.1
499,529,24.2
499,532,15.2
499,542,19.7
499,543,25.7
499,545,15.9
499,547,46.1
499,549,72.0
499,550,88.2
499,556,17.2
499,572,25.4
499,573,54.4
499,574,16.5
499,577,64.5
499,586,48.7
499,587,22.5
499,595,48.7
499,597,26.2
499,601,21.5
499,613,21.7
499,614,107.7
499,623,225.3
500,463,18.1
500,499,68.3
500,519,92.2
500,521,38.5
500,542,20.8
500,546,30.6
500,623,20.8
501,34,36.5
501,250,33.6
501,281,46.5
501,351,27.3
501,368,42.1
501,417,29.0
501,457,48.0
501,470,42.1
501,477,56.6
501,494,21.7
501,496,13.2
501,499,66.4
501,504,62.2
501,507,62.2
501,520,33.6
501,521,115.8
501,542,30.9
501,561,75.6
501,577,35.4
501,600,28.0
502,45,30.0
502,52,22.4
502,103,23.0
502,147,43.3
502,174,14.5
502,272,12.8
502,346,31.2
502,415,22.4
502,496,47.9
502,498,20.3
502,499,20.3
502,503,14.8
502,504,52.5
502,514,23.0
502,515,43.3
502,519,29.6
502,521,222.1
502,542,22.6
502,545,30.3
502,601,42.9
502,623,20.8
503,43,19.4
503,45,14.8
503,47,35.9
503,107,26.2
503,147,22.9
503,432,18.5
503,470,96.5
503,496,22.9
503,499,98.6
503,502,14.8
503,504,67.6
503,506,32.2
503,521,29.4
503,522,27.8
503,542,19.7
503,624,32.1
503,626,16.0
504,74,30.3
504,259,16.1
504,348,16.1
504,366,19.6
504,496,27.1
504,499,70.6
504,501,62.2
504,502,52.5
504,503,67.6
504,506,53.1
504,507,124.5
504,512,30.3
504,542,44.3
504,601,26.9
504,619,35.2
504,624,17.5
505,101,18.6
505,155,18.6
505,499,47.8
505,521,45.3
506,26,38.2
506,45,57.6
506,84,27.8
506,204,45.0
506,486,36.1
506,499,19.9
506,503,32.2
506,504,53.1
506,520,36.1
506,542,15.7
506,550,36.7
506,601,36.7
507,53,11.1
507,153,19.2
507,155,40.0
507,311,22.3
507,370,30.5
507,501,62.2
507,504,124.5
507,512,44.9
507,513,24.3
507,520,45.4
507,542,30.8
507,601,30.9
507,614,32.2
507,623,123.8
508,40,37.9
508,56,73.8
508,85,21.8
508,147,36.9
508,214,24.8
508,234,17.8
508,238,30.3
508,373,28.1
508,396,19.1
508,499,23.1
508,512,85.3
508,514,46.6
508,542,57.2
508,545,86.0
508,578,14.4
508,601,50.3
508,606,24.8
508,624,45.9
509,40,37.9
509,45,84.6
509,49,45.0
509,86,27.4
509,88,50.6
509,153,54.1
509,167,24.1
509,279,17.1
509,304,39.8
509,307,24.1
509,514,27.4
509,551,27.4
509,555,12.9
509,601,52.1
509,606,14.6
510,16,20.3
510,24,24.2
510,32,29.6
510,38,31.6
510,39,20.0
510,41,29.7
510,44,69.0
510,45,54.4
510,47,24.1
510,50,30.1
510,52,39.7
510,53,61.7
510,56,66.0
510,60,48.1
510,65,36.8
510,90,20.6
510,95,166.3
510,103,31.8
510,153,27.1
510,155,19.5
510,158,17.8
510,167,28.8
510,171,19.5
510,206,20.3
510,208,20.6
510,240,34.3
510,243,37.7
510,244,15.4
510,307,29.2
510,313,27.4
510,366,30.8
510,476,27.9
510,512,22.6
510,513,65.8
510,514,51.3
510,520,30.1
510,521,30.1
510,541,17.6
510,542,46.7
510,550,32.2
510,554,32.1
510,556,11.3
510,578,106.5
510,592,21.4
510,593,17.2
510,598,22.6
510,600,24.0
510,601,18.0
510,607,27.2
510,614,16.5
510,624,11.9
510,626,57.0
510,632,24.4
511,47,12.9
511,52,58.7
511,56,37.5
511,155,21.9
511,228,61.6
511,254,67.9
511,307,67.9
511,334,39.7
511,358,38.5
511,513,25.7
511,514,16.6
511,552,13.4
511,600,21.4
511,601,58.6
511,606,17.4
512,13,21.6
512,38,22.1
512,45,19.2
512,53,11.1
512,56,22.1
512,57,11.9
512,59,88.5
512,60,53.7
512,61,76.9
512,63,64.2
512,64,42.1
512,74,57.3
512,76,26.9
512,77,14.9
512,81,12.8
512,84,26.9
512,85,23.8
512,88,61.2
512,92,37.4
512,93,20.2
512,102,32.2
512,103,17.0
512,148,16.5
512,150,34.3
512,155,19.4
512,209,23.0
512,223,35.9
512,237,28.1
512,242,16.6
512,244,19.3
512,261,27.0
512,292,39.8
512,306,16.2
512,363,27.3
512,371,26.1
512,504,30.3
512,507,44.9
512,508,85.3
512,510,22.6
512,514,90.1
512,517,26.2
512,522,19.4
512,526,18.6
512,542,44.9
512,553,28.6
512,554,51.2
512,556,22.4
512,585,119.2
512,592,27.0
512,593,27.7
513,38,94.2
513,41,15.1
513,43,32.1
513,46,15.8
513,56,133.9
513,60,22.6
513,65,31.1
513,76,10.0
513,86,31.5
513,95,29.9
513,99,24.2
513,103,38.9
513,145,11.3
513,147,21.9
513,153,59.5
513,174,11.3
513,208,13.7
513,237,64.9
513,238,22.1
513,239,14.4
513,243,25.1
513,307,29.2
513,317,26.8
513,507,24.3
513,510,65.8
513,511,25.7
513,514,60.4
513,521,50.2
513,545,24.9
513,548,21.3
513,554,123.4
513,598,60.4
513,600,30.2
513,607,18.8
513,626,31.2
514,31,39.0
514,44,54.7
514,46,19.4
514,47,18.2
514,56,64.5
514,57,11.3
514,58,18.0
514,59,23.5
514,61,43.1
514,62,15.4
514,64,51.8
514,72,28.0
514,74,27.0
514,75,26.6
514,76,14.1
514,83,49.3
514,84,93.5
514,85,37.0
514,86,71.4
514,88,28.8
514,90,52.8
514,91,63.6
514,92,97.0
514,95,78.9
514,103,80.0
514,130,50.1
514,134,64.1
514,147,55.9
514,194,20.5
514,199,20.5
514,204,54.0
514,206,29.1
514,228,39.6
514,240,15.1
514,242,47.6
514,243,23.4
514,248,23.5
514,251,17.9
514,269,24.6
514,270,23.5
514,344,23.5
514,354,14.3
514,366,16.4
514,378,15.7
514,463,24.8
514,498,17.6
514,502,23.0
514,508,46.6
514,509,27.4
514,510,51.3
514,511,16.6
514,512,90.1
514,513,60.4
514,515,15.4
514,517,68.5
514,521,36.5
514,531,15.1
514,542,64.4
514,545,24.9
514,546,32.4
514,551,62.4
514,553,55.9
514,554,51.5
514,592,27.0
514,598,60.4
514,600,26.9
514,601,32.4
514,606,22.6
514,624,40.8
515,38,17.5
515,45,19.9
515,56,32.0
515,61,29.8
515,85,79.2
515,92,21.5
515,93,19.9
515,147,43.3
515,287,30.0
515,349,16.2
515,502,43.3
515,514,15.4
515,517,39.0
515,545,18.4
515,554,61.8
515,556,38.0
515,592,35.3
515,598,19.4
515,600,34.6
515,601,70.0
515,619,61.8
515,624,16.2
515,626,25.5
516,77,15.3
516,84,24.3
516,86,33.7
516,91,21.7
516,121,47.8
516,155,42.5
516,250,22.5
516,454,39.9
516,463,25.2
516,593,31.5
516,598,29.6
517,61,54.1
517,86,39.0
517,88,148.2
517,96,15.1
517,121,132.8
517,147,14.4
517,154,14.4
517,246,30.9
517,512,26.2
517,514,68.5
517,515,39.0
517,545,14.1
517,552,15.2
517,584,25.6
517,598,13.3
517,600,21.6
517,601,104.3
517,606,13.3
518,110,33.2
518,171,16.4
518,344,24.0
518,349,18.3
518,412,62.8
518,423,18.3
518,434,53.5
518,476,21.1
518,481,26.8
518,484,30.5
518,485,58.8
518,486,23.9
518,487,31.7
518,499,15.6
518,519,81.5
518,542,55.8
518,549,26.8
518,550,47.8
518,556,24.0
518,577,57.3
518,578,28.5
518,601,88.6
518,612,49.8
518,613,29.8
518,617,32.2
518,619,76.9
518,623,23.4
519,34,25.4
519,44,25.1
519,45,24.8
519,64,21.7
519,88,27.1
519,103,53.3
519,107,24.9
519,113,21.0
519,356,32.5
519,386,26.2
519,387,25.9
519,408,18.7
519,413,16.6
519,427,30.9
519,465,28.5
519,466,26.2
519,485,48.7
519,487,24.2
519,494,27.1
519,496,57.0
519,498,26.2
519,499,14.7
519,500,92.2
519,502,29.6
519,518,81.5
519,525,44.8
519,542,51.5
519,550,95.7
519,555,29.8
519,571,30.0
519,600,13.9
519,607,27.2
519,626,27.2
520,6,32.9
520,26,14.4
520,32,26.4
520,50,17.5
520,103,15.6
520,147,22.3
520,153,45.1
520,155,54.6
520,166,54.8
520,171,36.0
520,366,14.8
520,370,38.1
520,387,38.1
520,404,23.0
520,409,34.2
520,411,27.6
520,419,51.4
520,421,20.5
520,464,43.7
520,466,15.3
520,492,25.6
520,495,23.0
520,496,16.1
520,497,20.9
520,499,47.4
520,501,33.6
520,506,36.1
520,507,45.4
520,510,30.1
520,521,22.3
520,522,30.1
520,525,15.3
520,542,35.2
520,545,25.9
520,551,21.9
520,577,25.6
520,606,27.6
520,619,36.7
521,35,36.1
521,37,19.1
521,38,56.4
521,40,24.7
521,43,49.2
521,45,19.0
521,48,37.3
521,50,19.9
521,52,54.5
521,56,19.4
521,60,61.1
521,62,18.7
521,70,25.1
521,76,37.2
521,79,37.3
521,83,13.6
521,86,27.7
521,88,33.7
521,95,23.2
521,103,18.0
521,145,37.0
521,147,54.7
521,168,18.4
521,181,36.0
521,239,27.1
521,240,33.7
521,259,14.3
521,304,31.5
521,369,47.8
521,386,48.8
521,395,24.9
521,401,19.4
521,436,18.3
521,446,28.4
521,479,21.3
521,481,82.1
521,482,40.7
521,485,47.7
521,494,106.7
521,495,25.8
521,496,45.1
521,497,45.1
521,498,37.3
521,499,224.1
521,500,38.5
521,501,115.8
521,502,222.1
521,503,29.4
521,505,45.3
521,510,30.1
521,513,50.2
521,514,36.5
521,520,22.3
521,522,32.9
521,525,79.0
521,526,19.4
521,529,24.7
521,545,15.3
521,550,14.3
521,555,18.4
521,574,27.8
521,577,98.3
521,598,19.8
521,600,23.7
521,602,91.0
521,615,18.8
521,623,70.9
522,42,15.1
522,45,39.9
522,46,23.3
522,47,25.8
522,49,16.0
522,52,38.7
522,82,24.5
522,145,34.2
522,153,42.7
522,155,19.4
522,228,32.3
522,304,29.2
522,424,22.9
522,498,24.9
522,499,53.6
522,503,27.8
522,512,19.4
522,520,30.1
522,521,32.9
522,542,21.6
522,554,23.4
522,574,18.3
522,593,67.5
522,601,18.3
522,617,22.8
523,111,18.0
523,155,67.1
523,267,17.2
523,282,17.2
523,396,14.9
523,412,20.5
523,415,31.2
523,438,48.5
523,477,34.2
523,485,28.6
523,525,112.0
523,570,25.4
523,577,48.5
523,578,53.7
523,600,22.1
523,601,30.1
525,56,20.1
525,62,14.6
525,95,15.7
525,147,27.7
525,155,14.3
525,233,25.5
525,277,20.7
525,279,157.9
525,281,40.1
525,287,76.7
525,304,28.1
525,307,13.7
525,317,27.7
525,318,17.3
525,362,22.9
525,368,19.0
525,370,22.9
525,432,19.4
525,434,40.1
525,446,71.2
525,449,38.3
525,451,12.7
525,454,16.5
525,455,59.9
525,458,29.4
525,466,15.3
525,477,137.9
525,480,18.7
525,481,145.2
525,482,13.9
525,484,33.9
525,485,60.1
525,486,46.9
525,492,16.0
525,493,16.2
525,494,32.3
525,496,19.4
525,498,34.6
525,499,45.6
525,519,44.8
525,520,15.3
525,521,79.0
525,523,112.0
525,542,40.3
525,577,47.5
525,578,25.8
525,585,44.7
525,586,75.5
525,587,39.7
525,593,29.2
525,598,39.7
525,600,14.6
525,601,55.2
525,626,36.2
526,103,26.4
526,145,55.0
526,397,63.9
526,401,123.2
526,412,25.9
526,434,37.5
526,471,35.8
526,499,30.1
526,512,18.6
526,521,19.4
526,550,85.4
526,554,16.4
526,569,24.9
526,601,38.0
526,617,37.5
526,626,36.1
527,102,26.9
527,235,23.9
527,331,19.7
527,401,21.8
527,417,19.7
527,463,25.6
527,538,16.0
527,585,25.6
527,597,27.2
528,119,26.7
528,153,57.6
528,356,30.1
528,434,19.7
528,600,26.7
528,601,41.3
529,147,26.0
529,282,34.4
529,348,20.9
529,397,16.0
529,401,202.9
529,412,91.7
529,424,40.2
529,435,18.3
529,493,17.1
529,499,24.2
529,521,24.7
529,549,103.4
529,601,47.6
529,613,22.2
529,626,77.2
530,412,106.2
530,432,56.3
530,434,28.1
530,473,16.3
530,542,27.6
530,545,39.7
531,58,15.1
531,79,19.1
531,149,15.3
531,155,31.1
531,194,25.2
531,228,24.3
531,244,24.1
531,309,22.4
531,322,17.0
531,349,25.3
531,355,11.4
531,365,26.6
531,367,314.6
531,370,40.8
531,374,40.8
531,376,13.0
531,380,26.9
531,391,13.0
531,461,13.9
531,514,15.1
531,550,13.0
531,593,30.7
531,600,30.9
531,601,87.8
531,624,23.4
532,85,28.2
532,147,92.0
532,149,34.5
532,155,101.0
532,165,20.1
532,167,76.3
532,194,18.6
532,279,20.8
532,285,45.8
532,292,35.7
532,303,26.8
532,306,31.2
532,396,14.0
532,448,17.1
532,450,92.0
532,458,12.2
532,496,16.8
532,499,15.2
532,543,21.0
532,556,26.8
532,617,15.2
533,23,76.0
533,281,33.5
533,291,34.4
533,309,23.2
533,477,31.5
533,588,62.6
533,598,28.8
534,101,24.4
534,103,38.7
534,147,35.7
534,155,38.7
534,265,17.6
534,273,29.2
534,278,153.3
534,282,19.9
534,288,37.6
534,291,70.0
534,294,24.4
534,304,17.6
534,334,28.0
534,389,15.1
534,477,25.8
534,542,29.1
534,561,35.7
534,585,29.2
534,601,37.6
535,102,45.6
535,145,14.6
535,147,23.7
535,153,23.2
535,234,24.2
535,277,201.0
535,303,21.9
535,349,48.3
535,451,14.6
535,542,93.6
535,560,22.3
535,587,27.8
535,626,38.7
536,147,67.6
536,193,45.1
536,228,140.4
536,279,32.9
536,282,18.1
536,283,21.4
536,543,24.6
536,586,32.9
536,601,17.9
538,64,24.8
538,116,21.6
538,119,27.2
538,124,49.3
538,127,27.2
538,132,151.5
538,133,27.0
538,140,26.5
538,147,30.1
538,148,23.6
538,149,15.5
538,152,26.2
538,154,111.8
538,161,37.5
538,164,26.9
538,167,40.7
538,195,21.6
538,201,54.8
538,203,21.6
538,214,31.5
538,223,37.5
538,270,31.9
538,273,15.5
538,283,62.6
538,345,26.9
538,527,16.0
538,539,24.8
538,542,24.8
538,585,26.2
539,96,20.7
539,103,15.5
539,110,32.6
539,112,26.1
539,147,15.3
539,154,19.8
539,184,34.1
539,201,26.8
539,206,34.3
539,264,50.7
539,420,27.8
539,434,27.8
539,447,54.9
539,538,24.8
539,542,24.8
539,545,27.8
539,588,32.6
539,601,26.1
540,10,24.6
540,15,28.0
540,18,116.6
540,20,93.6
540,21,33.2
540,22,38.3
540,24,25.2
540,107,47.6
540,124,12.8
540,127,12.8
540,147,18.7
540,148,15.4
540,191,18.5
540,192,34.1
540,198,149.6
540,201,40.8
540,203,99.2
540,204,27.6
540,206,28.5
540,214,101.5
540,215,23.4
540,223,83.3
540,225,94.2
540,226,33.0
540,228,69.7
540,232,89.1
540,233,152.5
540,251,23.1
540,252,17.9
540,259,19.7
540,260,34.1
540,271,19.7
540,307,48.0
540,349,94.2
540,463,28.5
540,482,24.9
540,546,17.9
540,601,68.0
540,606,92.1
541,37,17.2
541,75,21.4
541,153,32.1
541,201,64.6
541,202,35.9
541,206,25.5
541,208,32.7
541,209,63.3
541,214,49.3
541,216,19.7
541,225,26.3
541,234,41.0
541,243,32.8
541,268,22.5
541,434,28.2
541,510,17.6
541,542,18.3
541,546,42.3
541,601,64.6
542,2,36.8
542,4,27.9
542,6,21.6
542,10,30.6
542,13,31.7
542,15,23.6
542,17,24.2
542,20,39.4
542,21,28.0
542,23,20.6
542,24,19.4
542,26,13.9
542,27,68.0
542,28,61.0
542,30,20.4
542,31,37.0
542,32,20.6
542,38,83.8
542,40,31.5
542,43,24.1
542,44,74.2
542,45,110.3
542,47,20.3
542,50,32.1
542,57,86.6
542,60,79.6
542,61,66.7
542,66,44.5
542,77,64.5
542,78,26.7
542,81,31.6
542,85,45.0
542,88,40.2
542,92,32.4
542,93,28.3
542,95,79.9
542,99,47.9
542,101,28.3
542,102,33.4
542,103,136.8
542,107,106.7
542,111,48.5
542,113,24.0
542,127,46.4
542,132,22.8
542,134,32.3
542,136,102.5
542,139,15.3
542,141,24.9
542,142,57.0
542,143,34.2
542,144,32.1
542,145,101.8
542,146,196.5
542,147,114.7
542,148,53.6
542,149,123.7
542,151,27.4
542,153,127.4
542,154,210.1
542,155,173.8
542,156,28.3
542,161,72.9
542,164,40.9
542,165,24.9
542,166,69.0
542,167,29.5
542,171,28.0
542,175,43.2
542,182,34.0
542,183,43.3
542,186,12.9
542,187,46.1
542,189,19.6
542,191,39.4
542,193,47.0
542,194,42.1
542,198,73.1
542,204,33.9
542,209,14.4
542,214,81.5
542,224,34.4
542,225,64.1
542,228,50.9
542,231,21.1
542,233,30.6
542,234,43.5
542,235,16.8
542,238,34.3
542,239,15.1
542,240,14.8
542,242,37.1
542,243,23.4
542,245,52.1
542,248,52.8
542,250,68.9
542,259,72.8
542,260,68.7
542,262,87.8
542,265,30.3
542,266,17.0
542,267,16.2
542,269,43.5
542,280,15.8
542,282,16.0
542,285,75.6
542,291,21.8
542,293,37.1
542,297,16.7
542,299,74.3
542,300,24.5
542,304,31.1
542,312,14.8
542,313,13.4
542,314,40.7
542,318,35.8
542,332,42.1
542,337,30.6
542,339,21.2
542,344,55.7
542,354,26.8
542,359,45.5
542,366,69.8
542,368,29.7
542,371,22.6
542,379,25.1
542,380,17.2
542,381,13.2
542,384,16.8
542,386,60.0
542,388,13.8
542,389,54.7
542,392,34.3
542,393,79.0
542,395,84.6
542,397,16.0
542,407,23.1
542,409,17.1
542,419,45.2
542,420,20.8
542,421,30.5
542,432,35.8
542,435,22.9
542,436,83.9
542,437,19.7
542,438,44.7
542,448,34.7
542,449,69.7
542,450,30.1
542,451,18.4
542,452,24.9
542,453,23.4
542,458,47.7
542,459,26.3
542,464,17.1
542,467,41.8
542,469,49.3
542,470,41.9
542,472,17.4
542,477,56.9
542,481,20.8
542,482,40.4
542,484,93.2
542,485,41.6
542,486,58.5
542,487,13.9
542,488,40.3
542,492,35.3
542,494,82.6
542,496,19.5
542,499,19.7
542,500,20.8
542,501,30.9
542,502,22.6
542,503,19.7
542,504,44.3
542,506,15.7
542,507,30.8
542,508,57.2
542,510,46.7
542,512,44.9
542,514,64.4
542,518,55.8
542,519,51.5
542,520,35.2
542,522,21.6
542,525,40.3
542,530,27.6
542,534,29.1
542,535,93.6
542,538,24.8
542,539,24.8
542,541,18.3
542,545,41.5
542,546,24.6
542,547,70.5
542,548,83.8
542,549,22.5
542,550,52.4
542,554,70.3
542,561,45.0
542,564,27.1
542,572,21.7
542,575,22.6
542,576,49.1
542,577,55.0
542,578,29.0
542,585,77.3
542,586,116.5
542,587,24.9
542,588,58.9
542,592,11.9
542,593,47.7
542,594,15.2
542,595,66.2
542,598,124.6
542,600,42.9
542,601,522.9
542,606,59.4
542,607,99.4
542,609,23.4
542,612,12.8
542,614,36.2
542,615,45.6
542,617,71.5
542,623,23.2
542,624,38.1
542,626,72.7
542,629,41.6
542,632,24.0
543,15,25.1
543,34,17.1
543,56,77.3
543,57,32.9
543,63,55.4
543,70,31.1
543,74,27.8
543,86,52.7
543,95,39.2
543,98,51.4
543,115,23.6
543,119,26.4
543,127,17.8
543,136,64.2
543,145,27.0
543,147,43.3
543,148,25.5
543,181,60.4
543,190,19.8
543,194,27.4
543,211,40.2
543,234,26.1
543,237,17.4
543,243,25.1
543,244,19.4
543,266,15.2
543,272,26.4
543,277,17.0
543,279,42.0
543,280,26.4
543,284,36.1
543,285,14.7
543,289,22.6
543,291,111.1
543,292,39.3
543,293,54.2
543,307,16.8
543,310,60.5
543,334,25.4
543,337,15.1
543,341,20.1
543,342,16.7
543,356,26.4
543,360,18.0
543,362,19.8
543,363,17.4
543,365,18.9
543,368,30.7
543,371,22.1
543,381,20.3
543,389,14.3
543,395,49.4
543,413,25.8
543,417,61.9
543,437,19.0
543,438,25.8
543,448,85.8
543,454,34.4
543,455,26.3
543,458,14.7
543,460,46.4
543,463,25.5
543,471,35.9
543,472,25.9
543,479,23.7
543,492,32.1
543,493,30.2
543,494,36.7
543,499,25.7
543,532,21.0
543,536,24.6
543,544,29.0
543,550,30.3
543,551,25.9
543,554,36.0
543,561,40.7
543,568,47.2
543,569,15.7
543,578,55.4
543,580,16.1
543,585,16.8
543,587,27.4
543,588,123.3
543,592,69.4
543,599,27.4
543,601,165.6
543,609,31.1
543,626,26.4
544,18,19.2
544,25,70.3
544,27,335.7
544,103,173.8
544,198,60.8
544,228,33.2
544,368,20.3
544,543,29.0
544,598,33.5
544,601,70.5
544,606,30.2
544,631,18.9
545,1,17.5
545,11,15.1
545,20,21.3
545,22,69.8
545,24,16.8
545,29,30.0
545,32,51.0
545,33,18.6
545,34,54.9
545,37,32.2
545,49,53.7
545,52,28.4
545,53,23.6
545,60,32.9
545,61,15.1
545,63,58.5
545,64,10.0
545,66,47.7
545,76,32.7
545,77,213.3
545,78,43.5
545,80,39.0
545,82,53.6
545,83,31.6
545,84,111.2
545,85,59.1
545,86,122.6
545,95,76.1
545,96,24.0
545,105,27.4
545,112,39.7
545,113,15.0
545,118,29.3
545,123,21.7
545,132,17.2
545,136,14.2
545,145,16.9
545,147,87.4
545,149,15.2
545,153,93.5
545,155,66.2
545,181,23.5
545,192,57.8
545,194,17.2
545,195,31.2
545,196,34.5
545,203,35.4
545,204,20.2
545,220,21.0
545,222,64.8
545,228,108.2
545,238,31.5
545,239,16.6
545,242,41.9
545,243,15.4
545,251,24.6
545,253,31.2
545,254,12.6
545,259,34.2
545,264,32.6
545,265,15.7
545,266,25.4
545,270,28.2
545,271,37.4
545,282,24.3
545,286,23.7
545,294,32.8
545,339,49.8
545,342,28.2
545,345,16.8
545,353,64.5
545,355,32.5
545,359,40.4
545,360,23.8
545,367,23.4
545,368,15.5
545,385,39.9
545,390,21.6
545,391,22.0
545,396,29.3
545,407,19.1
545,417,35.9
545,428,37.9
545,435,16.0
545,447,22.4
545,448,27.2
545,450,88.5
545,454,57.9
545,476,67.8
545,482,23.2
545,486,18.3
545,492,12.6
545,496,16.2
545,497,24.6
545,499,15.9
545,502,30.3
545,508,86.0
545,513,24.9
545,514,24.9
545,515,18.4
545,517,14.1
545,520,25.9
545,521,15.3
545,530,39.7
545,539,27.8
545,542,41.5
545,551,52.0
545,554,37.1
545,561,64.5
545,572,62.9
545,574,29.6
545,580,17.3
545,585,17.2
545,598,16.0
545,599,13.6
545,600,55.6
545,601,118.7
545,606,73.8
545,607,50.0
545,613,27.0
545,614,45.3
545,617,26.1
545,624,34.0
545,630,52.0
546,2,17.7
546,5,12.5
546,18,18.4
546,27,20.5
546,28,15.4
546,42,31.1
546,56,13.7
546,61,29.8
546,66,38.7
546,73,17.5
546,93,56.9
546,95,65.3
546,103,45.9
546,121,15.3
546,133,25.9
546,155,30.0
546,182,25.4
546,190,27.1
546,201,20.1
546,204,16.2
546,205,28.1
546,224,20.0
546,233,21.8
546,238,13.7
546,249,35.7
546,257,26.8
546,261,40.7
546,294,16.8
546,374,25.9
546,388,20.8
546,396,12.0
546,408,25.4
546,412,56.8
546,427,34.9
546,432,56.8
546,441,15.2
546,444,33.8
546,493,21.1
546,500,30.6
546,514,32.4
546,540,17.9
546,541,42.3
546,542,24.6
546,549,12.0
546,556,43.4
546,567,13.1
546,586,65.2
546,597,43.4
546,600,13.4
546,601,32.0
546,626,30.0
546,630,31.9
547,62,17.1
547,103,47.8
547,107,23.8
547,110,15.4
547,111,15.2
547,155,56.1
547,167,46.1
547,171,43.9
547,201,56.1
547,206,52.7
547,260,46.1
547,499,46.1
547,542,70.5
547,556,26.4
547,624,56.1
548,57,33.1
548,147,51.3
548,148,21.4
548,153,125.0
548,155,49.0
548,201,22.7
548,265,24.9
548,266,35.2
548,292,24.9
548,437,24.6
548,459,35.2
548,513,21.3
548,542,83.8
548,586,24.9
548,601,103.9
549,95,30.0
549,145,22.9
549,155,58.5
549,228,27.8
549,304,21.7
549,347,37.5
549,367,12.4
549,383,20.8
549,385,28.1
549,396,12.0
549,408,16.1
549,412,68.5
549,413,19.1
549,421,27.7
549,424,115.7
549,434,49.7
549,444,22.6
549,477,22.1
549,494,21.7
549,499,72.0
549,518,26.8
549,529,103.4
549,542,22.5
549,546,12.0
549,550,62.8
549,577,54.9
549,587,46.0
549,596,76.3
549,601,82.4
550,153,55.9
550,167,17.8
550,180,73.9
550,271,31.1
550,288,25.4
550,356,14.6
550,372,19.9
550,374,75.7
550,377,44.3
550,378,18.4
550,382,21.6
550,383,32.0
550,388,32.4
550,389,36.5
550,391,15.7
550,392,17.4
550,394,20.6
550,395,24.2
550,397,74.5
550,404,23.3
550,405,89.5
550,410,27.6
550,411,23.8
550,412,33.5
550,413,36.2
550,420,221.1
550,421,25.7
550,422,21.5
550,423,21.5
550,424,173.3
550,425,43.7
550,426,45.3
550,427,40.2
550,428,22.1
550,436,43.0
550,448,19.0
550,458,31.6
550,467,22.1
550,469,24.2
550,471,32.0
550,488,108.8
550,492,24.3
550,494,119.7
550,499,88.2
550,506,36.7
550,510,32.2
550,518,47.8
550,519,95.7
550,521,14.3
550,526,85.4
550,531,13.0
550,542,52.4
550,543,30.3
550,549,62.8
550,556,27.6
550,561,33.9
550,570,14.4
550,573,50.2
550,598,19.7
550,601,36.7
550,619,21.5
550,624,19.4
550,626,22.5
551,90,18.7
551,103,23.0
551,107,30.5
551,138,26.1
551,147,48.0
551,153,23.0
551,154,21.9
551,155,38.5
551,168,23.1
551,194,25.9
551,268,26.9
551,275,21.9
551,303,26.0
551,308,21.9
551,311,15.6
551,318,33.8
551,367,16.6
551,395,23.6
551,405,14.8
551,441,27.9
551,451,22.6
551,477,14.3
551,486,13.1
551,509,27.4
551,514,62.4
551,520,21.9
551,543,25.9
551,545,52.0
551,556,14.8
551,578,102.2
551,585,21.9
551,587,21.9
551,588,63.0
551,601,58.4
551,612,16.9
552,35,69.4
552,47,32.1
552,49,18.0
552,95,18.0
552,150,14.0
552,153,70.5
552,155,64.3
552,476,20.2
552,511,13.4
552,517,15.2
552,554,93.6
552,592,71.1
552,601,41.5
553,86,45.0
553,95,36.5
553,99,28.6
553,103,28.9
553,145,45.0
553,196,45.0
553,198,21.8
553,228,32.9
553,361,30.4
553,448,22.4
553,512,28.6
553,514,55.9
553,554,151.2
553,601,72.6
553,617,28.6
554,21,57.9
554,32,15.7
554,37,104.5
554,38,59.5
554,39,234.6
554,42,90.6
554,43,64.4
554,44,49.0
554,45,225.0
554,48,59.2
554,52,37.6
554,53,89.1
554,55,17.0
554,56,57.5
554,57,16.7
554,59,43.0
554,60,22.6
554,61,28.9
554,64,32.1
554,72,28.0
554,80,38.8
554,83,24.4
554,85,32.7
554,86,45.0
554,88,130.6
554,91,21.4
554,99,26.9
554,103,30.7
554,111,22.8
554,136,49.7
554,145,26.7
554,169,79.7
554,183,33.6
554,238,18.5
554,240,30.8
554,241,52.3
554,242,64.2
554,245,34.6
554,271,22.4
554,292,11.7
554,307,15.8
554,353,26.7
554,355,11.7
554,401,16.6
554,497,23.3
554,510,32.1
554,512,51.2
554,513,123.4
554,514,51.5
554,515,61.8
554,522,23.4
554,526,16.4
554,542,70.3
554,543,36.0
554,545,37.1
554,552,93.6
554,553,151.2
554,555,92.7
554,560,56.9
554,572,80.7
554,578,64.8
554,592,150.3
554,600,32.7
554,601,67.9
554,602,14.7
554,604,20.5
554,606,29.6
554,607,30.7
554,619,61.8
555,45,34.4
555,168,18.4
555,509,12.9
555,519,29.8
555,521,18.4
555,554,92.7
556,6,14.9
556,28,11.4
556,52,29.3
556,84,29.5
556,102,120.9
556,103,56.3
556,119,33.8
556,147,62.5
556,155,77.8
556,161,17.6
556,191,30.3
556,201,21.3
556,210,42.9
556,225,26.2
556,254,38.2
556,262,32.1
556,263,48.3
556,269,33.8
556,275,130.1
556,279,25.1
556,282,43.4
556,286,15.5
556,288,24.6
556,291,68.0
556,293,131.9
556,294,75.3
556,295,82.7
556,303,78.3
556,307,46.2
556,313,10.2
556,329,46.2
556,331,70.8
556,337,86.8
556,339,21.8
556,344,64.0
556,345,129.9
556,346,78.5
556,348,13.1
556,349,320.4
556,351,92.4
556,353,18.2
556,354,27.6
556,355,105.9
556,359,65.3
556,360,25.8
556,361,33.2
556,362,23.4
556,363,77.4
556,364,14.2
556,366,60.6
556,367,26.6
556,368,40.8
556,372,87.6
556,380,49.2
556,385,19.2
556,392,49.5
556,397,25.5
556,405,14.8
556,413,22.4
556,420,39.0
556,422,29.8
556,423,35.2
556,444,30.0
556,452,24.4
556,457,65.6
556,459,78.1
556,461,72.8
556,463,69.0
556,464,94.7
556,465,42.4
556,471,46.4
556,499,17.2
556,510,11.3
556,512,22.4
556,515,38.0
556,518,24.0
556,532,26.8
556,546,43.4
556,547,26.4
556,550,27.6
556,551,14.8
556,561,284.6
556,567,15.6
556,568,92.4
556,572,26.1
556,577,39.8
556,579,39.0
556,580,63.0
556,584,48.6
556,586,15.7
556,592,29.3
556,597,43.4
556,598,60.8
556,600,58.9
556,601,158.4
556,606,14.7
556,609,11.1
556,611,81.8
556,626,133.8
556,629,58.8
556,630,21.3
560,52,14.4
560,194,31.0
560,341,81.6
560,535,22.3
560,554,56.9
560,575,14.4
560,600,21.7
560,601,45.0
560,626,78.6
561,15,13.0
561,29,23.4
561,38,43.9
561,57,28.7
561,112,77.2
561,121,24.7
561,136,14.0
561,138,15.1
561,147,37.4
561,153,34.1
561,155,29.2
561,165,33.3
561,171,29.0
561,185,47.6
561,194,26.1
561,226,14.7
561,248,52.4
561,252,44.0
561,261,31.3
561,284,30.9
561,287,29.2
561,288,35.0
561,289,36.6
561,291,102.8
561,293,92.8
561,294,118.8
561,297,21.9
561,309,23.8
561,326,19.6
561,341,16.4
561,342,33.5
561,344,44.3
561,345,120.9
561,346,25.5
561,347,63.6
561,348,29.4
561,349,32.4
561,351,20.4
561,353,64.5
561,354,43.3
561,355,98.1
561,356,15.7
561,358,22.3
561,360,40.5
561,362,36.0
561,363,29.4
561,364,13.9
561,368,31.1
561,370,40.6
561,374,27.2
561,378,32.7
561,392,13.6
561,394,59.9
561,396,77.1
561,397,32.7
561,405,15.4
561,410,15.4
561,412,28.4
561,417,13.6
561,424,28.4
561,434,32.8
561,440,13.9
561,452,28.0
561,458,21.0
561,463,81.5
561,464,37.1
561,467,38.1
561,470,31.3
561,472,28.1
561,477,37.8
561,496,33.3
561,501,75.6
561,534,35.7
561,542,45.0
561,543,40.7
561,545,64.5
561,550,33.9
561,556,284.6
561,564,38.1
561,568,62.3
561,576,34.8
561,586,14.8
561,588,33.4
561,594,17.9
561,595,102.8
561,597,23.0
561,601,61.9
561,606,26.0
561,610,48.2
561,613,23.4
561,626,52.2
561,627,71.2
564,295,20.4
564,329,23.4
564,340,12.9
564,349,117.2
564,355,23.4
564,542,27.1
564,561,38.1
564,566,29.2
564,601,72.2
566,34,29.0
566,190,25.3
566,225,20.0
566,295,27.5
566,341,64.3
566,344,51.6
566,347,26.3
566,349,141.7
566,351,27.2
566,357,91.1
566,459,23.4
566,463,16.4
566,564,29.2
567,105,15.5
567,145,46.4
567,153,46.4
567,171,29.0
567,339,27.2
567,347,56.7
567,354,20.2
567,357,18.9
567,374,100.7
567,441,60.3
567,469,25.9
567,546,13.1
567,556,15.6
567,577,33.9
567,601,47.7
567,609,12.1
568,20,119.9
568,102,37.8
568,114,12.2
568,119,22.4
568,121,69.2
568,153,20.8
568,155,62.2
568,194,24.3
568,196,14.5
568,216,19.1
568,275,14.8
568,287,53.5
568,291,34.1
568,292,53.5
568,307,35.6
568,341,71.7
568,345,112.4
568,347,242.1
568,348,24.8
568,355,13.9
568,357,86.5
568,359,30.9
568,367,24.3
568,369,13.2
568,374,51.9
568,397,57.6
568,445,30.0
568,543,47.2
568,556,92.4
568,561,62.3
568,579,59.7
568,586,31.2
568,588,52.2
568,601,58.7
568,609,133.8
568,626,24.2
569,117,24.1
569,155,20.6
569,295,43.7
569,374,39.6
569,380,104.1
569,386,64.6
569,401,23.2
569,409,39.5
569,467,19.0
569,470,43.9
569,471,56.0
569,472,88.3
569,476,15.8
569,526,24.9
569,543,15.7
569,587,18.9
569,594,99.3
569,601,98.1
570,102,11.3
570,153,24.7
570,155,22.7
570,307,51.6
570,371,54.4
570,380,31.3
570,387,47.0
570,397,41.0
570,461,23.5
570,470,41.0
570,472,73.0
570,477,51.4
570,523,25.4
570,550,14.4
570,577,24.1
570,600,60.3
570,601,42.9
570,611,20.2
570,626,26.1
571,153,15.7
571,155,15.7
571,380,23.6
571,387,32.7
571,389,15.7
571,434,50.1
571,473,28.1
571,519,30.0
571,572,60.0
571,597,95.7
571,601,76.4
571,611,33.9
571,624,54.4
572,95,27.2
572,103,60.0
572,147,26.1
572,153,45.4
572,155,46.9
572,183,52.6
572,203,43.7
572,351,49.5
572,378,23.7
572,390,14.9
572,393,60.6
572,395,26.1
572,397,77.4
572,404,25.4
572,433,25.4
572,434,50.3
572,453,16.2
572,499,25.4
572,542,21.7
572,545,62.9
572,554,80.7
572,556,26.1
572,571,60.0
572,578,21.6
572,597,62.6
572,598,22.6
572,601,78.1
572,606,22.6
573,61,22.4
573,153,22.8
573,155,20.8
573,286,30.5
573,354,23.9
573,389,37.3
573,396,24.2
573,412,21.7
573,413,20.8
573,423,21.7
573,499,54.4
573,550,50.2
573,579,17.3
573,597,47.1
573,600,65.0
573,601,36.9
574,103,19.7
574,153,22.3
574,155,18.3
574,228,83.9
574,471,49.1
574,492,19.5
574,499,16.5
574,521,27.8
574,522,18.3
574,545,29.6
574,577,219.9
574,601,117.3
575,84,42.2
575,154,24.5
575,155,35.6
575,228,62.5
575,424,75.1
575,434,79.4
575,496,60.0
575,542,22.6
575,560,14.4
575,577,151.3
576,119,14.3
576,147,32.3
576,153,44.3
576,228,14.8
576,270,29.1
576,309,58.1
576,477,17.4
576,479,27.8
576,488,14.3
576,542,49.1
576,561,34.8
576,577,135.1
576,601,61.7
577,103,45.0
577,124,26.3
577,145,26.3
577,147,32.3
577,153,52.4
577,155,23.8
577,228,21.9
577,282,39.8
577,382,23.0
577,401,104.3
577,410,26.4
577,422,16.1
577,423,42.9
577,425,18.3
577,426,13.6
577,432,28.2
577,434,44.1
577,435,17.6
577,438,48.5
577,477,58.8
577,481,37.6
577,485,12.7
577,487,89.8
577,488,26.3
577,492,25.6
577,493,34.3
577,496,60.0
577,499,64.5
577,501,35.4
577,518,57.3
577,520,25.6
577,521,98.3
577,523,48.5
577,525,47.5
577,542,55.0
577,549,54.9
577,556,39.8
577,567,33.9
577,570,24.1
577,574,219.9
577,575,151.3
577,576,135.1
577,588,21.9
577,595,129.2
577,598,21.9
577,601,89.0
577,616,34.4
577,624,40.7
577,626,17.4
578,14,28.0
578,20,26.9
578,22,17.5
578,34,35.0
578,47,18.5
578,63,55.4
578,82,23.5
578,86,67.2
578,88,35.6
578,98,12.9
578,103,29.4
578,147,61.4
578,149,22.3
578,150,14.0
578,153,29.0
578,157,15.4
578,161,12.2
578,176,41.7
578,182,18.8
578,198,58.1
578,227,18.1
578,228,18.8
578,262,34.3
578,297,40.8
578,313,73.9
578,393,22.2
578,395,22.2
578,396,27.0
578,401,16.1
578,407,50.0
578,411,31.0
578,412,31.0
578,434,45.7
578,444,27.7
578,455,17.6
578,456,12.9
578,463,12.2
578,465,59.8
578,473,32.4
578,476,33.2
578,508,14.4
578,510,106.5
578,518,28.5
578,523,53.7
578,525,25.8
578,542,29.0
578,543,55.4
578,551,102.2
578,554,64.8
578,572,21.6
578,586,18.2
578,596,14.4
578,598,17.6
578,600,23.5
578,601,42.9
578,604,20.6
578,607,32.4
578,611,80.3
578,614,22.3
578,624,50.0
578,626,29.3
579,17,52.0
579,85,32.1
579,148,71.7
579,153,15.1
579,155,17.1
579,291,15.6
579,297,28.5
579,308,34.4
579,313,45.6
579,334,22.4
579,367,49.9
579,420,39.0
579,450,12.2
579,454,35.8
579,459,55.7
579,463,15.8
579,556,39.0
579,568,59.7
579,573,17.3
579,586,26.9
579,600,17.3
579,601,26.7
580,147,22.4
580,155,33.8
580,282,15.0
580,285,39.9
580,291,33.6
580,313,23.1
580,442,35.5
580,543,16.1
580,545,17.3
580,556,63.0
584,11,23.1
584,102,30.5
584,121,30.5
584,147,61.1
584,179,32.2
584,415,23.9
584,517,25.6
584,556,48.6
584,585,69.6
584,586,30.4
584,598,21.9
584,601,39.2
585,24,31.7
585,29,13.0
585,52,19.1
585,56,36.5
585,59,58.2
585,61,24.1
585,63,11.9
585,66,24.4
585,77,30.8
585,78,15.3
585,96,27.8
585,112,23.4
585,118,31.8
585,121,23.4
585,124,58.4
585,127,15.3
585,132,17.2
585,144,28.3
585,146,26.2
585,147,116.8
585,150,27.1
585,153,54.9
585,155,153.6
585,164,44.2
585,166,44.3
585,168,24.9
585,171,19.5
585,175,79.4
585,191,50.1
585,192,14.1
585,194,27.4
585,198,20.1
585,243,15.2
585,245,75.8
585,256,21.4
585,271,41.6
585,273,29.2
585,279,26.2
585,281,19.6
585,282,26.8
585,283,28.9
585,286,31.1
585,291,16.6
585,307,21.9
585,309,23.9
585,367,108.8
585,368,23.4
585,386,18.1
585,396,21.6
585,404,58.7
585,415,34.3
585,434,61.3
585,442,22.2
585,450,30.4
585,452,78.6
585,459,61.3
585,463,25.6
585,464,16.6
585,466,21.6
585,476,21.5
585,477,44.9
585,486,70.6
585,512,119.2
585,525,44.7
585,527,25.6
585,534,29.2
585,538,26.2
585,542,77.3
585,543,16.8
585,545,17.2
585,551,21.9
585,584,69.6
585,586,159.8
585,587,71.9
585,588,28.0
585,597,23.4
585,598,31.8
585,600,30.0
585,601,483.9
585,606,29.5
585,626,16.2
586,24,13.0
586,63,26.2
586,72,81.2
586,105,71.2
586,119,21.3
586,121,15.3
586,123,24.7
586,145,49.1
586,147,81.7
586,151,24.0
586,153,93.1
586,154,59.7
586,155,49.1
586,156,24.6
586,161,36.8
586,167,26.3
586,194,17.6
586,234,24.0
586,279,53.6
586,280,29.5
586,282,15.3
586,283,40.8
586,286,16.8
586,287,17.1
586,291,45.6
586,292,24.9
586,294,13.5
586,307,23.0
586,310,18.1
586,311,23.3
586,317,15.1
586,320,45.6
586,321,26.7
586,334,16.0
586,341,14.6
586,353,82.7
586,358,27.4
586,363,15.5
586,367,16.2
586,368,26.1
586,392,18.0
586,434,71.2
586,440,61.2
586,441,23.0
586,444,16.8
586,448,238.0
586,451,35.6
586,453,17.3
586,455,96.5
586,470,23.2
586,476,11.9
586,496,33.9
586,499,48.7
586,525,75.5
586,536,32.9
586,542,116.5
586,546,65.2
586,548,24.9
586,556,15.7
586,561,14.8
586,568,31.2
586,578,18.2
586,579,26.9
586,584,30.4
586,585,159.8
586,587,29.4
586,588,46.8
586,598,32.8
586,600,163.3
586,601,235.8
586,602,22.5
586,606,35.8
586,617,16.4
587,18,63.4
587,24,47.1
587,29,13.8
587,47,35.5
587,60,35.5
587,93,19.1
587,101,28.7
587,121,55.3
587,127,12.8
587,141,14.4
587,145,26.3
587,147,42.0
587,153,139.6
587,154,77.2
587,155,46.0
587,161,97.0
587,195,34.2
587,242,56.0
587,263,23.5
587,277,28.0
587,281,16.2
587,282,19.6
587,284,31.8
587,288,25.3
587,290,14.0
587,291,26.1
587,304,139.6
587,306,15.6
587,307,14.3
587,309,24.9
587,311,50.4
587,313,32.1
587,325,14.3
587,329,25.3
587,351,52.3
587,366,19.9
587,448,44.3
587,450,32.3
587,453,15.2
587,458,30.6
587,487,27.0
587,499,22.5
587,525,39.7
587,535,27.8
587,542,24.9
587,543,27.4
587,549,46.0
587,551,21.9
587,569,18.9
587,585,71.9
587,586,29.4
587,598,39.7
587,599,27.4
587,600,27.0
587,601,169.1
587,624,51.1
588,15,23.6
588,28,62.4
588,105,32.6
588,112,91.4
588,130,23.1
588,136,44.2
588,139,52.7
588,145,58.4
588,147,54.7
588,153,36.1
588,154,55.9
588,161,107.3
588,167,19.2
588,193,22.6
588,194,25.9
588,198,22.6
588,271,32.1
588,275,54.0
588,279,21.0
588,280,40.5
588,282,144.9
588,283,53.3
588,304,42.3
588,308,32.6
588,310,29.2
588,311,36.9
588,314,37.1
588,321,31.2
588,326,63.4
588,346,33.4
588,349,50.9
588,384,37.4
588,430,36.1
588,432,24.3
588,434,29.2
588,441,22.4
588,442,19.2
588,445,43.4
588,446,22.9
588,447,46.4
588,448,26.3
588,450,22.9
588,451,41.0
588,458,69.0
588,461,30.1
588,473,19.2
588,477,26.2
588,533,62.6
588,539,32.6
588,542,58.9
588,543,123.3
588,551,63.0
588,561,33.4
588,568,52.2
588,577,21.9
588,585,28.0
588,586,46.8
588,598,28.8
588,600,32.6
588,601,107.9
588,611,49.5
588,626,29.0
588,632,22.1
589,32,22.5
589,35,32.1
589,39,94.2
589,41,126.9
589,46,16.6
589,47,70.0
589,149,32.4
589,242,31.5
589,593,95.5
589,600,27.9
590,52,84.9
592,33,19.9
592,35,35.5
592,39,79.4
592,42,55.5
592,45,126.8
592,46,19.4
592,48,32.9
592,52,103.5
592,53,44.6
592,60,13.6
592,86,17.9
592,103,21.7
592,228,14.8
592,247,57.5
592,434,43.9
592,448,44.6
592,481,44.6
592,510,21.4
592,512,27.0
592,514,27.0
592,515,35.3
592,542,11.9
592,543,69.4
592,552,71.1
592,554,150.3
592,556,29.3
592,600,34.1
592,606,13.6
593,39,54.4
593,45,27.1
593,48,26.0
593,52,208.1
593,55,43.1
593,111,33.7
593,234,39.7
593,266,32.2
593,463,30.1
593,510,17.2
593,512,27.7
593,516,31.5
593,522,67.5
593,525,29.2
593,531,30.7
593,542,47.7
593,589,95.5
593,600,44.3
594,149,45.3
594,349,28.4
594,391,46.2
594,409,39.5
594,410,26.4
594,434,72.6
594,463,17.9
594,477,16.4
594,542,15.2
594,561,17.9
594,569,99.3
594,601,46.2
595,153,27.9
595,155,55.1
595,291,125.0
595,382,46.6
595,401,126.5
595,410,74.3
595,432,17.0
595,434,48.5
595,499,48.7
595,542,66.2
595,561,102.8
595,577,129.2
595,600,13.6
595,601,23.6
595,624,43.7
596,147,24.1
596,394,25.5
596,412,29.0
596,432,29.0
596,477,16.5
596,549,76.3
596,578,14.4
596,597,59.0
596,601,25.5
597,27,27.7
597,145,27.3
597,153,23.2
597,291,24.7
597,349,22.4
597,377,21.6
597,378,28.2
597,386,80.8
597,390,69.7
597,391,35.8
597,393,60.6
597,396,30.4
597,397,58.0
597,410,28.2
597,420,30.1
597,463,13.2
597,470,33.1
597,499,26.2
597,527,27.2
597,546,43.4
597,556,43.4
597,561,23.0
597,571,95.7
597,572,62.6
597,573,47.1
597,585,23.4
597,596,59.0
597,600,28.8
597,601,68.5
598,11,24.4
598,22,32.5
598,80,13.6
598,93,23.2
598,102,24.5
598,103,12.2
598,147,42.0
598,153,25.0
598,165,27.1
598,168,14.3
598,174,33.1
598,185,35.8
598,198,23.6
598,201,19.5
598,209,24.7
598,215,24.7
598,223,31.3
598,228,129.3
598,236,22.1
598,249,32.8
598,263,27.1
598,271,28.3
598,291,21.9
598,334,32.1
598,338,24.8
598,345,32.1
598,346,33.4
598,354,15.1
598,358,31.0
598,380,15.5
598,397,25.3
598,434,69.3
598,435,16.0
598,441,23.7
598,445,55.9
598,446,16.5
598,449,31.3
598,450,27.2
598,455,29.1
598,472,18.7
598,473,47.4
598,477,33.9
598,484,33.9
598,498,125.1
598,510,22.6
598,513,60.4
598,514,60.4
598,515,19.4
598,516,29.6
598,517,13.3
598,521,19.8
598,525,39.7
598,533,28.8
598,542,124.6
598,544,33.5
598,545,16.0
598,550,19.7
598,556,60.8
598,572,22.6
598,577,21.9
598,578,17.6
598,584,21.9
598,585,31.8
598,586,32.8
598,587,39.7
598,588,28.8
598,600,86.5
598,601,165.0
598,606,67.6
598,617,23.6
598,626,30.3
599,52,28.1
599,77,19.5
599,78,28.1
599,90,20.6
599,145,25.2
599,153,15.6
599,154,22.9
599,155,22.7
599,161,33.8
599,183,38.7
599,186,12.4
599,234,62.4
599,251,64.0
599,282,33.7
599,424,184.5
599,448,18.9
599,454,19.6
599,484,20.6
599,543,27.4
599,545,13.6
599,587,27.4
599,600,142.9
599,601,117.8
599,606,33.8
599,624,27.4
599,626,12.4
600,4,20.5
600,10,32.4
600,13,18.6
600,15,29.1
600,18,14.8
600,34,14.0
600,37,32.2
600,45,30.7
600,49,24.9
600,50,30.7
600,53,11.1
600,56,22.8
600,59,41.3
600,65,24.4
600,77,16.1
600,82,23.5
600,90,26.4
600,95,40.0
600,103,55.3
600,107,32.1
600,110,17.6
600,113,24.9
600,116,15.3
600,119,51.7
600,121,15.0
600,123,46.1
600,142,18.0
600,145,14.8
600,146,24.0
600,147,65.4
600,148,11.2
600,153,13.6
600,155,75.3
600,156,72.0
600,161,25.5
600,164,111.0
600,175,21.0
600,179,24.3
600,180,17.2
600,189,16.1
600,190,32.7
600,194,12.4
600,198,40.4
600,199,23.6
600,202,40.4
600,204,42.3
600,206,15.3
600,209,30.6
600,214,25.3
600,225,26.2
600,227,44.0
600,228,22.4
600,242,19.4
600,246,30.7
600,247,23.6
600,248,34.8
600,249,32.8
600,251,70.2
600,256,19.1
600,264,48.6
600,267,30.9
600,271,69.3
600,275,32.1
600,282,15.2
600,285,16.5
600,287,25.8
600,291,14.4
600,300,34.4
600,306,15.6
600,307,19.8
600,308,32.6
600,349,32.5
600,354,14.1
600,357,23.2
600,361,33.7
600,362,27.0
600,366,32.5
600,367,45.6
600,370,52.6
600,372,17.1
600,385,18.1
600,386,61.4
600,387,40.6
600,389,20.1
600,394,40.2
600,396,36.0
600,397,58.1
600,401,13.2
600,404,27.6
600,409,22.2
600,412,63.6
600,420,99.3
600,422,81.9
600,423,52.7
600,424,43.7
600,426,17.1
600,432,42.6
600,434,27.7
600,436,27.7
600,440,34.5
600,448,32.1
600,452,34.3
600,454,36.1
600,461,14.8
600,466,24.6
600,476,73.4
600,477,41.9
600,478,16.3
600,481,19.4
600,482,23.7
600,484,38.8
600,485,23.0
600,486,25.3
600,487,27.0
600,492,30.0
600,493,47.3
600,501,28.0
600,510,24.0
600,511,21.4
600,513,30.2
600,514,26.9
600,515,34.6
600,517,21.6
600,519,13.9
600,521,23.7
600,523,22.1
600,525,14.6
600,528,26.7
600,531,30.9
600,542,42.9
600,545,55.6
600,546,13.4
600,554,32.7
600,556,58.9
600,560,21.7
600,570,60.3
600,573,65.0
600,578,23.5
600,579,17.3
600,585,30.0
600,586,163.3
600,587,27.0
600,588,32.6
600,589,27.9
600,592,34.1
600,593,44.3
600,595,13.6
600,597,28.8
600,598,86.5
600,599,142.9
600,601,203.3
600,615,42.8
600,617,17.0
600,623,114.4
600,624,16.4
600,626,85.0
601,1,14.1
601,2,19.6
601,3,43.2
601,5,17.1
601,6,60.0
601,10,91.3
601,12,45.2
601,16,20.3
601,17,70.1
601,21,54.3
601,22,38.0
601,23,76.0
601,24,62.0
601,26,18.7
601,28,13.0
601,30,21.0
601,33,39.0
601,34,64.2
601,37,164.3
601,38,31.5
601,40,11.3
601,41,23.1
601,43,29.4
601,44,31.4
601,45,46.1
601,46,73.8
601,47,112.4
601,48,65.8
601,49,46.2
601,50,84.5
601,52,31.6
601,53,39.0
601,56,29.1
601,57,127.2
601,58,30.5
601,60,59.6
601,61,71.2
601,63,15.2
601,64,11.1
601,65,34.9
601,66,19.5
601,72,63.7
601,73,51.7
601,74,56.0
601,75,59.0
601,77,96.3
601,78,14.3
601,79,30.6
601,82,15.5
601,84,29.5
601,85,31.9
601,86,16.3
601,88,46.1
601,90,34.9
601,92,128.3
601,93,14.0
601,95,146.3
601,96,62.4
601,98,32.7
601,99,52.3
601,100,25.1
601,101,24.6
601,102,29.4
601,103,60.9
601,105,17.7
601,107,110.1
601,110,13.9
601,112,26.1
601,113,162.6
601,117,24.1
601,118,25.6
601,119,108.0
601,121,92.6
601,123,32.7
601,124,32.4
601,125,44.2
601,131,34.2
601,132,58.1
601,135,45.9
601,136,64.2
601,137,137.1
601,138,82.7
601,140,51.8
601,143,47.0
601,144,16.1
601,145,155.1
601,146,76.2
601,147,320.0
601,148,68.5
601,149,123.4
601,150,14.2
601,153,247.7
601,154,58.9
601,155,247.2
601,156,49.8
601,157,34.0
601,160,55.0
601,161,46.1
601,163,35.6
601,164,45.6
601,165,23.6
601,167,18.1
601,168,29.7
601,171,25.3
601,172,25.6
601,174,45.8
601,179,32.7
601,180,17.2
601,183,41.6
601,184,14.0
601,186,57.8
601,187,16.1
601,189,46.0
601,190,26.2
601,191,39.4
601,192,64.2
601,193,20.0
601,194,64.4
601,196,80.6
601,198,99.0
601,199,12.2
601,200,60.4
601,201,17.5
601,202,21.9
601,203,21.0
601,205,60.0
601,208,34.8
601,209,41.9
601,210,104.1
601,211,85.3
601,213,40.4
601,214,33.5
601,216,50.3
601,218,12.2
601,219,37.6
601,220,112.6
601,221,18.1
601,222,20.0
601,223,96.0
601,224,79.1
601,225,117.1
601,228,127.0
601,231,36.1
601,232,68.0
601,233,48.3
601,236,20.6
601,237,70.2
601,238,116.3
601,239,33.6
601,241,19.4
601,242,24.1
601,243,28.0
601,251,122.4
601,254,33.9
601,258,52.3
601,259,63.0
601,261,15.4
601,263,109.8
601,264,17.2
601,265,111.9
601,267,54.6
601,268,17.6
601,269,82.9
601,270,26.8
601,271,99.2
601,272,117.6
601,273,90.5
601,275,116.5
601,277,59.2
601,278,28.0
601,279,24.6
601,280,29.5
601,281,48.0
601,282,95.8
601,283,23.0
601,284,32.1
601,286,40.0
601,287,31.7
601,288,69.2
601,289,16.2
601,291,37.4
601,292,102.2
601,293,144.4
601,294,119.2
601,297,27.3
601,299,41.1
601,304,47.9
601,307,70.5
601,308,21.9
601,309,61.6
601,310,26.7
601,311,74.4
601,313,50.8
601,314,109.8
601,318,72.3
601,320,29.2
601,322,14.8
601,323,18.6
601,326,50.6
601,330,29.5
601,331,53.0
601,334,20.0
601,337,31.6
601,338,24.7
601,339,139.8
601,340,31.3
601,342,55.7
601,345,47.3
601,346,37.0
601,347,33.5
601,349,19.7
601,351,36.0
601,352,20.6
601,354,114.5
601,357,38.0
601,358,98.2
601,359,84.2
601,360,34.7
601,362,37.6
601,363,16.5
601,365,12.6
601,366,55.0
601,367,76.7
601,368,53.4
601,369,51.9
601,370,117.2
601,372,21.6
601,374,47.7
601,376,23.6
601,380,55.1
601,385,23.6
601,386,24.9
601,388,54.9
601,389,52.5
601,390,35.3
601,392,49.4
601,393,17.5
601,394,25.5
601,396,63.1
601,397,52.9
601,401,67.2
601,404,36.2
601,405,20.4
601,410,108.6
601,412,116.2
601,413,30.9
601,417,111.8
601,419,56.8
601,421,16.1
601,422,33.3
601,423,88.8
601,424,14.7
601,425,21.7
601,426,30.0
601,428,18.1
601,432,139.8
601,434,112.5
601,435,54.9
601,437,64.3
601,438,86.7
601,440,178.6
601,441,38.8
601,442,125.9
601,444,21.2
601,445,116.2
601,446,48.3
601,447,142.0
601,448,110.5
601,449,48.2
601,450,94.1
601,451,114.7
601,452,17.5
601,453,49.0
601,455,37.3
601,457,50.0
601,458,206.4
601,459,75.7
601,460,15.7
601,461,42.1
601,463,86.2
601,465,22.6
601,469,40.9
601,470,44.0
601,471,66.5
601,473,66.6
601,476,17.9
601,477,67.6
601,480,48.0
601,481,64.8
601,482,20.4
601,484,105.9
601,485,67.1
601,486,15.3
601,488,25.7
601,492,31.7
601,493,18.3
601,494,42.3
601,496,52.3
601,498,22.6
601,499,21.5
601,502,42.9
601,504,26.9
601,506,36.7
601,507,30.9
601,508,50.3
601,509,52.1
601,510,18.0
601,511,58.6
601,514,32.4
601,515,70.0
601,517,104.3
601,518,88.6
601,522,18.3
601,523,30.1
601,525,55.2
601,526,38.0
601,528,41.3
601,529,47.6
601,531,87.8
601,534,37.6
601,536,17.9
601,539,26.1
601,540,68.0
601,541,64.6
601,542,522.9
601,543,165.6
601,544,70.5
601,545,118.7
601,546,32.0
601,548,103.9
601,549,82.4
601,550,36.7
601,551,58.4
601,552,41.5
601,553,72.6
601,554,67.9
601,556,158.4
601,560,45.0
601,561,61.9
601,564,72.2
601,567,47.7
601,568,58.7
601,569,98.1
601,570,42.9
601,571,76.4
601,572,78.1
601,573,36.9
601,574,117.3
601,576,61.7
601,577,89.0
601,578,42.9
601,579,26.7
601,584,39.2
601,585,483.9
601,586,235.8
601,587,169.1
601,588,107.9
601,594,46.2
601,595,23.6
601,596,25.5
601,597,68.5
601,598,165.0
601,599,117.8
601,600,203.3
601,602,14.3
601,604,67.8
601,606,71.1
601,607,81.7
601,609,21.9
601,612,125.1
601,613,27.0
601,614,44.5
601,615,65.8
601,617,123.9
601,625,26.1
601,626,195.3
601,627,64.8
601,630,24.6
601,632,16.1
602,56,260.6
602,88,58.4
602,103,19.3
602,155,47.9
602,225,49.0
602,228,64.1
602,285,31.1
602,521,91.0
602,554,14.7
602,586,22.5
602,601,14.3
604,198,20.9
604,204,79.5
604,214,19.6
604,223,66.7
604,228,73.9
604,477,46.7
604,554,20.5
604,578,20.6
604,601,67.8
604,606,56.0
605,153,25.2
605,155,25.2
605,236,57.0
606,3,23.5
606,12,34.0
606,15,57.7
606,19,9.9
606,20,17.4
606,22,45.6
606,25,30.2
606,26,12.8
606,27,29.1
606,32,74.8
606,34,42.9
606,35,44.7
606,42,67.5
606,43,39.8
606,53,38.4
606,58,65.0
606,61,75.5
606,64,63.6
606,65,17.8
606,67,54.9
606,73,125.9
606,74,40.5
606,77,93.0
606,79,32.8
606,81,15.8
606,82,70.3
606,90,17.6
606,95,26.1
606,96,14.0
606,102,63.6
606,107,51.5
606,112,41.7
606,121,14.2
606,124,16.7
606,132,29.2
606,145,28.4
606,147,15.8
606,149,15.5
606,153,24.1
606,166,24.6
606,167,9.9
606,194,21.8
606,200,66.2
606,201,33.9
606,203,20.8
606,206,22.8
606,209,13.9
606,211,63.3
606,213,27.5
606,214,62.0
606,215,24.7
606,224,21.1
606,227,15.5
606,228,105.5
606,233,48.0
606,234,26.3
606,235,22.9
606,236,26.9
606,237,16.9
606,238,66.2
606,239,37.7
606,240,12.9
606,242,22.1
606,244,15.5
606,246,48.0
606,249,16.6
606,250,81.9
606,251,112.7
606,291,38.7
606,293,26.2
606,294,14.0
606,299,36.4
606,326,44.3
606,331,56.5
606,351,24.5
606,354,27.2
606,365,13.9
606,368,18.7
606,411,27.6
606,470,13.9
606,487,20.8
606,508,24.8
606,509,14.6
606,511,17.4
606,514,22.6
606,517,13.3
606,520,27.6
606,540,92.1
606,542,59.4
606,544,30.2
606,545,73.8
606,554,29.6
606,556,14.7
606,561,26.0
606,572,22.6
606,585,29.5
606,586,35.8
606,592,13.6
606,598,67.6
606,599,33.8
606,601,71.1
606,604,56.0
606,607,72.2
606,630,41.0
606,631,59.3
607,23,35.7
607,49,58.2
607,52,29.1
607,60,21.7
607,68,40.8
607,88,45.9
607,153,26.8
607,228,31.6
607,237,73.0
607,397,17.0
607,422,18.8
607,510,27.2
607,513,18.8
607,519,27.2
607,542,99.4
607,545,50.0
607,554,30.7
607,578,32.4
607,601,81.7
607,606,72.2
608,353,28.8
608,354,120.4
608,463,27.3
609,155,26.7
609,282,40.6
609,293,11.1
609,308,21.9
609,351,26.2
609,355,14.1
609,434,50.4
609,467,15.5
609,542,23.4
609,543,31.1
609,556,11.1
609,567,12.1
609,568,133.8
609,601,21.9
610,136,35.2
610,182,27.2
610,351,52.5
610,448,23.0
610,561,48.2
611,90,14.0
611,147,20.4
611,155,27.4
611,161,22.4
611,198,9.7
611,341,22.2
611,345,118.5
611,346,34.7
611,349,61.8
611,351,32.4
611,354,31.8
611,363,104.6
611,556,81.8
611,570,20.2
611,571,33.9
611,578,80.3
611,588,49.5
612,38,18.1
612,116,46.0
612,155,38.5
612,193,84.3
612,223,40.2
612,411,34.0
612,470,17.4
612,477,170.9
612,479,27.8
612,481,112.0
612,484,113.5
612,485,114.5
612,486,21.5
612,518,49.8
612,542,12.8
612,551,16.9
612,601,125.1
612,613,209.0
612,614,43.6
612,615,74.8
612,616,113.4
612,617,136.5
612,624,59.3
613,45,47.1
613,153,49.7
613,228,59.0
613,481,19.0
613,499,21.7
613,518,29.8
613,529,22.2
613,545,27.0
613,561,23.4
613,601,27.0
613,612,209.0
614,147,22.7
614,153,50.6
614,167,23.8
614,228,69.3
614,481,23.8
614,496,25.6
614,499,107.7
614,507,32.2
614,510,16.5
614,542,36.2
614,545,45.3
614,578,22.3
614,601,44.5
614,612,43.6
615,147,19.8
615,153,13.7
615,155,31.1
615,498,23.9
615,521,18.8
615,542,45.6
615,600,42.8
615,601,65.8
615,612,74.8
615,617,20.7
616,214,51.0
616,427,30.9
616,577,34.4
616,612,113.4
616,617,28.3
616,624,28.3
617,11,20.6
617,45,18.1
617,49,48.0
617,63,18.3
617,145,28.6
617,147,84.7
617,149,19.7
617,155,31.8
617,161,16.2
617,368,26.1
617,428,18.0
617,441,28.0
617,480,27.1
617,486,25.3
617,496,12.6
617,518,32.2
617,522,22.8
617,526,37.5
617,532,15.2
617,542,71.5
617,545,26.1
617,553,28.6
617,586,16.4
617,598,23.6
617,600,17.0
617,601,123.9
617,612,136.5
617,615,20.7
617,616,28.3
617,624,28.3
617,626,28.0
619,250,82.1
619,321,29.8
619,349,18.3
619,467,33.4
619,504,35.2
619,515,61.8
619,518,76.9
619,520,36.7
619,550,21.5
619,554,61.8
623,34,17.0
623,45,29.9
623,105,47.0
623,107,26.2
623,145,37.0
623,147,40.0
623,155,20.8
623,156,26.3
623,223,15.2
623,356,20.2
623,486,12.6
623,496,35.9
623,499,225.3
623,500,20.8
623,502,20.8
623,507,123.8
623,518,23.4
623,521,70.9
623,542,23.2
623,600,114.4
624,17,15.3
624,24,26.7
624,25,26.7
624,34,39.2
624,48,10.3
624,64,10.0
624,137,50.5
624,151,54.9
624,155,48.6
624,161,52.7
624,171,37.8
624,207,39.4
624,216,18.6
624,228,73.6
624,241,12.8
624,244,37.2
624,248,37.8
624,282,16.0
624,309,19.7
624,357,16.9
624,363,19.7
624,369,30.0
624,382,43.7
624,397,35.7
624,404,35.5
624,405,45.9
624,408,20.8
624,420,21.3
624,421,19.4
624,423,35.7
624,432,18.5
624,434,33.9
624,436,33.9
624,445,17.1
624,450,14.0
624,494,17.8
624,503,32.1
624,504,17.5
624,508,45.9
624,510,11.9
624,514,40.8
624,515,16.2
624,531,23.4
624,542,38.1
624,545,34.0
624,547,56.1
624,550,19.4
624,571,54.4
624,577,40.7
624,578,50.0
624,587,51.1
624,595,43.7
624,599,27.4
624,600,16.4
624,612,59.3
624,616,28.3
624,617,28.3
624,626,27.8
624,632,26.8
625,147,26.1
625,228,25.9
625,279,28.9
625,284,29.6
625,297,30.6
625,601,26.1
626,21,38.1
626,24,108.8
626,43,25.8
626,52,55.4
626,81,27.1
626,95,27.7
626,112,30.4
626,115,23.7
626,137,75.0
626,145,28.1
626,147,163.1
626,149,32.3
626,153,32.1
626,155,46.7
626,170,29.9
626,179,17.8
626,186,12.4
626,189,29.9
626,197,20.1
626,235,24.9
626,263,29.6
626,272,32.2
626,273,26.3
626,280,72.5
626,282,57.6
626,284,38.7
626,286,37.9
626,291,55.6
626,293,24.9
626,294,48.0
626,297,25.3
626,307,19.9
626,320,35.6
626,321,24.8
626,330,107.1
626,337,23.0
626,341,29.6
626,344,25.3
626,347,51.5
626,351,15.8
626,355,25.5
626,357,22.3
626,358,16.1
626,360,143.8
626,362,91.8
626,363,42.4
626,365,176.2
626,367,130.6
626,368,27.4
626,369,45.0
626,371,22.6
626,382,20.8
626,386,19.0
626,390,25.4
626,393,23.4
626,397,77.8
626,401,28.1
626,412,24.3
626,432,22.1
626,437,25.6
626,440,24.4
626,441,130.2
626,448,87.7
626,450,59.6
626,451,27.4
626,453,39.8
626,455,74.8
626,457,138.4
626,460,50.7
626,461,205.9
626,463,26.6
626,464,19.7
626,477,37.8
626,480,24.7
626,487,24.1
626,493,27.8
626,503,16.0
626,510,57.0
626,513,31.2
626,515,25.5
626,519,27.2
626,525,36.2
626,526,36.1
626,529,77.2
626,535,38.7
626,542,72.7
626,543,26.4
626,546,30.0
626,550,22.5
626,556,133.8
626,560,78.6
626,561,52.2
626,568,24.2
626,570,26.1
626,577,17.4
626,578,29.3
626,585,16.2
626,588,29.0
626,598,30.3
626,599,12.4
626,600,85.0
626,601,195.3
626,617,28.0
626,624,27.8
626,629,114.1
627,153,29.2
627,263,26.9
627,277,75.8
627,291,27.0
627,303,23.9
627,304,11.3
627,341,11.3
627,434,23.9
627,456,15.6
627,561,71.2
627,601,64.8
629,26,19.9
629,145,14.9
629,155,13.5
629,165,15.8
629,291,11.4
629,351,23.4
629,354,13.9
629,362,16.5
629,370,11.4
629,385,20.2
629,448,50.9
629,542,41.6
629,556,58.8
629,626,114.1
630,4,121.8
630,11,46.2
630,18,30.6
630,201,21.3
630,204,33.5
630,208,16.2
630,234,30.6
630,545,52.0
630,546,31.9
630,556,21.3
630,601,24.6
630,606,41.0
630,632,39.9
631,2,14.1
631,3,56.0
631,15,97.8
631,18,103.0
631,20,23.9
631,117,22.8
631,121,22.8
631,147,26.3
631,154,12.2
631,544,18.9
631,606,59.3
632,1,24.4
632,3,16.1
632,4,53.7
632,14,22.4
632,15,96.0
632,18,84.2
632,24,24.1
632,95,49.2
632,103,24.4
632,153,54.0
632,233,37.9
632,379,23.8
632,510,24.4
632,542,24.0
632,588,22.1
632,601,16.1
632,624,26.8
632,630,39.9
