_step,eval/episode_terminal_reward,run_id,run_name
8251,0.6618512409939242,fil26mbp,spring-sweep-1
16441,0.7194113013973756,fil26mbp,spring-sweep-1
24571,1.5116064130454496,fil26mbp,spring-sweep-1
32694,5.311776804423703,fil26mbp,spring-sweep-1
40854,11.205057384884288,fil26mbp,spring-sweep-1
49062,2.600836723983636,fil26mbp,spring-sweep-1
57199,4.472572020797377,fil26mbp,spring-sweep-1
65339,3.384650491283793,fil26mbp,spring-sweep-1
73507,4.3846039361368545,fil26mbp,spring-sweep-1
81620,8.93838817092566,fil26mbp,spring-sweep-1
89728,4.45809596739773,fil26mbp,spring-sweep-1
97878,5.916149963367346,fil26mbp,spring-sweep-1
106019,5.982297089274416,fil26mbp,spring-sweep-1
114106,9.385131122942227,fil26mbp,spring-sweep-1
122275,9.348377871774806,fil26mbp,spring-sweep-1
130430,7.69100640524443,fil26mbp,spring-sweep-1
138562,9.205971517052548,fil26mbp,spring-sweep-1
146674,0.8826258077704505,fil26mbp,spring-sweep-1
154811,8.988884661304189,fil26mbp,spring-sweep-1
162914,5.717568545210762,fil26mbp,spring-sweep-1
170938,6.645906315609382,fil26mbp,spring-sweep-1
179052,8.081209130253274,fil26mbp,spring-sweep-1
187107,4.409190719422533,fil26mbp,spring-sweep-1
195218,9.97135491753435,fil26mbp,spring-sweep-1
203264,10.871038757864952,fil26mbp,spring-sweep-1
211198,12.363958539202395,fil26mbp,spring-sweep-1
219202,6.133928870510212,fil26mbp,spring-sweep-1
227179,7.7472429312396285,fil26mbp,spring-sweep-1
235262,3.934601585319821,fil26mbp,spring-sweep-1
243321,12.98493745925822,fil26mbp,spring-sweep-1
251329,10.59738988848727,fil26mbp,spring-sweep-1
259391,13.020203454754235,fil26mbp,spring-sweep-1
267403,10.376193587460866,fil26mbp,spring-sweep-1
275389,6.728401164930595,fil26mbp,spring-sweep-1
283455,13.652111902711706,fil26mbp,spring-sweep-1
291563,4.370722884286896,fil26mbp,spring-sweep-1
299625,6.672273648074436,fil26mbp,spring-sweep-1
307624,12.836199465008486,fil26mbp,spring-sweep-1
315550,12.877206147739443,fil26mbp,spring-sweep-1
323453,7.3276539117693416,fil26mbp,spring-sweep-1
331433,11.746332014135161,fil26mbp,spring-sweep-1
339396,12.86437766292463,fil26mbp,spring-sweep-1
347375,9.855759588685725,fil26mbp,spring-sweep-1
355275,12.292555628159906,fil26mbp,spring-sweep-1
363271,12.710142507371794,fil26mbp,spring-sweep-1
371265,14.353124027850606,fil26mbp,spring-sweep-1
379233,10.909991721696821,fil26mbp,spring-sweep-1
387205,10.628463048970264,fil26mbp,spring-sweep-1
395124,13.355189285431578,fil26mbp,spring-sweep-1
403091,12.110252275027772,fil26mbp,spring-sweep-1
411008,14.899766796720161,fil26mbp,spring-sweep-1
418911,11.471011278047536,fil26mbp,spring-sweep-1
426794,16.469479337272787,fil26mbp,spring-sweep-1
434723,15.765382302195865,fil26mbp,spring-sweep-1
442606,13.568321429689954,fil26mbp,spring-sweep-1
450499,11.91850420114169,fil26mbp,spring-sweep-1
458346,14.565373345373075,fil26mbp,spring-sweep-1
466213,12.669575081189057,fil26mbp,spring-sweep-1
474015,14.01226024663453,fil26mbp,spring-sweep-1
481783,13.808429646171442,fil26mbp,spring-sweep-1
489570,15.557750091469796,fil26mbp,spring-sweep-1
497371,15.889203556346695,fil26mbp,spring-sweep-1
505195,12.680726916015251,fil26mbp,spring-sweep-1
512991,13.52830037132918,fil26mbp,spring-sweep-1
520823,13.84849477159012,fil26mbp,spring-sweep-1
528674,15.022546992818892,fil26mbp,spring-sweep-1
536507,12.533648072836154,fil26mbp,spring-sweep-1
544231,15.552773900660299,fil26mbp,spring-sweep-1
552051,15.823137573554806,fil26mbp,spring-sweep-1
559831,15.445092147535584,fil26mbp,spring-sweep-1
567603,15.165701594951903,fil26mbp,spring-sweep-1
575410,15.082706888285056,fil26mbp,spring-sweep-1
583184,16.676426521333124,fil26mbp,spring-sweep-1
590938,16.15657473460316,fil26mbp,spring-sweep-1
598706,14.039750295974027,fil26mbp,spring-sweep-1
606481,15.620756802847819,fil26mbp,spring-sweep-1
614309,15.814586831114365,fil26mbp,spring-sweep-1
622128,16.23538995563334,fil26mbp,spring-sweep-1
629944,11.731210587750358,fil26mbp,spring-sweep-1
637776,15.588774637944999,fil26mbp,spring-sweep-1
645589,15.331648820644627,fil26mbp,spring-sweep-1
653392,14.805353855695904,fil26mbp,spring-sweep-1
661172,16.916001269582672,fil26mbp,spring-sweep-1
668949,14.32805983912472,fil26mbp,spring-sweep-1
676811,11.31659145871014,fil26mbp,spring-sweep-1
684523,12.907031740080779,fil26mbp,spring-sweep-1
692289,16.82187336209592,fil26mbp,spring-sweep-1
700055,16.58446884431327,fil26mbp,spring-sweep-1
707826,16.40028615171004,fil26mbp,spring-sweep-1
715614,16.69334946015573,fil26mbp,spring-sweep-1
723420,13.646409115569671,fil26mbp,spring-sweep-1
731189,15.408240862174846,fil26mbp,spring-sweep-1
738933,12.520499218858664,fil26mbp,spring-sweep-1
746667,17.871880994711486,fil26mbp,spring-sweep-1
754440,17.036188016701516,fil26mbp,spring-sweep-1
762221,18.584945656600425,fil26mbp,spring-sweep-1
770057,16.37726396453994,fil26mbp,spring-sweep-1
777941,16.99317372853465,fil26mbp,spring-sweep-1
785776,10.14303921592143,fil26mbp,spring-sweep-1
793612,16.942523502356988,fil26mbp,spring-sweep-1
801450,16.841167275953403,fil26mbp,spring-sweep-1
809285,16.348997710600422,fil26mbp,spring-sweep-1
817133,15.652948209315174,fil26mbp,spring-sweep-1
825035,9.80732609418922,fil26mbp,spring-sweep-1
832893,13.749651950648166,fil26mbp,spring-sweep-1
840819,14.76083811573648,fil26mbp,spring-sweep-1
848758,10.456128747858099,fil26mbp,spring-sweep-1
856666,17.138431005019562,fil26mbp,spring-sweep-1
864488,16.49904201006303,fil26mbp,spring-sweep-1
872263,14.649651773684985,fil26mbp,spring-sweep-1
880091,15.106962557673956,fil26mbp,spring-sweep-1
887979,15.989537858250719,fil26mbp,spring-sweep-1
895839,15.056928437981204,fil26mbp,spring-sweep-1
903660,13.208404355630886,fil26mbp,spring-sweep-1
911515,16.448688732031638,fil26mbp,spring-sweep-1
919359,16.637096415649005,fil26mbp,spring-sweep-1
927282,14.660151376797279,fil26mbp,spring-sweep-1
935115,15.816449390658505,fil26mbp,spring-sweep-1
942946,16.119615610082388,fil26mbp,spring-sweep-1
950917,14.565542953060895,fil26mbp,spring-sweep-1
958715,14.437647440037997,fil26mbp,spring-sweep-1
966551,16.47842950989952,fil26mbp,spring-sweep-1
974433,14.991978075948614,fil26mbp,spring-sweep-1
982202,17.76982403385418,fil26mbp,spring-sweep-1
990064,15.082039179387124,fil26mbp,spring-sweep-1
997960,15.747758492524795,fil26mbp,spring-sweep-1
1005880.0,14.409183115068661,fil26mbp,spring-sweep-1
1013702.0,15.845244834271265,fil26mbp,spring-sweep-1
1021565.0,14.753101828062421,fil26mbp,spring-sweep-1
1029395.0,15.193615286417728,fil26mbp,spring-sweep-1
1037207.0,13.367342683423672,fil26mbp,spring-sweep-1
1045049.0,15.263413974065248,fil26mbp,spring-sweep-1
1052904.0,15.562016846031801,fil26mbp,spring-sweep-1
1060696.0,17.026414322248222,fil26mbp,spring-sweep-1
1068549.0,16.925711989559765,fil26mbp,spring-sweep-1
1076451.0,16.37919296785882,fil26mbp,spring-sweep-1
8194,3.2014552447662346,9xl1yd0p,ruby-sweep-2
16371,9.671783521688237,9xl1yd0p,ruby-sweep-2
24562,2.0691900788942825,9xl1yd0p,ruby-sweep-2
32736,3.441184205494867,9xl1yd0p,ruby-sweep-2
40972,7.824032807484597,9xl1yd0p,ruby-sweep-2
49225,10.50000613460332,9xl1yd0p,ruby-sweep-2
57434,4.739122550775898,9xl1yd0p,ruby-sweep-2
65654,3.857144181778146,9xl1yd0p,ruby-sweep-2
73865,6.12887415943746,9xl1yd0p,ruby-sweep-2
82053,8.212941311193354,9xl1yd0p,ruby-sweep-2
90280,12.909487348703593,9xl1yd0p,ruby-sweep-2
98473,7.496607309625188,9xl1yd0p,ruby-sweep-2
106709,10.36706801101256,9xl1yd0p,ruby-sweep-2
114916,10.534661232262351,9xl1yd0p,ruby-sweep-2
123081,7.013516830426674,9xl1yd0p,ruby-sweep-2
131269,14.139984045909832,9xl1yd0p,ruby-sweep-2
139497,10.843400580455816,9xl1yd0p,ruby-sweep-2
147710,3.784266620418035,9xl1yd0p,ruby-sweep-2
155904,11.609217426593087,9xl1yd0p,ruby-sweep-2
164114,12.989607999793739,9xl1yd0p,ruby-sweep-2
172314,11.38458767326215,9xl1yd0p,ruby-sweep-2
180532,7.502627852401912,9xl1yd0p,ruby-sweep-2
188739,9.194235727239942,9xl1yd0p,ruby-sweep-2
196942,4.031481855935818,9xl1yd0p,ruby-sweep-2
205132,6.042334555499798,9xl1yd0p,ruby-sweep-2
213333,5.36865449351794,9xl1yd0p,ruby-sweep-2
221537,11.554459318909204,9xl1yd0p,ruby-sweep-2
229743,9.494455958748834,9xl1yd0p,ruby-sweep-2
237940,11.676960511151513,9xl1yd0p,ruby-sweep-2
246174,11.543969407276798,9xl1yd0p,ruby-sweep-2
254355,8.55004013489857,9xl1yd0p,ruby-sweep-2
262566,9.41481793468915,9xl1yd0p,ruby-sweep-2
270746,11.35613441204865,9xl1yd0p,ruby-sweep-2
278936,7.301601029410233,9xl1yd0p,ruby-sweep-2
287146,13.62213591963162,9xl1yd0p,ruby-sweep-2
295348,7.556568941129122,9xl1yd0p,ruby-sweep-2
303613,7.436582944694161,9xl1yd0p,ruby-sweep-2
311820,10.565716607632716,9xl1yd0p,ruby-sweep-2
320063,8.811689377337249,9xl1yd0p,ruby-sweep-2
328286,12.966354781294285,9xl1yd0p,ruby-sweep-2
336502,11.0201908722516,9xl1yd0p,ruby-sweep-2
344703,12.04623712201554,9xl1yd0p,ruby-sweep-2
352939,15.268064362317215,9xl1yd0p,ruby-sweep-2
361143,7.197157842293033,9xl1yd0p,ruby-sweep-2
369367,14.15518100600319,9xl1yd0p,ruby-sweep-2
377592,13.462857701870666,9xl1yd0p,ruby-sweep-2
385812,9.994743757788244,9xl1yd0p,ruby-sweep-2
394037,13.334059779567415,9xl1yd0p,ruby-sweep-2
402235,13.138842713466966,9xl1yd0p,ruby-sweep-2
410438,13.17036216425727,9xl1yd0p,ruby-sweep-2
418605,14.469897286767537,9xl1yd0p,ruby-sweep-2
426784,13.985867908188283,9xl1yd0p,ruby-sweep-2
434955,16.20852239030735,9xl1yd0p,ruby-sweep-2
443159,14.078039839358524,9xl1yd0p,ruby-sweep-2
451345,14.47849280580715,9xl1yd0p,ruby-sweep-2
459530,14.621331231354699,9xl1yd0p,ruby-sweep-2
467686,16.01851565641254,9xl1yd0p,ruby-sweep-2
475864,16.439063199426048,9xl1yd0p,ruby-sweep-2
484008,15.118688393676697,9xl1yd0p,ruby-sweep-2
492185,16.109423318662213,9xl1yd0p,ruby-sweep-2
500371,16.502337401841334,9xl1yd0p,ruby-sweep-2
508569,17.296398509976655,9xl1yd0p,ruby-sweep-2
516784,15.563834553561884,9xl1yd0p,ruby-sweep-2
524972,15.723812277617307,9xl1yd0p,ruby-sweep-2
533149,16.40058772462637,9xl1yd0p,ruby-sweep-2
541298,15.708304414264532,9xl1yd0p,ruby-sweep-2
549453,15.186352859937722,9xl1yd0p,ruby-sweep-2
557619,15.941577452161514,9xl1yd0p,ruby-sweep-2
565769,16.882515894401724,9xl1yd0p,ruby-sweep-2
573939,16.00976126304324,9xl1yd0p,ruby-sweep-2
582096,16.456972498706865,9xl1yd0p,ruby-sweep-2
590249,16.310792957113488,9xl1yd0p,ruby-sweep-2
598400,14.838300379145334,9xl1yd0p,ruby-sweep-2
606596,16.466013869688364,9xl1yd0p,ruby-sweep-2
614766,16.08473152485198,9xl1yd0p,ruby-sweep-2
622940,15.837504133967627,9xl1yd0p,ruby-sweep-2
631135,16.370264757597628,9xl1yd0p,ruby-sweep-2
639302,16.52061197531065,9xl1yd0p,ruby-sweep-2
647499,16.518438246658924,9xl1yd0p,ruby-sweep-2
655708,16.62106031444683,9xl1yd0p,ruby-sweep-2
663905,17.020800192607435,9xl1yd0p,ruby-sweep-2
672077,16.74913613956608,9xl1yd0p,ruby-sweep-2
680232,15.44992319232079,9xl1yd0p,ruby-sweep-2
688404,14.888556276544255,9xl1yd0p,ruby-sweep-2
696568,16.837079907950926,9xl1yd0p,ruby-sweep-2
704733,17.271373115274613,9xl1yd0p,ruby-sweep-2
712890,15.576749940054029,9xl1yd0p,ruby-sweep-2
721058,16.92542089041841,9xl1yd0p,ruby-sweep-2
729228,17.44601325975731,9xl1yd0p,ruby-sweep-2
737442,16.967185888201705,9xl1yd0p,ruby-sweep-2
745659,17.113118454420395,9xl1yd0p,ruby-sweep-2
753827,16.826437939159504,9xl1yd0p,ruby-sweep-2
761978,16.910280778450716,9xl1yd0p,ruby-sweep-2
770154,15.943093221638552,9xl1yd0p,ruby-sweep-2
778337,16.975820766929495,9xl1yd0p,ruby-sweep-2
786490,16.91832147835354,9xl1yd0p,ruby-sweep-2
794660,17.130082905529235,9xl1yd0p,ruby-sweep-2
802836,16.484852422155203,9xl1yd0p,ruby-sweep-2
810995,17.009077271793892,9xl1yd0p,ruby-sweep-2
819159,17.0043589941469,9xl1yd0p,ruby-sweep-2
827349,16.796118512955655,9xl1yd0p,ruby-sweep-2
835509,16.903371169195847,9xl1yd0p,ruby-sweep-2
843689,17.12140987059838,9xl1yd0p,ruby-sweep-2
851899,16.9264141818753,9xl1yd0p,ruby-sweep-2
860090,13.551944437789956,9xl1yd0p,ruby-sweep-2
868262,16.193808726589438,9xl1yd0p,ruby-sweep-2
876451,17.469218022553097,9xl1yd0p,ruby-sweep-2
884637,17.384896143194617,9xl1yd0p,ruby-sweep-2
892811,16.826609585365908,9xl1yd0p,ruby-sweep-2
900956,17.132410842292185,9xl1yd0p,ruby-sweep-2
909105,16.419354847679763,9xl1yd0p,ruby-sweep-2
917254,17.550460160692577,9xl1yd0p,ruby-sweep-2
925399,17.883679468022393,9xl1yd0p,ruby-sweep-2
933576,17.919743492247107,9xl1yd0p,ruby-sweep-2
941738,17.92414268821397,9xl1yd0p,ruby-sweep-2
949926,17.792639230832933,9xl1yd0p,ruby-sweep-2
958088,17.260358102420437,9xl1yd0p,ruby-sweep-2
966274,17.561312773215892,9xl1yd0p,ruby-sweep-2
974413,17.517778728809027,9xl1yd0p,ruby-sweep-2
982623,17.308380956108685,9xl1yd0p,ruby-sweep-2
990834,17.652230418203438,9xl1yd0p,ruby-sweep-2
998995,17.761772052458028,9xl1yd0p,ruby-sweep-2
1007170.0,17.44692814519211,9xl1yd0p,ruby-sweep-2
1015375.0,17.018826276362752,9xl1yd0p,ruby-sweep-2
1023542.0,17.445368961141163,9xl1yd0p,ruby-sweep-2
1031692.0,17.561312773215892,9xl1yd0p,ruby-sweep-2
1039838.0,16.642158079838904,9xl1yd0p,ruby-sweep-2
1048000.0,17.040038375083927,9xl1yd0p,ruby-sweep-2
1056175.0,16.330019723273605,9xl1yd0p,ruby-sweep-2
1064335.0,17.211639316844458,9xl1yd0p,ruby-sweep-2
1072512.0,17.86450515710655,9xl1yd0p,ruby-sweep-2
1080673.0,17.373202722534394,9xl1yd0p,ruby-sweep-2
1088863.0,15.931754922120652,9xl1yd0p,ruby-sweep-2
1097055.0,16.94808815436432,9xl1yd0p,ruby-sweep-2
1105245.0,16.788333478446976,9xl1yd0p,ruby-sweep-2
1113404.0,17.16433398871385,9xl1yd0p,ruby-sweep-2
8237,-3.1144770741991676,ppjyd733,azure-sweep-3
16502,6.411630546496832,ppjyd733,azure-sweep-3
24763,-3.499710114326993,ppjyd733,azure-sweep-3
33013,3.0996597145074865,ppjyd733,azure-sweep-3
41269,-2.1278239649741963,ppjyd733,azure-sweep-3
49497,2.570297244053047,ppjyd733,azure-sweep-3
57749,5.6461561740503425,ppjyd733,azure-sweep-3
65985,8.118503092934372,ppjyd733,azure-sweep-3
74211,3.3171540060160636,ppjyd733,azure-sweep-3
82436,-1.3788506905959381,ppjyd733,azure-sweep-3
90679,-0.8552333813308628,ppjyd733,azure-sweep-3
98887,3.406230627441617,ppjyd733,azure-sweep-3
107108,10.453206324573767,ppjyd733,azure-sweep-3
115309,9.692434272029345,ppjyd733,azure-sweep-3
123478,11.188037865938165,ppjyd733,azure-sweep-3
131707,7.254101548947816,ppjyd733,azure-sweep-3
139935,0.21304529439161315,ppjyd733,azure-sweep-3
148166,11.18207279482448,ppjyd733,azure-sweep-3
156400,9.950151942903279,ppjyd733,azure-sweep-3
164628,12.427855620294755,ppjyd733,azure-sweep-3
172812,9.898866952111337,ppjyd733,azure-sweep-3
181029,6.958679714289209,ppjyd733,azure-sweep-3
189245,13.037084797538606,ppjyd733,azure-sweep-3
197451,9.769048266068378,ppjyd733,azure-sweep-3
205664,3.4123050525928433,ppjyd733,azure-sweep-3
213868,12.429531813566289,ppjyd733,azure-sweep-3
222063,-1.7148517709556401,ppjyd733,azure-sweep-3
230291,12.944368414877014,ppjyd733,azure-sweep-3
238453,7.841863729429629,ppjyd733,azure-sweep-3
246659,9.295505649600447,ppjyd733,azure-sweep-3
254841,12.144591381894326,ppjyd733,azure-sweep-3
262968,5.457385384993001,ppjyd733,azure-sweep-3
271097,5.382419494256327,ppjyd733,azure-sweep-3
279221,13.48074443716252,ppjyd733,azure-sweep-3
287370,3.142390725035722,ppjyd733,azure-sweep-3
295494,3.6948665686849993,ppjyd733,azure-sweep-3
303633,9.516469538459823,ppjyd733,azure-sweep-3
311755,7.2967165626828585,ppjyd733,azure-sweep-3
319912,11.085127345702269,ppjyd733,azure-sweep-3
328019,9.658015160407569,ppjyd733,azure-sweep-3
336113,13.939689237766839,ppjyd733,azure-sweep-3
344230,14.313351037181118,ppjyd733,azure-sweep-3
352321,7.477701271266852,ppjyd733,azure-sweep-3
360382,6.432959874722323,ppjyd733,azure-sweep-3
368480,10.900885684284749,ppjyd733,azure-sweep-3
376544,13.932627195102157,ppjyd733,azure-sweep-3
384651,6.978263883349373,ppjyd733,azure-sweep-3
392680,11.650083020228601,ppjyd733,azure-sweep-3
400758,9.986791885631188,ppjyd733,azure-sweep-3
408847,7.21062480303889,ppjyd733,azure-sweep-3
416920,7.551139008470175,ppjyd733,azure-sweep-3
425043,7.983120430025221,ppjyd733,azure-sweep-3
433172,12.652040565334904,ppjyd733,azure-sweep-3
441250,12.01208256990705,ppjyd733,azure-sweep-3
449293,11.828093320310598,ppjyd733,azure-sweep-3
457318,7.757598067892165,ppjyd733,azure-sweep-3
465359,13.653952964981844,ppjyd733,azure-sweep-3
473407,16.822006982834345,ppjyd733,azure-sweep-3
481480,15.818370781552968,ppjyd733,azure-sweep-3
489550,16.913065741706454,ppjyd733,azure-sweep-3
497608,3.097113483201147,ppjyd733,azure-sweep-3
505600,13.955808732176314,ppjyd733,azure-sweep-3
513700,15.538219079636463,ppjyd733,azure-sweep-3
521775,14.18551940918745,ppjyd733,azure-sweep-3
529869,11.448607742139307,ppjyd733,azure-sweep-3
537940,10.661222312691086,ppjyd733,azure-sweep-3
545996,16.62975755836494,ppjyd733,azure-sweep-3
554064,14.770831214911095,ppjyd733,azure-sweep-3
562070,15.009127145776898,ppjyd733,azure-sweep-3
570147,12.815651882549286,ppjyd733,azure-sweep-3
578150,12.995589547829482,ppjyd733,azure-sweep-3
586133,16.9813946880738,ppjyd733,azure-sweep-3
594134,14.132919600140417,ppjyd733,azure-sweep-3
602125,14.3562674175239,ppjyd733,azure-sweep-3
610110,14.928443819422522,ppjyd733,azure-sweep-3
618074,13.081864691769976,ppjyd733,azure-sweep-3
626087,12.657493886645854,ppjyd733,azure-sweep-3
634031,13.758262012718792,ppjyd733,azure-sweep-3
641994,16.707482345523065,ppjyd733,azure-sweep-3
649947,15.807493058373575,ppjyd733,azure-sweep-3
657901,11.63031213527886,ppjyd733,azure-sweep-3
665908,13.122296727781187,ppjyd733,azure-sweep-3
673935,14.844242959283005,ppjyd733,azure-sweep-3
681873,15.901422672062477,ppjyd733,azure-sweep-3
689868,13.348648808044107,ppjyd733,azure-sweep-3
697812,14.862468062805878,ppjyd733,azure-sweep-3
705803,15.877686304508043,ppjyd733,azure-sweep-3
713824,16.65204001000935,ppjyd733,azure-sweep-3
721786,16.60080281034394,ppjyd733,azure-sweep-3
729784,13.56160918284615,ppjyd733,azure-sweep-3
737706,13.81836736859465,ppjyd733,azure-sweep-3
745679,14.776430751032825,ppjyd733,azure-sweep-3
753666,9.233394707534778,ppjyd733,azure-sweep-3
761621,15.953062138052477,ppjyd733,azure-sweep-3
769588,15.31210585385889,ppjyd733,azure-sweep-3
777554,14.502213862924581,ppjyd733,azure-sweep-3
785491,13.20512523793162,ppjyd733,azure-sweep-3
793450,15.713460210932391,ppjyd733,azure-sweep-3
801362,13.493528609171204,ppjyd733,azure-sweep-3
809281,15.355381850888824,ppjyd733,azure-sweep-3
817248,16.52295278440247,ppjyd733,azure-sweep-3
825166,13.201305908587821,ppjyd733,azure-sweep-3
833062,15.832493645267409,ppjyd733,azure-sweep-3
840986,16.426799643802525,ppjyd733,azure-sweep-3
848912,15.467962574898142,ppjyd733,azure-sweep-3
856826,16.275891111567997,ppjyd733,azure-sweep-3
864776,15.646564577034477,ppjyd733,azure-sweep-3
872690,15.70229652009067,ppjyd733,azure-sweep-3
880616,14.961936558896436,ppjyd733,azure-sweep-3
888512,14.41449842096515,ppjyd733,azure-sweep-3
896434,14.165529066762355,ppjyd733,azure-sweep-3
904318,15.692055568309552,ppjyd733,azure-sweep-3
912190,16.247788985407112,ppjyd733,azure-sweep-3
920040,12.467864885450046,ppjyd733,azure-sweep-3
927926,13.01605026034753,ppjyd733,azure-sweep-3
935857,15.638219387488968,ppjyd733,azure-sweep-3
943664,14.67027610173524,ppjyd733,azure-sweep-3
951493,17.883494958252346,ppjyd733,azure-sweep-3
959307,16.62851360887776,ppjyd733,azure-sweep-3
967085,14.767319566466321,ppjyd733,azure-sweep-3
974897,17.803002021287824,ppjyd733,azure-sweep-3
982716,13.595946192158214,ppjyd733,azure-sweep-3
990498,17.226719843588988,ppjyd733,azure-sweep-3
998311,17.209642730883893,ppjyd733,azure-sweep-3
1006111.0,15.914265360268136,ppjyd733,azure-sweep-3
1013969.0,15.786896157431016,ppjyd733,azure-sweep-3
1021881.0,13.833976641800025,ppjyd733,azure-sweep-3
1029805.0,13.456568631101238,ppjyd733,azure-sweep-3
1037678.0,18.73188186058028,ppjyd733,azure-sweep-3
1045531.0,18.179264233829166,ppjyd733,azure-sweep-3
1053420.0,16.233732866569298,ppjyd733,azure-sweep-3
1061303.0,16.67247050046851,ppjyd733,azure-sweep-3
1069190.0,17.033258963941176,ppjyd733,azure-sweep-3
1077056.0,17.631657439378607,ppjyd733,azure-sweep-3
1084929.0,16.58873700567788,ppjyd733,azure-sweep-3
1092789.0,16.981228519345006,ppjyd733,azure-sweep-3
8149,-0.5352858519613863,jghvlgu0,neat-sweep-4
16277,2.3695281481183903,jghvlgu0,neat-sweep-4
24422,-3.2745583752200225,jghvlgu0,neat-sweep-4
32580,2.43125683894577,jghvlgu0,neat-sweep-4
40710,4.882489015518402,jghvlgu0,neat-sweep-4
48855,7.116267162528194,jghvlgu0,neat-sweep-4
56983,2.42337662181706,jghvlgu0,neat-sweep-4
65176,5.7842872234556,jghvlgu0,neat-sweep-4
73332,3.0066965463623343,jghvlgu0,neat-sweep-4
81498,6.375408954309574,jghvlgu0,neat-sweep-4
89662,5.840009885640164,jghvlgu0,neat-sweep-4
97778,0.3035856878649076,jghvlgu0,neat-sweep-4
105965,2.838075313775792,jghvlgu0,neat-sweep-4
114110,5.501813207498588,jghvlgu0,neat-sweep-4
122301,5.966378133086847,jghvlgu0,neat-sweep-4
130421,2.502815149303713,jghvlgu0,neat-sweep-4
138568,5.3606323945062275,jghvlgu0,neat-sweep-4
146668,5.497413778210172,jghvlgu0,neat-sweep-4
154830,3.646404948873652,jghvlgu0,neat-sweep-4
163002,6.069378301791386,jghvlgu0,neat-sweep-4
171134,0.06859714165398464,jghvlgu0,neat-sweep-4
179304,9.301111290814394,jghvlgu0,neat-sweep-4
187491,8.134387320704494,jghvlgu0,neat-sweep-4
195687,6.095193354973723,jghvlgu0,neat-sweep-4
203901,3.657817684276536,jghvlgu0,neat-sweep-4
212121,8.310798940209477,jghvlgu0,neat-sweep-4
220323,3.3948451358774085,jghvlgu0,neat-sweep-4
228544,11.489624964705214,jghvlgu0,neat-sweep-4
236768,6.865759317082722,jghvlgu0,neat-sweep-4
244987,11.537486326362835,jghvlgu0,neat-sweep-4
253200,4.500883913699778,jghvlgu0,neat-sweep-4
261419,7.118509126486498,jghvlgu0,neat-sweep-4
269649,10.212331788358066,jghvlgu0,neat-sweep-4
277848,2.6730484756289092,jghvlgu0,neat-sweep-4
286028,12.856222603870581,jghvlgu0,neat-sweep-4
294236,5.943182819603867,jghvlgu0,neat-sweep-4
302450,2.8150128757979225,jghvlgu0,neat-sweep-4
310637,6.044089068920938,jghvlgu0,neat-sweep-4
318843,7.466983534282422,jghvlgu0,neat-sweep-4
326978,9.335894364726787,jghvlgu0,neat-sweep-4
335158,10.946284567502584,jghvlgu0,neat-sweep-4
343329,10.727496676022326,jghvlgu0,neat-sweep-4
351502,10.724901271211404,jghvlgu0,neat-sweep-4
359649,10.257317804502359,jghvlgu0,neat-sweep-4
367818,9.298512186648992,jghvlgu0,neat-sweep-4
375940,8.001921526105384,jghvlgu0,neat-sweep-4
384136,7.100107886268359,jghvlgu0,neat-sweep-4
392252,10.307859844040019,jghvlgu0,neat-sweep-4
400393,6.003827194823147,jghvlgu0,neat-sweep-4
408513,9.217150007970382,jghvlgu0,neat-sweep-4
416697,9.049522735926493,jghvlgu0,neat-sweep-4
424867,10.630049699798471,jghvlgu0,neat-sweep-4
433035,13.296192636358247,jghvlgu0,neat-sweep-4
441176,12.984901038095103,jghvlgu0,neat-sweep-4
449322,8.150039917798797,jghvlgu0,neat-sweep-4
457424,8.439048149960644,jghvlgu0,neat-sweep-4
465573,12.373554888777775,jghvlgu0,neat-sweep-4
473769,13.077208459940374,jghvlgu0,neat-sweep-4
481955,11.387954561178843,jghvlgu0,neat-sweep-4
490089,11.559758319650967,jghvlgu0,neat-sweep-4
498240,8.477888666678913,jghvlgu0,neat-sweep-4
506417,9.575245335960325,jghvlgu0,neat-sweep-4
514560,11.838989832846563,jghvlgu0,neat-sweep-4
522751,13.781059204580291,jghvlgu0,neat-sweep-4
530901,12.500776382854799,jghvlgu0,neat-sweep-4
539036,12.292043830748,jghvlgu0,neat-sweep-4
547219,15.233380156046413,jghvlgu0,neat-sweep-4
555376,13.936715120170456,jghvlgu0,neat-sweep-4
563486,14.211452575277509,jghvlgu0,neat-sweep-4
571634,12.957807282450554,jghvlgu0,neat-sweep-4
579792,13.337268121189544,jghvlgu0,neat-sweep-4
587887,11.086305875165884,jghvlgu0,neat-sweep-4
596025,15.561185497245457,jghvlgu0,neat-sweep-4
604110,14.787674425983818,jghvlgu0,neat-sweep-4
612222,14.16305364577417,jghvlgu0,neat-sweep-4
620274,13.262790601980878,jghvlgu0,neat-sweep-4
628345,13.242610264202039,jghvlgu0,neat-sweep-4
636422,13.820038451590886,jghvlgu0,neat-sweep-4
644477,13.205410800424747,jghvlgu0,neat-sweep-4
652547,13.161131078221732,jghvlgu0,neat-sweep-4
660608,12.48801762135839,jghvlgu0,neat-sweep-4
668713,13.408445519425007,jghvlgu0,neat-sweep-4
676839,13.026922134619403,jghvlgu0,neat-sweep-4
684896,10.914478427333895,jghvlgu0,neat-sweep-4
693000,14.710257543152869,jghvlgu0,neat-sweep-4
701053,14.317149970130867,jghvlgu0,neat-sweep-4
709128,14.95741549112264,jghvlgu0,neat-sweep-4
717198,16.662789134751296,jghvlgu0,neat-sweep-4
725286,14.56288939608589,jghvlgu0,neat-sweep-4
733405,15.58769173231064,jghvlgu0,neat-sweep-4
741531,16.53147266640969,jghvlgu0,neat-sweep-4
749602,14.680005448021609,jghvlgu0,neat-sweep-4
757723,16.956886235135755,jghvlgu0,neat-sweep-4
765838,15.830474940673076,jghvlgu0,neat-sweep-4
773921,14.417705010427373,jghvlgu0,neat-sweep-4
781924,15.33607543201328,jghvlgu0,neat-sweep-4
789854,14.995671903595625,jghvlgu0,neat-sweep-4
797681,14.627402757853101,jghvlgu0,neat-sweep-4
805458,15.141472832479343,jghvlgu0,neat-sweep-4
813233,15.177146585193324,jghvlgu0,neat-sweep-4
821044,15.177146585193324,jghvlgu0,neat-sweep-4
828791,15.33324017227508,jghvlgu0,neat-sweep-4
836536,15.33324017227508,jghvlgu0,neat-sweep-4
844287,15.33324017227508,jghvlgu0,neat-sweep-4
852036,15.777502226560813,jghvlgu0,neat-sweep-4
859751,14.482419512914726,jghvlgu0,neat-sweep-4
867480,16.54040748233418,jghvlgu0,neat-sweep-4
875222,15.777502226560813,jghvlgu0,neat-sweep-4
882971,15.472006507312525,jghvlgu0,neat-sweep-4
890640,15.507175387313925,jghvlgu0,neat-sweep-4
898286,15.948474792357374,jghvlgu0,neat-sweep-4
905942,15.937281162098031,jghvlgu0,neat-sweep-4
913618,16.355797418188207,jghvlgu0,neat-sweep-4
921295,15.643947866711283,jghvlgu0,neat-sweep-4
928923,17.561145278922364,jghvlgu0,neat-sweep-4
936615,16.96091180704135,jghvlgu0,neat-sweep-4
944354,17.56491058069836,jghvlgu0,neat-sweep-4
952024,15.854652059830164,jghvlgu0,neat-sweep-4
959603,16.195060826325825,jghvlgu0,neat-sweep-4
967226,16.195060826325825,jghvlgu0,neat-sweep-4
974862,16.86397457878287,jghvlgu0,neat-sweep-4
982462,16.76959623517516,jghvlgu0,neat-sweep-4
989996,16.412802614280025,jghvlgu0,neat-sweep-4
997426,16.9063389517603,jghvlgu0,neat-sweep-4
1004870.0,16.701191004427763,jghvlgu0,neat-sweep-4
1012293.0,17.03881773471452,jghvlgu0,neat-sweep-4
1019680.0,16.72153351500979,jghvlgu0,neat-sweep-4
1027059.0,16.935401344061763,jghvlgu0,neat-sweep-4
1034447.0,17.484325771006556,jghvlgu0,neat-sweep-4
1041809.0,17.019158750604994,jghvlgu0,neat-sweep-4
1049205.0,17.00180674613197,jghvlgu0,neat-sweep-4
1056551.0,17.28251049503413,jghvlgu0,neat-sweep-4
1063937.0,17.28251049503413,jghvlgu0,neat-sweep-4
1071295.0,17.00180674613197,jghvlgu0,neat-sweep-4
1078654.0,16.77699558059305,jghvlgu0,neat-sweep-4
1086025.0,17.019158750604994,jghvlgu0,neat-sweep-4
8187,1.742572545195443,siy5az4v,legendary-sweep-5
16384,0.6406577608160557,siy5az4v,legendary-sweep-5
24547,1.3526415663286049,siy5az4v,legendary-sweep-5
32703,3.4660213824079547,siy5az4v,legendary-sweep-5
40860,8.821484812031356,siy5az4v,legendary-sweep-5
49077,3.6191147048336405,siy5az4v,legendary-sweep-5
57266,2.501305006694004,siy5az4v,legendary-sweep-5
65412,11.006616771219402,siy5az4v,legendary-sweep-5
73571,11.307704596235384,siy5az4v,legendary-sweep-5
81764,-1.2552317255989707,siy5az4v,legendary-sweep-5
89941,5.292853637260672,siy5az4v,legendary-sweep-5
98120,9.585736927823557,siy5az4v,legendary-sweep-5
106328,5.165441761820223,siy5az4v,legendary-sweep-5
114540,7.5585475611247706,siy5az4v,legendary-sweep-5
122769,9.287144139849453,siy5az4v,legendary-sweep-5
130972,7.947460554375747,siy5az4v,legendary-sweep-5
139175,8.54561887296178,siy5az4v,legendary-sweep-5
147329,6.421421413452575,siy5az4v,legendary-sweep-5
155529,8.570478090558314,siy5az4v,legendary-sweep-5
163724,2.5878030806394614,siy5az4v,legendary-sweep-5
171921,9.319399844132775,siy5az4v,legendary-sweep-5
180113,6.627062787068032,siy5az4v,legendary-sweep-5
188322,9.494293993665945,siy5az4v,legendary-sweep-5
196538,7.58423917958085,siy5az4v,legendary-sweep-5
204752,5.132558400219716,siy5az4v,legendary-sweep-5
212942,0.5381807578677223,siy5az4v,legendary-sweep-5
221136,7.325609705817575,siy5az4v,legendary-sweep-5
229367,9.249096295192805,siy5az4v,legendary-sweep-5
237612,2.0799655074329646,siy5az4v,legendary-sweep-5
245812,5.233513244247419,siy5az4v,legendary-sweep-5
254018,9.244553452241165,siy5az4v,legendary-sweep-5
262236,11.714207658213507,siy5az4v,legendary-sweep-5
270403,6.313803173496029,siy5az4v,legendary-sweep-5
278591,2.1318294932767095,siy5az4v,legendary-sweep-5
286783,6.667715266597016,siy5az4v,legendary-sweep-5
294946,6.186253887429563,siy5az4v,legendary-sweep-5
303134,4.779827779290303,siy5az4v,legendary-sweep-5
311343,10.828791127805449,siy5az4v,legendary-sweep-5
319538,3.271586588244948,siy5az4v,legendary-sweep-5
327720,3.834991532195777,siy5az4v,legendary-sweep-5
335881,4.204197524486723,siy5az4v,legendary-sweep-5
344044,3.261136604471207,siy5az4v,legendary-sweep-5
352205,7.426216322692069,siy5az4v,legendary-sweep-5
360431,7.937518046492701,siy5az4v,legendary-sweep-5
368585,10.324301621596963,siy5az4v,legendary-sweep-5
376778,9.82974630762528,siy5az4v,legendary-sweep-5
384987,5.323966174079958,siy5az4v,legendary-sweep-5
393111,6.887562080942158,siy5az4v,legendary-sweep-5
401301,8.708243101826099,siy5az4v,legendary-sweep-5
409493,16.991201808387153,siy5az4v,legendary-sweep-5
417599,7.883348135484013,siy5az4v,legendary-sweep-5
425707,15.661668426560357,siy5az4v,legendary-sweep-5
433754,13.127181895502185,siy5az4v,legendary-sweep-5
441809,13.999286669419666,siy5az4v,legendary-sweep-5
449824,15.856746405443753,siy5az4v,legendary-sweep-5
457801,14.48442365701644,siy5az4v,legendary-sweep-5
465807,13.7783127631531,siy5az4v,legendary-sweep-5
473790,15.332797474254212,siy5az4v,legendary-sweep-5
481756,14.001143641395714,siy5az4v,legendary-sweep-5
489751,13.81019820635854,siy5az4v,legendary-sweep-5
497817,12.616964264466626,siy5az4v,legendary-sweep-5
505837,13.570598134138809,siy5az4v,legendary-sweep-5
513822,15.429035879627175,siy5az4v,legendary-sweep-5
521911,11.466737949552689,siy5az4v,legendary-sweep-5
529901,12.91463679816919,siy5az4v,legendary-sweep-5
537897,15.231660392356426,siy5az4v,legendary-sweep-5
545994,13.854982326359362,siy5az4v,legendary-sweep-5
553984,15.143102873830127,siy5az4v,legendary-sweep-5
562036,14.248835247353117,siy5az4v,legendary-sweep-5
570071,14.472254781760489,siy5az4v,legendary-sweep-5
578084,15.297298594841156,siy5az4v,legendary-sweep-5
586117,14.324807955976159,siy5az4v,legendary-sweep-5
594130,16.766018692704513,siy5az4v,legendary-sweep-5
602134,16.59474317088336,siy5az4v,legendary-sweep-5
610171,13.738462390700047,siy5az4v,legendary-sweep-5
618198,15.799926237135173,siy5az4v,legendary-sweep-5
626259,16.368219759101688,siy5az4v,legendary-sweep-5
634282,13.990748646802743,siy5az4v,legendary-sweep-5
642349,17.02625351654914,siy5az4v,legendary-sweep-5
650382,16.084175630172904,siy5az4v,legendary-sweep-5
658444,17.89625673802276,siy5az4v,legendary-sweep-5
666536,14.392943545763822,siy5az4v,legendary-sweep-5
674564,17.416792394031194,siy5az4v,legendary-sweep-5
682618,14.037654646230266,siy5az4v,legendary-sweep-5
690687,13.836727273905069,siy5az4v,legendary-sweep-5
698716,17.11760151844801,siy5az4v,legendary-sweep-5
706719,18.121773752372057,siy5az4v,legendary-sweep-5
714807,18.45197056134183,siy5az4v,legendary-sweep-5
722837,17.254002469218754,siy5az4v,legendary-sweep-5
730849,17.508409876015634,siy5az4v,legendary-sweep-5
738910,17.71296517549633,siy5az4v,legendary-sweep-5
746980,16.847556441478517,siy5az4v,legendary-sweep-5
755047,16.18392181184371,siy5az4v,legendary-sweep-5
763092,16.78765914954615,siy5az4v,legendary-sweep-5
771165,17.577207495965837,siy5az4v,legendary-sweep-5
779260,17.94383745832979,siy5az4v,legendary-sweep-5
787337,18.124217192643652,siy5az4v,legendary-sweep-5
795424,17.443904264109953,siy5az4v,legendary-sweep-5
803556,17.58929986873526,siy5az4v,legendary-sweep-5
811654,17.450092273617038,siy5az4v,legendary-sweep-5
819751,17.730042397452927,siy5az4v,legendary-sweep-5
827874,17.71367525388638,siy5az4v,legendary-sweep-5
835999,18.115638430057405,siy5az4v,legendary-sweep-5
844094,17.49964886252521,siy5az4v,legendary-sweep-5
852229,16.40384699467425,siy5az4v,legendary-sweep-5
860399,17.112898517607455,siy5az4v,legendary-sweep-5
868563,17.82893671627765,siy5az4v,legendary-sweep-5
876670,17.702597172657356,siy5az4v,legendary-sweep-5
884838,17.702597172657356,siy5az4v,legendary-sweep-5
893011,17.794812460951928,siy5az4v,legendary-sweep-5
901147,17.639991113811952,siy5az4v,legendary-sweep-5
909307,17.774157633416255,siy5az4v,legendary-sweep-5
917466,17.774157633416255,siy5az4v,legendary-sweep-5
925653,17.0210274049098,siy5az4v,legendary-sweep-5
933848,17.794812460951928,siy5az4v,legendary-sweep-5
942042,17.908704310668877,siy5az4v,legendary-sweep-5
950214,17.977593898768546,siy5az4v,legendary-sweep-5
958386,17.665436720047598,siy5az4v,legendary-sweep-5
966579,17.993691945945283,siy5az4v,legendary-sweep-5
974789,18.01352511487213,siy5az4v,legendary-sweep-5
983024,18.01352511487213,siy5az4v,legendary-sweep-5
991250,17.328418386789174,siy5az4v,legendary-sweep-5
999477,18.01352511487213,siy5az4v,legendary-sweep-5
1007694.0,18.01352511487213,siy5az4v,legendary-sweep-5
1015935.0,18.01352511487213,siy5az4v,legendary-sweep-5
1024205.0,18.01352511487213,siy5az4v,legendary-sweep-5
1032442.0,18.01352511487213,siy5az4v,legendary-sweep-5
1040692.0,18.01352511487213,siy5az4v,legendary-sweep-5
1048951.0,18.021969994994613,siy5az4v,legendary-sweep-5
1057209.0,18.021969994994613,siy5az4v,legendary-sweep-5
1065433.0,18.094858143601357,siy5az4v,legendary-sweep-5
1073699.0,18.021969994994613,siy5az4v,legendary-sweep-5
1081965.0,17.04513226687451,siy5az4v,legendary-sweep-5
1090208.0,17.302003600473906,siy5az4v,legendary-sweep-5
1098460.0,17.20647063217979,siy5az4v,legendary-sweep-5
1106712.0,17.539039583518097,siy5az4v,legendary-sweep-5
8198,-1.8941731476433774,ul49hs7h,spring-sweep-6
16408,-0.09686103493421538,ul49hs7h,spring-sweep-6
24608,-2.068010423671788,ul49hs7h,spring-sweep-6
32821,4.8669019145880075,ul49hs7h,spring-sweep-6
40966,6.431662955893219,ul49hs7h,spring-sweep-6
49101,8.102563989974659,ul49hs7h,spring-sweep-6
57287,8.971595234072026,ul49hs7h,spring-sweep-6
65444,7.579459804419985,ul49hs7h,spring-sweep-6
73613,5.5850637355132715,ul49hs7h,spring-sweep-6
81746,5.268918160981457,ul49hs7h,spring-sweep-6
89908,-5.540848557785054,ul49hs7h,spring-sweep-6
98099,5.539053172916634,ul49hs7h,spring-sweep-6
106262,-2.205263681549234,ul49hs7h,spring-sweep-6
114452,6.2480470542478574,ul49hs7h,spring-sweep-6
122661,7.251701372786161,ul49hs7h,spring-sweep-6
130837,10.890629773114906,ul49hs7h,spring-sweep-6
138976,7.434696577017523,ul49hs7h,spring-sweep-6
147144,8.304939494249357,ul49hs7h,spring-sweep-6
155347,7.593554656083543,ul49hs7h,spring-sweep-6
163545,5.1505138588967965,ul49hs7h,spring-sweep-6
171714,5.565552065485276,ul49hs7h,spring-sweep-6
179889,3.7786341627776956,ul49hs7h,spring-sweep-6
188106,8.627741336215632,ul49hs7h,spring-sweep-6
196293,11.078619199810111,ul49hs7h,spring-sweep-6
204492,5.483113733511599,ul49hs7h,spring-sweep-6
212702,4.557754804983536,ul49hs7h,spring-sweep-6
220928,0.1065274011913667,ul49hs7h,spring-sweep-6
229110,5.128371522208825,ul49hs7h,spring-sweep-6
237303,6.770861535678937,ul49hs7h,spring-sweep-6
245515,7.057084969459258,ul49hs7h,spring-sweep-6
253725,6.886102504084542,ul49hs7h,spring-sweep-6
261922,5.602839813599973,ul49hs7h,spring-sweep-6
270129,9.244608077003898,ul49hs7h,spring-sweep-6
278323,8.629532833002346,ul49hs7h,spring-sweep-6
286566,7.810424174301021,ul49hs7h,spring-sweep-6
294787,9.264550736813138,ul49hs7h,spring-sweep-6
303030,10.600056864403076,ul49hs7h,spring-sweep-6
311267,5.917220877043548,ul49hs7h,spring-sweep-6
319474,6.314359469459707,ul49hs7h,spring-sweep-6
327716,5.983701606172568,ul49hs7h,spring-sweep-6
335965,12.102493351877426,ul49hs7h,spring-sweep-6
344204,9.55829104644387,ul49hs7h,spring-sweep-6
352412,8.75559187387873,ul49hs7h,spring-sweep-6
360627,8.107662431228857,ul49hs7h,spring-sweep-6
368831,8.408019991516838,ul49hs7h,spring-sweep-6
377070,6.571865070419966,ul49hs7h,spring-sweep-6
385279,10.365054771091744,ul49hs7h,spring-sweep-6
393497,3.7228475959674974,ul49hs7h,spring-sweep-6
401726,10.254284611187,ul49hs7h,spring-sweep-6
409961,8.809580624464996,ul49hs7h,spring-sweep-6
418199,13.52082023180104,ul49hs7h,spring-sweep-6
426409,15.075956439225042,ul49hs7h,spring-sweep-6
434623,11.706369550268509,ul49hs7h,spring-sweep-6
442831,11.523983653067454,ul49hs7h,spring-sweep-6
451038,14.48724301452788,ul49hs7h,spring-sweep-6
459219,14.229529704723296,ul49hs7h,spring-sweep-6
467400,12.21436090385862,ul49hs7h,spring-sweep-6
475594,10.757947484764252,ul49hs7h,spring-sweep-6
483775,11.416479955916394,ul49hs7h,spring-sweep-6
491926,9.383560162816718,ul49hs7h,spring-sweep-6
500133,9.00312184928296,ul49hs7h,spring-sweep-6
508305,13.012400363779776,ul49hs7h,spring-sweep-6
516479,14.775451453434357,ul49hs7h,spring-sweep-6
524673,9.023629361101657,ul49hs7h,spring-sweep-6
532857,9.988253516521917,ul49hs7h,spring-sweep-6
541044,14.37271684432854,ul49hs7h,spring-sweep-6
549240,7.473521298064457,ul49hs7h,spring-sweep-6
557429,12.08912519483159,ul49hs7h,spring-sweep-6
565588,10.182861093048095,ul49hs7h,spring-sweep-6
573760,11.822586917695336,ul49hs7h,spring-sweep-6
581952,17.55363137458334,ul49hs7h,spring-sweep-6
590149,16.284574927386796,ul49hs7h,spring-sweep-6
598305,10.909209821956557,ul49hs7h,spring-sweep-6
606496,12.910174527542182,ul49hs7h,spring-sweep-6
614678,7.384364292919886,ul49hs7h,spring-sweep-6
622890,15.35764917561058,ul49hs7h,spring-sweep-6
631081,15.813128463841428,ul49hs7h,spring-sweep-6
639254,15.167265545125172,ul49hs7h,spring-sweep-6
647437,12.38684474565436,ul49hs7h,spring-sweep-6
655606,16.34228686674056,ul49hs7h,spring-sweep-6
663781,14.283992189975788,ul49hs7h,spring-sweep-6
671908,14.97582119788878,ul49hs7h,spring-sweep-6
680063,16.043021756577694,ul49hs7h,spring-sweep-6
688254,10.366384182424255,ul49hs7h,spring-sweep-6
696421,12.587771397648869,ul49hs7h,spring-sweep-6
704588,13.599354094454418,ul49hs7h,spring-sweep-6
712747,12.921548183921132,ul49hs7h,spring-sweep-6
720920,16.38380081592144,ul49hs7h,spring-sweep-6
729128,14.092983296210956,ul49hs7h,spring-sweep-6
737329,14.888339840118949,ul49hs7h,spring-sweep-6
745503,13.504998365682912,ul49hs7h,spring-sweep-6
753677,16.39397302232324,ul49hs7h,spring-sweep-6
761844,14.559624530176936,ul49hs7h,spring-sweep-6
770058,14.50647582195817,ul49hs7h,spring-sweep-6
778209,17.319423809389843,ul49hs7h,spring-sweep-6
786418,15.559318500017843,ul49hs7h,spring-sweep-6
794603,14.745357255720858,ul49hs7h,spring-sweep-6
802710,16.398098529987106,ul49hs7h,spring-sweep-6
810864,14.804954622259396,ul49hs7h,spring-sweep-6
818989,16.099124243760034,ul49hs7h,spring-sweep-6
827119,15.676995537784208,ul49hs7h,spring-sweep-6
835262,15.139094639104439,ul49hs7h,spring-sweep-6
843375,16.35330774087131,ul49hs7h,spring-sweep-6
851510,16.811764859184894,ul49hs7h,spring-sweep-6
859625,15.77707951484264,ul49hs7h,spring-sweep-6
867796,17.052521610694914,ul49hs7h,spring-sweep-6
875900,18.653401493188206,ul49hs7h,spring-sweep-6
884002,18.31188530160144,ul49hs7h,spring-sweep-6
892140,17.700876380877435,ul49hs7h,spring-sweep-6
900298,15.717164116022406,ul49hs7h,spring-sweep-6
908395,17.897333915885767,ul49hs7h,spring-sweep-6
916508,17.897333915885767,ul49hs7h,spring-sweep-6
924588,19.040039854985928,ul49hs7h,spring-sweep-6
932691,15.808038637711414,ul49hs7h,spring-sweep-6
940796,18.48022792812153,ul49hs7h,spring-sweep-6
948907,18.318346423159944,ul49hs7h,spring-sweep-6
956967,16.746165840467995,ul49hs7h,spring-sweep-6
965044,18.932553910604163,ul49hs7h,spring-sweep-6
973174,19.375473961300184,ul49hs7h,spring-sweep-6
981323,16.357476935013445,ul49hs7h,spring-sweep-6
989449,19.152861398407403,ul49hs7h,spring-sweep-6
997542,18.788593865722788,ul49hs7h,spring-sweep-6
1005671.0,18.4082102800836,ul49hs7h,spring-sweep-6
1013781.0,15.931411845154823,ul49hs7h,spring-sweep-6
1021895.0,18.86290659961779,ul49hs7h,spring-sweep-6
1029975.0,17.41554106978059,ul49hs7h,spring-sweep-6
1038112.0,18.860206442580683,ul49hs7h,spring-sweep-6
1046254.0,19.296726900772594,ul49hs7h,spring-sweep-6
1054421.0,18.429955925095918,ul49hs7h,spring-sweep-6
1062547.0,18.149490320386754,ul49hs7h,spring-sweep-6
1070690.0,18.511831250228703,ul49hs7h,spring-sweep-6
1078813.0,16.986997151120246,ul49hs7h,spring-sweep-6
1086938.0,18.537433882044837,ul49hs7h,spring-sweep-6
1095046.0,18.742407570544742,ul49hs7h,spring-sweep-6
1103173.0,18.80873832466587,ul49hs7h,spring-sweep-6
1111314.0,17.90046202725064,ul49hs7h,spring-sweep-6
8142,3.057895991620952,0t6thaey,cool-sweep-7
16351,8.03262571316345,0t6thaey,cool-sweep-7
24478,9.98132080574744,0t6thaey,cool-sweep-7
32625,5.489019643979049,0t6thaey,cool-sweep-7
40772,4.550717753026434,0t6thaey,cool-sweep-7
48938,4.071487232195714,0t6thaey,cool-sweep-7
57086,3.358610573022318,0t6thaey,cool-sweep-7
65314,6.568061595526802,0t6thaey,cool-sweep-7
73507,10.589607630282096,0t6thaey,cool-sweep-7
81673,7.351271128402482,0t6thaey,cool-sweep-7
89907,7.794076525144289,0t6thaey,cool-sweep-7
98122,7.649434689225309,0t6thaey,cool-sweep-7
106307,7.344037561982153,0t6thaey,cool-sweep-7
114493,6.833507962200473,0t6thaey,cool-sweep-7
122678,5.648206192307548,0t6thaey,cool-sweep-7
130891,6.808630153182586,0t6thaey,cool-sweep-7
139084,4.241386087054561,0t6thaey,cool-sweep-7
147248,5.106244660986261,0t6thaey,cool-sweep-7
155469,10.350969031074621,0t6thaey,cool-sweep-7
163662,12.730380563883411,0t6thaey,cool-sweep-7
171836,8.307802866638783,0t6thaey,cool-sweep-7
180047,9.742679886323941,0t6thaey,cool-sweep-7
188224,11.063741723281572,0t6thaey,cool-sweep-7
196443,5.459487167471927,0t6thaey,cool-sweep-7
204627,12.373049954998804,0t6thaey,cool-sweep-7
212836,6.690295787962077,0t6thaey,cool-sweep-7
221044,6.05748503625152,0t6thaey,cool-sweep-7
229252,10.564494381899948,0t6thaey,cool-sweep-7
237466,9.867104698571978,0t6thaey,cool-sweep-7
245702,8.876859131114944,0t6thaey,cool-sweep-7
253905,11.987627002955609,0t6thaey,cool-sweep-7
262100,12.549239615414866,0t6thaey,cool-sweep-7
270287,11.841019329722414,0t6thaey,cool-sweep-7
278495,11.179014579497556,0t6thaey,cool-sweep-7
286710,11.965225379518055,0t6thaey,cool-sweep-7
294934,9.873221052036032,0t6thaey,cool-sweep-7
303157,11.985933367685812,0t6thaey,cool-sweep-7
311375,11.374140197991828,0t6thaey,cool-sweep-7
319608,10.13315059073445,0t6thaey,cool-sweep-7
327817,13.0228190192281,0t6thaey,cool-sweep-7
336072,14.534642907344033,0t6thaey,cool-sweep-7
344292,12.232368286759721,0t6thaey,cool-sweep-7
352540,14.220761376462386,0t6thaey,cool-sweep-7
360772,14.453845786588271,0t6thaey,cool-sweep-7
369030,12.69137038761528,0t6thaey,cool-sweep-7
377301,12.980924723440276,0t6thaey,cool-sweep-7
385562,13.979109649944553,0t6thaey,cool-sweep-7
393831,15.771180246550836,0t6thaey,cool-sweep-7
402099,14.415957965974087,0t6thaey,cool-sweep-7
410349,13.62883784500598,0t6thaey,cool-sweep-7
418591,14.14519536347071,0t6thaey,cool-sweep-7
426853,14.000123301134982,0t6thaey,cool-sweep-7
435087,13.858234880767327,0t6thaey,cool-sweep-7
443337,15.566364302731893,0t6thaey,cool-sweep-7
451566,13.481095788887156,0t6thaey,cool-sweep-7
459773,14.558751293542898,0t6thaey,cool-sweep-7
468033,14.848120783746193,0t6thaey,cool-sweep-7
476287,14.65488316081327,0t6thaey,cool-sweep-7
484538,14.312121066055644,0t6thaey,cool-sweep-7
492819,15.60972714270594,0t6thaey,cool-sweep-7
501054,14.910130628637441,0t6thaey,cool-sweep-7
509343,15.437220130114508,0t6thaey,cool-sweep-7
517576,15.334896275582143,0t6thaey,cool-sweep-7
525852,13.408509732492181,0t6thaey,cool-sweep-7
534088,14.843773315773443,0t6thaey,cool-sweep-7
542304,13.027057910406413,0t6thaey,cool-sweep-7
550533,13.526737262117265,0t6thaey,cool-sweep-7
558767,14.851902565154063,0t6thaey,cool-sweep-7
567019,13.082113314953082,0t6thaey,cool-sweep-7
575253,15.039708254534663,0t6thaey,cool-sweep-7
583497,14.948719551514511,0t6thaey,cool-sweep-7
591745,15.866097868469216,0t6thaey,cool-sweep-7
599967,15.444724616792376,0t6thaey,cool-sweep-7
608178,15.316918477765398,0t6thaey,cool-sweep-7
616403,14.256945351644998,0t6thaey,cool-sweep-7
624634,15.011485862754409,0t6thaey,cool-sweep-7
632862,14.83507120688059,0t6thaey,cool-sweep-7
641083,15.148689498209711,0t6thaey,cool-sweep-7
649307,12.728636879222202,0t6thaey,cool-sweep-7
657539,14.831102450948359,0t6thaey,cool-sweep-7
665754,15.985449636396373,0t6thaey,cool-sweep-7
673981,15.202074496267539,0t6thaey,cool-sweep-7
682190,14.978978287235986,0t6thaey,cool-sweep-7
690400,15.399357542831188,0t6thaey,cool-sweep-7
698602,15.524056895974974,0t6thaey,cool-sweep-7
706828,15.64340760169583,0t6thaey,cool-sweep-7
715063,14.876104438569229,0t6thaey,cool-sweep-7
723262,14.362328094161949,0t6thaey,cool-sweep-7
731476,15.065218782010257,0t6thaey,cool-sweep-7
739684,15.385659428986685,0t6thaey,cool-sweep-7
747911,15.933077671528551,0t6thaey,cool-sweep-7
756110,16.02610567505601,0t6thaey,cool-sweep-7
764327,15.64686363948032,0t6thaey,cool-sweep-7
772554,15.31241069631749,0t6thaey,cool-sweep-7
780752,15.655575602488009,0t6thaey,cool-sweep-7
788902,16.132675286075088,0t6thaey,cool-sweep-7
797042,15.581468660439075,0t6thaey,cool-sweep-7
805182,15.87362084415862,0t6thaey,cool-sweep-7
813301,16.0429079394658,0t6thaey,cool-sweep-7
821439,16.39587272504414,0t6thaey,cool-sweep-7
829559,16.054575171344524,0t6thaey,cool-sweep-7
837699,16.3553879221888,0t6thaey,cool-sweep-7
845810,16.3553879221888,0t6thaey,cool-sweep-7
853947,16.0429079394658,0t6thaey,cool-sweep-7
862085,16.449915236659102,0t6thaey,cool-sweep-7
870164,16.449915236659102,0t6thaey,cool-sweep-7
878286,16.498113075973464,0t6thaey,cool-sweep-7
886403,16.574728094175832,0t6thaey,cool-sweep-7
894525,16.848366001428968,0t6thaey,cool-sweep-7
902598,16.510692161902575,0t6thaey,cool-sweep-7
910627,16.653288189379456,0t6thaey,cool-sweep-7
918681,16.691161363836027,0t6thaey,cool-sweep-7
926694,16.475166717523976,0t6thaey,cool-sweep-7
934737,16.614317811969833,0t6thaey,cool-sweep-7
942772,16.475166717523976,0t6thaey,cool-sweep-7
950791,16.614317811969833,0t6thaey,cool-sweep-7
958817,17.517436196548267,0t6thaey,cool-sweep-7
966824,17.517436196548267,0t6thaey,cool-sweep-7
974834,16.475166717523976,0t6thaey,cool-sweep-7
982847,16.74742963146663,0t6thaey,cool-sweep-7
990885,17.803432602722786,0t6thaey,cool-sweep-7
998876,17.10811095361026,0t6thaey,cool-sweep-7
1006854.0,17.10811095361026,0t6thaey,cool-sweep-7
1014802.0,17.694862783338532,0t6thaey,cool-sweep-7
1022768.0,17.694862783338532,0t6thaey,cool-sweep-7
1030734.0,17.725149173795803,0t6thaey,cool-sweep-7
1038689.0,17.694862783338532,0t6thaey,cool-sweep-7
1046637.0,17.86405100512825,0t6thaey,cool-sweep-7
1054611.0,18.077083828048835,0t6thaey,cool-sweep-7
1062570.0,17.725149173795803,0t6thaey,cool-sweep-7
1070527.0,17.86405100512825,0t6thaey,cool-sweep-7
1078497.0,18.077083828048835,0t6thaey,cool-sweep-7
1086453.0,18.077083828048835,0t6thaey,cool-sweep-7
1094406.0,18.077083828048835,0t6thaey,cool-sweep-7
1102347.0,18.070488047936227,0t6thaey,cool-sweep-7
1110294.0,18.070488047936227,0t6thaey,cool-sweep-7
8162,-0.642780156220134,ryw4wzqr,ethereal-sweep-8
16286,-4.469312963956373,ryw4wzqr,ethereal-sweep-8
24424,-1.3436165891006024,ryw4wzqr,ethereal-sweep-8
32500,8.444017748001764,ryw4wzqr,ethereal-sweep-8
40677,8.174930636911764,ryw4wzqr,ethereal-sweep-8
48789,10.049388204525446,ryw4wzqr,ethereal-sweep-8
56884,4.115381576812223,ryw4wzqr,ethereal-sweep-8
65005,2.1494896488325455,ryw4wzqr,ethereal-sweep-8
73124,13.01768300011318,ryw4wzqr,ethereal-sweep-8
81287,7.327998732500487,ryw4wzqr,ethereal-sweep-8
89375,12.226373665530902,ryw4wzqr,ethereal-sweep-8
97473,10.779509369661906,ryw4wzqr,ethereal-sweep-8
105621,12.488163670591115,ryw4wzqr,ethereal-sweep-8
113788,8.831688679282248,ryw4wzqr,ethereal-sweep-8
121859,11.801454999546827,ryw4wzqr,ethereal-sweep-8
130021,8.14284541558329,ryw4wzqr,ethereal-sweep-8
138148,4.6025525991545395,ryw4wzqr,ethereal-sweep-8
146191,15.329183166531816,ryw4wzqr,ethereal-sweep-8
154292,5.16859563201019,ryw4wzqr,ethereal-sweep-8
162415,18.898338316250385,ryw4wzqr,ethereal-sweep-8
170511,3.349149908263963,ryw4wzqr,ethereal-sweep-8
178640,15.883714477911377,ryw4wzqr,ethereal-sweep-8
186736,10.04261067825757,ryw4wzqr,ethereal-sweep-8
194921,8.253425897080053,ryw4wzqr,ethereal-sweep-8
203072,2.4560420511596526,ryw4wzqr,ethereal-sweep-8
211275,8.742920496209559,ryw4wzqr,ethereal-sweep-8
219461,3.1633855263628003,ryw4wzqr,ethereal-sweep-8
227649,9.043300416375633,ryw4wzqr,ethereal-sweep-8
235825,10.518518411093106,ryw4wzqr,ethereal-sweep-8
243966,7.664310929048068,ryw4wzqr,ethereal-sweep-8
252179,5.742543548412658,ryw4wzqr,ethereal-sweep-8
260342,8.122548214901204,ryw4wzqr,ethereal-sweep-8
268535,6.6522304321376025,ryw4wzqr,ethereal-sweep-8
276710,6.136202555405484,ryw4wzqr,ethereal-sweep-8
284903,12.845174974813759,ryw4wzqr,ethereal-sweep-8
293097,11.867696251375168,ryw4wzqr,ethereal-sweep-8
301257,14.319292877419727,ryw4wzqr,ethereal-sweep-8
309397,4.8853928089596215,ryw4wzqr,ethereal-sweep-8
317563,15.371342387963836,ryw4wzqr,ethereal-sweep-8
325704,8.157450828790823,ryw4wzqr,ethereal-sweep-8
333883,5.2336475743257065,ryw4wzqr,ethereal-sweep-8
342070,13.577846030250754,ryw4wzqr,ethereal-sweep-8
350273,9.938593818686707,ryw4wzqr,ethereal-sweep-8
358387,12.824843692403158,ryw4wzqr,ethereal-sweep-8
366536,8.6118073130457,ryw4wzqr,ethereal-sweep-8
374684,10.584291387347571,ryw4wzqr,ethereal-sweep-8
382814,14.187333147015815,ryw4wzqr,ethereal-sweep-8
390956,7.4563762987152415,ryw4wzqr,ethereal-sweep-8
399106,11.42402788502109,ryw4wzqr,ethereal-sweep-8
407281,14.862513440054252,ryw4wzqr,ethereal-sweep-8
415484,11.122718645744426,ryw4wzqr,ethereal-sweep-8
423667,12.489834091210927,ryw4wzqr,ethereal-sweep-8
431846,10.603772838171912,ryw4wzqr,ethereal-sweep-8
440012,10.420928436513208,ryw4wzqr,ethereal-sweep-8
448170,9.831944644340151,ryw4wzqr,ethereal-sweep-8
456329,11.101321451728017,ryw4wzqr,ethereal-sweep-8
464487,12.336254744810276,ryw4wzqr,ethereal-sweep-8
472608,11.183522327699041,ryw4wzqr,ethereal-sweep-8
480737,5.260831812006041,ryw4wzqr,ethereal-sweep-8
488897,3.787937208173782,ryw4wzqr,ethereal-sweep-8
497013,6.694417960428095,ryw4wzqr,ethereal-sweep-8
505189,13.411694819780717,ryw4wzqr,ethereal-sweep-8
513318,1.3406073613648024,ryw4wzqr,ethereal-sweep-8
521412,8.665059375338151,ryw4wzqr,ethereal-sweep-8
529533,1.4219326754110615,ryw4wzqr,ethereal-sweep-8
537710,6.753711571375263,ryw4wzqr,ethereal-sweep-8
545794,11.812794642323244,ryw4wzqr,ethereal-sweep-8
553905,9.856462792352243,ryw4wzqr,ethereal-sweep-8
562022,15.648904194711367,ryw4wzqr,ethereal-sweep-8
570102,11.604773919327315,ryw4wzqr,ethereal-sweep-8
578221,9.433017282622833,ryw4wzqr,ethereal-sweep-8
586354,8.250920738821424,ryw4wzqr,ethereal-sweep-8
594445,9.700209969352663,ryw4wzqr,ethereal-sweep-8
602537,11.137542748487345,ryw4wzqr,ethereal-sweep-8
610567,13.130137233100886,ryw4wzqr,ethereal-sweep-8
618706,12.023379377079,ryw4wzqr,ethereal-sweep-8
626830,14.023707489304366,ryw4wzqr,ethereal-sweep-8
634976,10.063942917409715,ryw4wzqr,ethereal-sweep-8
643058,9.559911728576807,ryw4wzqr,ethereal-sweep-8
651183,3.5272427923388534,ryw4wzqr,ethereal-sweep-8
659298,9.396779372858813,ryw4wzqr,ethereal-sweep-8
667431,14.522844490752664,ryw4wzqr,ethereal-sweep-8
675598,11.155238887672201,ryw4wzqr,ethereal-sweep-8
683675,12.525757144826546,ryw4wzqr,ethereal-sweep-8
691825,8.069102422168077,ryw4wzqr,ethereal-sweep-8
699947,13.055789065423639,ryw4wzqr,ethereal-sweep-8
708087,11.211436093855031,ryw4wzqr,ethereal-sweep-8
716253,13.157925357771314,ryw4wzqr,ethereal-sweep-8
724406,14.282752993498553,ryw4wzqr,ethereal-sweep-8
732577,6.906798383134586,ryw4wzqr,ethereal-sweep-8
740679,8.430708703849445,ryw4wzqr,ethereal-sweep-8
748707,14.719688159164338,ryw4wzqr,ethereal-sweep-8
756812,14.174715150567044,ryw4wzqr,ethereal-sweep-8
764819,13.76131731521841,ryw4wzqr,ethereal-sweep-8
772832,12.596943802536233,ryw4wzqr,ethereal-sweep-8
780595,15.743411707473115,ryw4wzqr,ethereal-sweep-8
788055,17.63985785990737,ryw4wzqr,ethereal-sweep-8
795597,17.28132789209035,ryw4wzqr,ethereal-sweep-8
803069,17.347993855342757,ryw4wzqr,ethereal-sweep-8
810467,19.11887376540169,ryw4wzqr,ethereal-sweep-8
817829,17.67566021847975,ryw4wzqr,ethereal-sweep-8
825198,17.74232974432375,ryw4wzqr,ethereal-sweep-8
832526,17.74232974432375,ryw4wzqr,ethereal-sweep-8
839845,18.207269024874122,ryw4wzqr,ethereal-sweep-8
847185,18.291027022561234,ryw4wzqr,ethereal-sweep-8
854524,18.03380674189555,ryw4wzqr,ethereal-sweep-8
861945,18.6569715180391,ryw4wzqr,ethereal-sweep-8
869376,19.172216957454726,ryw4wzqr,ethereal-sweep-8
876726,18.291027022561234,ryw4wzqr,ethereal-sweep-8
884030,19.179838908674235,ryw4wzqr,ethereal-sweep-8
891298,18.43460576511277,ryw4wzqr,ethereal-sweep-8
898580,18.695121723405098,ryw4wzqr,ethereal-sweep-8
905828,18.42769223864901,ryw4wzqr,ethereal-sweep-8
913140,19.179838908674235,ryw4wzqr,ethereal-sweep-8
920376,19.11887376540169,ryw4wzqr,ethereal-sweep-8
927668,19.179838908674235,ryw4wzqr,ethereal-sweep-8
934953,18.630323621263877,ryw4wzqr,ethereal-sweep-8
942184,19.179838908674235,ryw4wzqr,ethereal-sweep-8
949533,19.019716700869644,ryw4wzqr,ethereal-sweep-8
956775,19.036453807607284,ryw4wzqr,ethereal-sweep-8
963988,19.179838908674235,ryw4wzqr,ethereal-sweep-8
971231,19.111917807977726,ryw4wzqr,ethereal-sweep-8
978453,19.11887376540169,ryw4wzqr,ethereal-sweep-8
985615,19.179838908674235,ryw4wzqr,ethereal-sweep-8
992813,19.179838908674235,ryw4wzqr,ethereal-sweep-8
1000004.0,19.179838908674235,ryw4wzqr,ethereal-sweep-8
1007185.0,19.179838908674235,ryw4wzqr,ethereal-sweep-8
1014365.0,19.179838908674235,ryw4wzqr,ethereal-sweep-8
1021543.0,19.205371520765507,ryw4wzqr,ethereal-sweep-8
1028720.0,19.084029381438572,ryw4wzqr,ethereal-sweep-8
1035911.0,19.091559501920496,ryw4wzqr,ethereal-sweep-8
1043085.0,19.297898179626582,ryw4wzqr,ethereal-sweep-8
1050251.0,19.09604421023281,ryw4wzqr,ethereal-sweep-8
1057443.0,19.084029381438572,ryw4wzqr,ethereal-sweep-8
1064614.0,19.297898179626582,ryw4wzqr,ethereal-sweep-8
1071801.0,19.09604421023281,ryw4wzqr,ethereal-sweep-8
8253,5.568069259642392,ci5w5dik,rich-sweep-9
16539,-2.868886669087166,ci5w5dik,rich-sweep-9
24819,-2.6340493502326345,ci5w5dik,rich-sweep-9
33102,-1.0054646668393208,ci5w5dik,rich-sweep-9
41382,6.359840266585937,ci5w5dik,rich-sweep-9
49625,3.1419055436988623,ci5w5dik,rich-sweep-9
57878,-3.4540313763390067,ci5w5dik,rich-sweep-9
66159,10.459511912222087,ci5w5dik,rich-sweep-9
74398,4.998432018141676,ci5w5dik,rich-sweep-9
82662,3.6211254659538348,ci5w5dik,rich-sweep-9
90896,11.313316546801252,ci5w5dik,rich-sweep-9
99114,0.25627327904806274,ci5w5dik,rich-sweep-9
107346,11.964238029660496,ci5w5dik,rich-sweep-9
115524,1.5104257946933224,ci5w5dik,rich-sweep-9
123779,8.412955022025248,ci5w5dik,rich-sweep-9
132000,7.947392450645386,ci5w5dik,rich-sweep-9
140234,11.049563027531216,ci5w5dik,rich-sweep-9
148427,5.8677463752107455,ci5w5dik,rich-sweep-9
156608,0.5137081557069363,ci5w5dik,rich-sweep-9
164842,8.756431504689973,ci5w5dik,rich-sweep-9
173040,3.824219960562135,ci5w5dik,rich-sweep-9
181201,1.2647530378202367,ci5w5dik,rich-sweep-9
189374,3.1346743684932092,ci5w5dik,rich-sweep-9
197566,7.574126850976617,ci5w5dik,rich-sweep-9
205774,2.573118953502635,ci5w5dik,rich-sweep-9
213958,6.441174732490879,ci5w5dik,rich-sweep-9
222134,9.007446874883517,ci5w5dik,rich-sweep-9
230316,13.847334409192902,ci5w5dik,rich-sweep-9
238474,8.650049442157806,ci5w5dik,rich-sweep-9
246583,5.018862527933621,ci5w5dik,rich-sweep-9
254728,14.544219410061666,ci5w5dik,rich-sweep-9
262843,12.841903566316386,ci5w5dik,rich-sweep-9
270917,15.621584626721818,ci5w5dik,rich-sweep-9
279037,2.6267006861669815,ci5w5dik,rich-sweep-9
287091,16.133105877217726,ci5w5dik,rich-sweep-9
295175,14.582469170202335,ci5w5dik,rich-sweep-9
303238,10.609154376314857,ci5w5dik,rich-sweep-9
311271,10.808289268374718,ci5w5dik,rich-sweep-9
319334,11.018520295666786,ci5w5dik,rich-sweep-9
327377,7.671194671760152,ci5w5dik,rich-sweep-9
335377,15.479313999768356,ci5w5dik,rich-sweep-9
343384,11.730387557548983,ci5w5dik,rich-sweep-9
351433,11.7443472797178,ci5w5dik,rich-sweep-9
359452,15.905744746893266,ci5w5dik,rich-sweep-9
367442,13.121507540852258,ci5w5dik,rich-sweep-9
375506,14.19345555363697,ci5w5dik,rich-sweep-9
383532,12.716626704371068,ci5w5dik,rich-sweep-9
391574,14.772149387832263,ci5w5dik,rich-sweep-9
399569,15.49154583954456,ci5w5dik,rich-sweep-9
407566,16.085993843705793,ci5w5dik,rich-sweep-9
415576,16.82938612690283,ci5w5dik,rich-sweep-9
423605,6.223154082787912,ci5w5dik,rich-sweep-9
431595,14.332184203875617,ci5w5dik,rich-sweep-9
439613,15.118470340905603,ci5w5dik,rich-sweep-9
447617,13.883135136246306,ci5w5dik,rich-sweep-9
455654,10.174865374488204,ci5w5dik,rich-sweep-9
463627,15.204252425510262,ci5w5dik,rich-sweep-9
471673,14.738823292255471,ci5w5dik,rich-sweep-9
479677,8.649439156514912,ci5w5dik,rich-sweep-9
487683,15.359479203250572,ci5w5dik,rich-sweep-9
495767,15.548724314122733,ci5w5dik,rich-sweep-9
503814,14.62177940980711,ci5w5dik,rich-sweep-9
511843,14.568652370079723,ci5w5dik,rich-sweep-9
519913,15.550681684120244,ci5w5dik,rich-sweep-9
527961,10.17968381815094,ci5w5dik,rich-sweep-9
536004,9.460461566058589,ci5w5dik,rich-sweep-9
544091,10.994779867261933,ci5w5dik,rich-sweep-9
552170,11.647205351587107,ci5w5dik,rich-sweep-9
560248,14.958398215042052,ci5w5dik,rich-sweep-9
568360,16.754260491088907,ci5w5dik,rich-sweep-9
576454,12.909967727842107,ci5w5dik,rich-sweep-9
584554,16.892418903525765,ci5w5dik,rich-sweep-9
592613,14.527774016412787,ci5w5dik,rich-sweep-9
600725,16.644182313719853,ci5w5dik,rich-sweep-9
608861,15.086825728016308,ci5w5dik,rich-sweep-9
616975,16.250722034421607,ci5w5dik,rich-sweep-9
625140,15.518424061478708,ci5w5dik,rich-sweep-9
633249,15.622413674082841,ci5w5dik,rich-sweep-9
641388,15.091789804296434,ci5w5dik,rich-sweep-9
649538,16.829001216444336,ci5w5dik,rich-sweep-9
657667,16.700911540152834,ci5w5dik,rich-sweep-9
665787,16.322009163516487,ci5w5dik,rich-sweep-9
673926,17.092809344802465,ci5w5dik,rich-sweep-9
682098,17.092809344802465,ci5w5dik,rich-sweep-9
690262,16.414618580312663,ci5w5dik,rich-sweep-9
698442,17.130148651747586,ci5w5dik,rich-sweep-9
706609,17.130148651747586,ci5w5dik,rich-sweep-9
714759,17.092809344802465,ci5w5dik,rich-sweep-9
722939,17.130148651747586,ci5w5dik,rich-sweep-9
731110,17.130148651747586,ci5w5dik,rich-sweep-9
739299,17.130148651747586,ci5w5dik,rich-sweep-9
747487,17.130148651747586,ci5w5dik,rich-sweep-9
755648,15.1863866242944,ci5w5dik,rich-sweep-9
763807,17.092809344802465,ci5w5dik,rich-sweep-9
771988,17.130148651747586,ci5w5dik,rich-sweep-9
780180,17.092809344802465,ci5w5dik,rich-sweep-9
788359,17.092809344802465,ci5w5dik,rich-sweep-9
796557,17.130148651747586,ci5w5dik,rich-sweep-9
804735,17.138899285666195,ci5w5dik,rich-sweep-9
812907,16.765516368039574,ci5w5dik,rich-sweep-9
821099,14.191366750091287,ci5w5dik,rich-sweep-9
829293,17.028451792723647,ci5w5dik,rich-sweep-9
837519,14.518363538416441,ci5w5dik,rich-sweep-9
845762,17.05019092315843,ci5w5dik,rich-sweep-9
853945,17.300941163314164,ci5w5dik,rich-sweep-9
862144,17.028451792723647,ci5w5dik,rich-sweep-9
870332,17.25699251409616,ci5w5dik,rich-sweep-9
878536,17.028451792723647,ci5w5dik,rich-sweep-9
886717,17.019999585446463,ci5w5dik,rich-sweep-9
894920,16.92067254248156,ci5w5dik,rich-sweep-9
903119,15.750384534673362,ci5w5dik,rich-sweep-9
911321,17.282147255913866,ci5w5dik,rich-sweep-9
919516,17.05019092315843,ci5w5dik,rich-sweep-9
927706,17.05019092315843,ci5w5dik,rich-sweep-9
935899,17.321441153675416,ci5w5dik,rich-sweep-9
944099,17.05019092315843,ci5w5dik,rich-sweep-9
952282,17.05019092315843,ci5w5dik,rich-sweep-9
960464,17.25699251409616,ci5w5dik,rich-sweep-9
968643,17.282147255913866,ci5w5dik,rich-sweep-9
976839,17.282147255913866,ci5w5dik,rich-sweep-9
985032,17.282147255913866,ci5w5dik,rich-sweep-9
993213,17.282147255913866,ci5w5dik,rich-sweep-9
1001413.0,17.282147255913866,ci5w5dik,rich-sweep-9
1009609.0,17.282147255913866,ci5w5dik,rich-sweep-9
1017807.0,17.282147255913866,ci5w5dik,rich-sweep-9
1026007.0,17.282147255913866,ci5w5dik,rich-sweep-9
1034206.0,17.282147255913866,ci5w5dik,rich-sweep-9
1042403.0,16.32234347933086,ci5w5dik,rich-sweep-9
1050600.0,17.282147255913866,ci5w5dik,rich-sweep-9
1058802.0,17.300941163314164,ci5w5dik,rich-sweep-9
1067005.0,17.322103133572284,ci5w5dik,rich-sweep-9
1075196.0,17.322103133572284,ci5w5dik,rich-sweep-9
1083414.0,17.322103133572284,ci5w5dik,rich-sweep-9
1091610.0,17.322103133572284,ci5w5dik,rich-sweep-9
1099813.0,17.833938013868668,ci5w5dik,rich-sweep-9
1108047.0,17.833938013868668,ci5w5dik,rich-sweep-9
8256,-7.623739921014686,zx16aw8y,cool-sweep-10
16539,1.4456793307347664,zx16aw8y,cool-sweep-10
24821,1.6027692070067068,zx16aw8y,cool-sweep-10
33058,-0.6420394259459024,zx16aw8y,cool-sweep-10
41315,1.743875020703196,zx16aw8y,cool-sweep-10
49577,0.6116954394655147,zx16aw8y,cool-sweep-10
57814,-5.699737719657352,zx16aw8y,cool-sweep-10
66083,1.770427717518059,zx16aw8y,cool-sweep-10
74338,2.138808829352097,zx16aw8y,cool-sweep-10
82596,7.697330183308422,zx16aw8y,cool-sweep-10
90860,-0.9776546801309696,zx16aw8y,cool-sweep-10
99116,5.44004348729475,zx16aw8y,cool-sweep-10
107368,1.9699614574751891,zx16aw8y,cool-sweep-10
115609,-1.3090188540256418,zx16aw8y,cool-sweep-10
123876,5.304910377864255,zx16aw8y,cool-sweep-10
132152,4.326793717063472,zx16aw8y,cool-sweep-10
140405,3.5500567672305765,zx16aw8y,cool-sweep-10
148639,1.3952719354408976,zx16aw8y,cool-sweep-10
156899,14.341433369055114,zx16aw8y,cool-sweep-10
165119,4.725683906894906,zx16aw8y,cool-sweep-10
173376,-1.2247840319333023,zx16aw8y,cool-sweep-10
181613,6.952196587391869,zx16aw8y,cool-sweep-10
189868,9.513225555516925,zx16aw8y,cool-sweep-10
198115,9.6228725501051,zx16aw8y,cool-sweep-10
206347,7.776873289086512,zx16aw8y,cool-sweep-10
214580,8.767298246517877,zx16aw8y,cool-sweep-10
222814,5.4658640642480005,zx16aw8y,cool-sweep-10
231054,10.659844529673954,zx16aw8y,cool-sweep-10
239274,12.129305010711676,zx16aw8y,cool-sweep-10
247483,10.358094719504786,zx16aw8y,cool-sweep-10
255697,12.202759807115399,zx16aw8y,cool-sweep-10
263925,9.75730577655267,zx16aw8y,cool-sweep-10
272145,7.4304347015459244,zx16aw8y,cool-sweep-10
280369,10.012069235334058,zx16aw8y,cool-sweep-10
288557,10.741883924684407,zx16aw8y,cool-sweep-10
296756,10.815137973948207,zx16aw8y,cool-sweep-10
304954,7.103594923244705,zx16aw8y,cool-sweep-10
313141,13.349182801702364,zx16aw8y,cool-sweep-10
321309,10.629362362342425,zx16aw8y,cool-sweep-10
329516,13.49943275199332,zx16aw8y,cool-sweep-10
337704,10.675104997225265,zx16aw8y,cool-sweep-10
345877,14.854058581965791,zx16aw8y,cool-sweep-10
354016,10.987974849894758,zx16aw8y,cool-sweep-10
362159,13.528512519066913,zx16aw8y,cool-sweep-10
370258,10.852864012373598,zx16aw8y,cool-sweep-10
378404,11.889789362576177,zx16aw8y,cool-sweep-10
386555,16.385461119675735,zx16aw8y,cool-sweep-10
394659,8.63201669231377,zx16aw8y,cool-sweep-10
402798,11.852655587383229,zx16aw8y,cool-sweep-10
410915,14.287487597940672,zx16aw8y,cool-sweep-10
419001,12.711673567835417,zx16aw8y,cool-sweep-10
427110,14.04275609226059,zx16aw8y,cool-sweep-10
435177,13.463798745552856,zx16aw8y,cool-sweep-10
443260,13.13401166669147,zx16aw8y,cool-sweep-10
451298,10.570068911039986,zx16aw8y,cool-sweep-10
459348,14.25742131831243,zx16aw8y,cool-sweep-10
467408,15.705026685228825,zx16aw8y,cool-sweep-10
475470,14.654839119717982,zx16aw8y,cool-sweep-10
483539,9.76716019307917,zx16aw8y,cool-sweep-10
491615,16.040620162645318,zx16aw8y,cool-sweep-10
499712,14.5443541560998,zx16aw8y,cool-sweep-10
507766,15.55017059281867,zx16aw8y,cool-sweep-10
515807,14.747388951518468,zx16aw8y,cool-sweep-10
523869,14.150748257731205,zx16aw8y,cool-sweep-10
531902,15.135824313558203,zx16aw8y,cool-sweep-10
539957,14.88074948160662,zx16aw8y,cool-sweep-10
547996,15.243667420765586,zx16aw8y,cool-sweep-10
556071,17.16745854266008,zx16aw8y,cool-sweep-10
564181,16.527022330019946,zx16aw8y,cool-sweep-10
572258,14.243185055705194,zx16aw8y,cool-sweep-10
580356,14.42339727159604,zx16aw8y,cool-sweep-10
588446,15.439176034185774,zx16aw8y,cool-sweep-10
596525,16.29520994464529,zx16aw8y,cool-sweep-10
604580,14.882512133987674,zx16aw8y,cool-sweep-10
612637,16.15217904966979,zx16aw8y,cool-sweep-10
620683,16.403781081156545,zx16aw8y,cool-sweep-10
628777,14.553776504580927,zx16aw8y,cool-sweep-10
636836,17.391584198944898,zx16aw8y,cool-sweep-10
644874,15.715260647273158,zx16aw8y,cool-sweep-10
652968,16.950283329235468,zx16aw8y,cool-sweep-10
661036,15.359625923153242,zx16aw8y,cool-sweep-10
669109,16.779518636375844,zx16aw8y,cool-sweep-10
677212,16.23376954138048,zx16aw8y,cool-sweep-10
685309,16.496662879012987,zx16aw8y,cool-sweep-10
693378,16.77752312507177,zx16aw8y,cool-sweep-10
701430,16.665915206058582,zx16aw8y,cool-sweep-10
709486,15.582509004592433,zx16aw8y,cool-sweep-10
717586,15.839726678130727,zx16aw8y,cool-sweep-10
725684,15.243587809494889,zx16aw8y,cool-sweep-10
733784,14.052572964369114,zx16aw8y,cool-sweep-10
741880,16.794863085145323,zx16aw8y,cool-sweep-10
749948,16.534642449640156,zx16aw8y,cool-sweep-10
758035,16.50675949925291,zx16aw8y,cool-sweep-10
766078,17.37743792688918,zx16aw8y,cool-sweep-10
774130,17.16448066474792,zx16aw8y,cool-sweep-10
782198,16.672547116099302,zx16aw8y,cool-sweep-10
790282,18.123823562188747,zx16aw8y,cool-sweep-10
798329,17.022973323252483,zx16aw8y,cool-sweep-10
806380,17.666303647302463,zx16aw8y,cool-sweep-10
814430,17.407252527584706,zx16aw8y,cool-sweep-10
822470,17.83590422709066,zx16aw8y,cool-sweep-10
830551,16.841335183547187,zx16aw8y,cool-sweep-10
838615,18.895740768337806,zx16aw8y,cool-sweep-10
846679,17.864405118018407,zx16aw8y,cool-sweep-10
854740,18.628884952634525,zx16aw8y,cool-sweep-10
862810,17.074053092293045,zx16aw8y,cool-sweep-10
870876,17.211983747846002,zx16aw8y,cool-sweep-10
878936,18.198829389047596,zx16aw8y,cool-sweep-10
887003,17.879015885818227,zx16aw8y,cool-sweep-10
895107,17.273319329949175,zx16aw8y,cool-sweep-10
903184,19.09538379960275,zx16aw8y,cool-sweep-10
911281,18.204577721207023,zx16aw8y,cool-sweep-10
919383,18.184826157480405,zx16aw8y,cool-sweep-10
927477,18.818943015247005,zx16aw8y,cool-sweep-10
935563,18.734714893574765,zx16aw8y,cool-sweep-10
943628,17.310434834129644,zx16aw8y,cool-sweep-10
951721,19.067001800975568,zx16aw8y,cool-sweep-10
959747,19.23679680492548,zx16aw8y,cool-sweep-10
967797,18.66510315967178,zx16aw8y,cool-sweep-10
975866,17.366932013772217,zx16aw8y,cool-sweep-10
983928,17.398070834360603,zx16aw8y,cool-sweep-10
991980,17.872383191499964,zx16aw8y,cool-sweep-10
1000090.0,17.543975353291184,zx16aw8y,cool-sweep-10
1008166.0,18.638394422481998,zx16aw8y,cool-sweep-10
1016248.0,18.646854511087568,zx16aw8y,cool-sweep-10
1024326.0,18.51517044638525,zx16aw8y,cool-sweep-10
1032427.0,18.805064631685866,zx16aw8y,cool-sweep-10
1040535.0,17.37155568602578,zx16aw8y,cool-sweep-10
1048629.0,17.928486026156165,zx16aw8y,cool-sweep-10
1056706.0,18.430754143662718,zx16aw8y,cool-sweep-10
1064811.0,17.75361111463122,zx16aw8y,cool-sweep-10
1072950.0,18.0482418016101,zx16aw8y,cool-sweep-10
1081052.0,19.296550646811788,zx16aw8y,cool-sweep-10
1089175.0,17.478969808957697,zx16aw8y,cool-sweep-10
1097297.0,18.13830720430296,zx16aw8y,cool-sweep-10
1105407.0,18.549574271621825,zx16aw8y,cool-sweep-10
8173,5.4463048238068295,32tmmyfq,major-sweep-11
16330,-8.087693596284577,32tmmyfq,major-sweep-11
24499,2.1965705685582244,32tmmyfq,major-sweep-11
32616,5.549041769734278,32tmmyfq,major-sweep-11
40751,11.27758935639,32tmmyfq,major-sweep-11
48931,4.886683122798904,32tmmyfq,major-sweep-11
57093,6.637055537659242,32tmmyfq,major-sweep-11
65278,8.11522371889892,32tmmyfq,major-sweep-11
73470,8.601771690442781,32tmmyfq,major-sweep-11
81602,6.976592222616536,32tmmyfq,major-sweep-11
89785,5.52410006628468,32tmmyfq,major-sweep-11
97962,4.1869312401538945,32tmmyfq,major-sweep-11
106075,11.542574002977315,32tmmyfq,major-sweep-11
114221,10.447366520289568,32tmmyfq,major-sweep-11
122364,9.637199208823295,32tmmyfq,major-sweep-11
130516,3.1554455324162864,32tmmyfq,major-sweep-11
138655,9.326554791672507,32tmmyfq,major-sweep-11
146786,7.821269548884592,32tmmyfq,major-sweep-11
154929,5.580855110867589,32tmmyfq,major-sweep-11
163028,9.005530083718536,32tmmyfq,major-sweep-11
171162,11.705752653389741,32tmmyfq,major-sweep-11
179294,10.648174377227125,32tmmyfq,major-sweep-11
187433,9.138660664411585,32tmmyfq,major-sweep-11
195573,9.63588103883269,32tmmyfq,major-sweep-11
203748,10.589802506101794,32tmmyfq,major-sweep-11
211860,6.000198492334713,32tmmyfq,major-sweep-11
220016,8.836615517743379,32tmmyfq,major-sweep-11
228185,11.81612720893174,32tmmyfq,major-sweep-11
236389,11.404105484492902,32tmmyfq,major-sweep-11
244557,11.282516763959269,32tmmyfq,major-sweep-11
252725,2.64216998512776,32tmmyfq,major-sweep-11
260894,13.366479616806362,32tmmyfq,major-sweep-11
269069,4.61639352550919,32tmmyfq,major-sweep-11
277251,10.181787412084146,32tmmyfq,major-sweep-11
285407,4.3021233985150555,32tmmyfq,major-sweep-11
293559,12.449169168869764,32tmmyfq,major-sweep-11
301739,9.4071737259594,32tmmyfq,major-sweep-11
309905,13.938089248981592,32tmmyfq,major-sweep-11
318096,3.3474115233038604,32tmmyfq,major-sweep-11
326276,7.269541133032829,32tmmyfq,major-sweep-11
334450,13.719020169672302,32tmmyfq,major-sweep-11
342598,7.015333370727445,32tmmyfq,major-sweep-11
350773,12.368403103995135,32tmmyfq,major-sweep-11
358961,6.139798286998458,32tmmyfq,major-sweep-11
367144,10.470880496120333,32tmmyfq,major-sweep-11
375363,5.683338805191801,32tmmyfq,major-sweep-11
383547,12.796040840844626,32tmmyfq,major-sweep-11
391768,7.696117423428514,32tmmyfq,major-sweep-11
399964,-0.434520482406142,32tmmyfq,major-sweep-11
408119,9.024229213828017,32tmmyfq,major-sweep-11
416301,4.268374603936627,32tmmyfq,major-sweep-11
424519,10.529489117027257,32tmmyfq,major-sweep-11
432665,8.358906025002875,32tmmyfq,major-sweep-11
440847,11.190274583036485,32tmmyfq,major-sweep-11
449027,2.9677310710839953,32tmmyfq,major-sweep-11
457219,3.4327615730140195,32tmmyfq,major-sweep-11
465422,8.011341666216495,32tmmyfq,major-sweep-11
473576,5.302067861688909,32tmmyfq,major-sweep-11
481765,8.031880194403481,32tmmyfq,major-sweep-11
489960,10.14836679420571,32tmmyfq,major-sweep-11
498145,7.487817340988227,32tmmyfq,major-sweep-11
506320,5.471039097864123,32tmmyfq,major-sweep-11
514463,8.295460048998809,32tmmyfq,major-sweep-11
522698,7.978373949191879,32tmmyfq,major-sweep-11
530914,6.884343405240104,32tmmyfq,major-sweep-11
539126,5.510355842788215,32tmmyfq,major-sweep-11
547309,4.8955152005687435,32tmmyfq,major-sweep-11
555494,3.8642931282005484,32tmmyfq,major-sweep-11
563677,0.5712416089431939,32tmmyfq,major-sweep-11
571868,5.318125323075937,32tmmyfq,major-sweep-11
580021,7.621233372736922,32tmmyfq,major-sweep-11
588208,10.784899339990947,32tmmyfq,major-sweep-11
596322,11.215726449287876,32tmmyfq,major-sweep-11
604489,11.232609406408983,32tmmyfq,major-sweep-11
612705,5.586004089883753,32tmmyfq,major-sweep-11
620874,9.098172135504273,32tmmyfq,major-sweep-11
629083,8.093785456147694,32tmmyfq,major-sweep-11
637271,8.790612696206887,32tmmyfq,major-sweep-11
645480,5.355524210428464,32tmmyfq,major-sweep-11
653704,11.295756516285433,32tmmyfq,major-sweep-11
661904,3.2234237090756084,32tmmyfq,major-sweep-11
670092,7.059435340232002,32tmmyfq,major-sweep-11
678307,4.0874099627971985,32tmmyfq,major-sweep-11
686518,11.633642145989556,32tmmyfq,major-sweep-11
694758,5.814860412161378,32tmmyfq,major-sweep-11
702959,9.070629432792765,32tmmyfq,major-sweep-11
711151,6.997323257708999,32tmmyfq,major-sweep-11
719322,10.629857566520545,32tmmyfq,major-sweep-11
727486,9.980667470416817,32tmmyfq,major-sweep-11
735676,10.73428221785232,32tmmyfq,major-sweep-11
743882,8.932591244705987,32tmmyfq,major-sweep-11
752042,5.468156744077538,32tmmyfq,major-sweep-11
760216,10.05786354316106,32tmmyfq,major-sweep-11
768415,10.02407446953168,32tmmyfq,major-sweep-11
776612,7.432207602535404,32tmmyfq,major-sweep-11
784764,9.293698380519263,32tmmyfq,major-sweep-11
792804,10.436142807621192,32tmmyfq,major-sweep-11
800874,10.441265648619547,32tmmyfq,major-sweep-11
808762,9.877104016738205,32tmmyfq,major-sweep-11
816611,10.20092687675218,32tmmyfq,major-sweep-11
824432,14.785248479917893,32tmmyfq,major-sweep-11
832252,12.128020136754605,32tmmyfq,major-sweep-11
840042,13.859336471366012,32tmmyfq,major-sweep-11
847858,14.05288580325652,32tmmyfq,major-sweep-11
855636,15.087961998329252,32tmmyfq,major-sweep-11
863346,10.248460361452008,32tmmyfq,major-sweep-11
871084,9.129960865957267,32tmmyfq,major-sweep-11
878880,12.798646160835832,32tmmyfq,major-sweep-11
886609,13.400605223535004,32tmmyfq,major-sweep-11
894355,14.547660586566096,32tmmyfq,major-sweep-11
902008,14.662036706218663,32tmmyfq,major-sweep-11
909687,14.17655196488445,32tmmyfq,major-sweep-11
917323,13.742601182954521,32tmmyfq,major-sweep-11
924953,13.672191284275408,32tmmyfq,major-sweep-11
932466,14.1593727682158,32tmmyfq,major-sweep-11
940012,14.645640368391673,32tmmyfq,major-sweep-11
947524,12.988814058391606,32tmmyfq,major-sweep-11
955091,15.670002716945067,32tmmyfq,major-sweep-11
962600,14.71230385893251,32tmmyfq,major-sweep-11
970115,14.663203217738195,32tmmyfq,major-sweep-11
977593,15.059099021507842,32tmmyfq,major-sweep-11
985151,14.621585109402918,32tmmyfq,major-sweep-11
992598,15.656041825349405,32tmmyfq,major-sweep-11
1000040.0,14.924952909108082,32tmmyfq,major-sweep-11
1007423.0,15.098519237015745,32tmmyfq,major-sweep-11
1014811.0,15.116771540603818,32tmmyfq,major-sweep-11
1022232.0,15.10053455546674,32tmmyfq,major-sweep-11
1029629.0,15.268346611480121,32tmmyfq,major-sweep-11
1037024.0,15.674664916994846,32tmmyfq,major-sweep-11
1044420.0,15.562678909768843,32tmmyfq,major-sweep-11
1051846.0,15.562678909768843,32tmmyfq,major-sweep-11
1059246.0,16.005829913006547,32tmmyfq,major-sweep-11
1066637.0,15.460303747213,32tmmyfq,major-sweep-11
1073976.0,15.289142749704135,32tmmyfq,major-sweep-11
1081354.0,15.482645008766454,32tmmyfq,major-sweep-11
1088722.0,16.005829913006547,32tmmyfq,major-sweep-11
8189,4.213152442142532,etxu5rwi,dashing-sweep-12
16424,-1.8926196059385725,etxu5rwi,dashing-sweep-12
24647,-0.24628189844798437,etxu5rwi,dashing-sweep-12
32859,1.1049926345110443,etxu5rwi,dashing-sweep-12
41058,6.95088594695113,etxu5rwi,dashing-sweep-12
49259,7.733201790738599,etxu5rwi,dashing-sweep-12
57434,8.029581878661117,etxu5rwi,dashing-sweep-12
65629,-1.7537108449373349,etxu5rwi,dashing-sweep-12
73836,6.902704853197298,etxu5rwi,dashing-sweep-12
82010,8.339941418893,etxu5rwi,dashing-sweep-12
90203,2.5696367701769405,etxu5rwi,dashing-sweep-12
98362,11.225370001479059,etxu5rwi,dashing-sweep-12
106557,10.235919116017376,etxu5rwi,dashing-sweep-12
114763,6.380795163707701,etxu5rwi,dashing-sweep-12
122952,8.788564124235783,etxu5rwi,dashing-sweep-12
131113,6.98459979456224,etxu5rwi,dashing-sweep-12
139316,6.042501231956403,etxu5rwi,dashing-sweep-12
147507,10.373653813008605,etxu5rwi,dashing-sweep-12
155700,11.285340438207237,etxu5rwi,dashing-sweep-12
163883,10.420436330921616,etxu5rwi,dashing-sweep-12
172065,10.924212301587946,etxu5rwi,dashing-sweep-12
180247,7.045103352209128,etxu5rwi,dashing-sweep-12
188428,9.58468000569272,etxu5rwi,dashing-sweep-12
196647,13.576927798994598,etxu5rwi,dashing-sweep-12
204820,8.76393418180227,etxu5rwi,dashing-sweep-12
213000,9.455616322009543,etxu5rwi,dashing-sweep-12
221203,12.079822714515918,etxu5rwi,dashing-sweep-12
229405,6.249320085847674,etxu5rwi,dashing-sweep-12
237609,9.660077380572137,etxu5rwi,dashing-sweep-12
245810,15.157087577219736,etxu5rwi,dashing-sweep-12
254015,11.177796975177566,etxu5rwi,dashing-sweep-12
262196,10.745266408655002,etxu5rwi,dashing-sweep-12
270413,9.992661328463145,etxu5rwi,dashing-sweep-12
278565,6.987533672829255,etxu5rwi,dashing-sweep-12
286752,12.14053770601534,etxu5rwi,dashing-sweep-12
294895,13.086291231970614,etxu5rwi,dashing-sweep-12
303067,12.243640708179665,etxu5rwi,dashing-sweep-12
311242,7.214974294748492,etxu5rwi,dashing-sweep-12
319421,3.776424647855009,etxu5rwi,dashing-sweep-12
327631,7.623647911939107,etxu5rwi,dashing-sweep-12
335828,11.44309842024008,etxu5rwi,dashing-sweep-12
343977,6.863101448564775,etxu5rwi,dashing-sweep-12
352131,6.945317117859396,etxu5rwi,dashing-sweep-12
360306,9.221840618628063,etxu5rwi,dashing-sweep-12
368495,8.5933794704376,etxu5rwi,dashing-sweep-12
376692,10.287713995578127,etxu5rwi,dashing-sweep-12
384893,11.021125287166578,etxu5rwi,dashing-sweep-12
393074,8.834536807232066,etxu5rwi,dashing-sweep-12
401264,13.016015628365315,etxu5rwi,dashing-sweep-12
409446,14.018396236533235,etxu5rwi,dashing-sweep-12
417634,8.976728985141932,etxu5rwi,dashing-sweep-12
425780,11.025923512504157,etxu5rwi,dashing-sweep-12
433944,10.990663544230687,etxu5rwi,dashing-sweep-12
442103,12.861480767132488,etxu5rwi,dashing-sweep-12
450243,16.29079749468879,etxu5rwi,dashing-sweep-12
458406,12.186242038445318,etxu5rwi,dashing-sweep-12
466512,14.475239693829561,etxu5rwi,dashing-sweep-12
474653,13.171183437660593,etxu5rwi,dashing-sweep-12
482810,11.810276585235561,etxu5rwi,dashing-sweep-12
490970,10.404268313073837,etxu5rwi,dashing-sweep-12
499126,12.792492975165791,etxu5rwi,dashing-sweep-12
507238,15.282618175085272,etxu5rwi,dashing-sweep-12
515343,12.359832679818192,etxu5rwi,dashing-sweep-12
523456,15.529952873702488,etxu5rwi,dashing-sweep-12
531598,15.474742082715798,etxu5rwi,dashing-sweep-12
539736,12.387974636998155,etxu5rwi,dashing-sweep-12
547864,16.247094790067784,etxu5rwi,dashing-sweep-12
556027,15.94379496752317,etxu5rwi,dashing-sweep-12
564175,15.701958881684373,etxu5rwi,dashing-sweep-12
572324,16.67805612454802,etxu5rwi,dashing-sweep-12
580473,15.922908693075607,etxu5rwi,dashing-sweep-12
588636,17.158712776131033,etxu5rwi,dashing-sweep-12
596753,17.181336768781023,etxu5rwi,dashing-sweep-12
604913,16.100296013822163,etxu5rwi,dashing-sweep-12
613079,14.338212970109563,etxu5rwi,dashing-sweep-12
621209,16.665624309540753,etxu5rwi,dashing-sweep-12
629346,15.77061558037505,etxu5rwi,dashing-sweep-12
637489,16.00072730484459,etxu5rwi,dashing-sweep-12
645654,16.06325519601217,etxu5rwi,dashing-sweep-12
653803,16.38554610850447,etxu5rwi,dashing-sweep-12
661954,15.935960135606795,etxu5rwi,dashing-sweep-12
670152,12.258700044154743,etxu5rwi,dashing-sweep-12
678295,16.720530256189203,etxu5rwi,dashing-sweep-12
686472,17.528433958533782,etxu5rwi,dashing-sweep-12
694656,16.35423753071897,etxu5rwi,dashing-sweep-12
702819,15.220042231731133,etxu5rwi,dashing-sweep-12
710973,13.8399515401862,etxu5rwi,dashing-sweep-12
719137,16.671299124763426,etxu5rwi,dashing-sweep-12
727322,12.250923472155105,etxu5rwi,dashing-sweep-12
735507,14.642608449002335,etxu5rwi,dashing-sweep-12
743676,15.360898633596497,etxu5rwi,dashing-sweep-12
751859,17.124282047425034,etxu5rwi,dashing-sweep-12
760023,15.597839386035432,etxu5rwi,dashing-sweep-12
768205,16.628660127211575,etxu5rwi,dashing-sweep-12
776372,15.852514554911753,etxu5rwi,dashing-sweep-12
784495,16.802752244550597,etxu5rwi,dashing-sweep-12
792643,17.67525731249355,etxu5rwi,dashing-sweep-12
800740,15.544828877203884,etxu5rwi,dashing-sweep-12
808857,16.353974580318653,etxu5rwi,dashing-sweep-12
816977,17.03975145794977,etxu5rwi,dashing-sweep-12
825070,17.590841943128186,etxu5rwi,dashing-sweep-12
833168,16.96806781969392,etxu5rwi,dashing-sweep-12
841260,16.933695025370753,etxu5rwi,dashing-sweep-12
849338,15.291179486335631,etxu5rwi,dashing-sweep-12
857403,15.438168208611723,etxu5rwi,dashing-sweep-12
865487,17.691410457507626,etxu5rwi,dashing-sweep-12
873591,17.65732178059785,etxu5rwi,dashing-sweep-12
881669,17.432434959030367,etxu5rwi,dashing-sweep-12
889765,15.70113481002746,etxu5rwi,dashing-sweep-12
897864,17.70229617925978,etxu5rwi,dashing-sweep-12
905955,17.432434959030367,etxu5rwi,dashing-sweep-12
914025,17.76389939985257,etxu5rwi,dashing-sweep-12
922107,17.279404799703872,etxu5rwi,dashing-sweep-12
930184,17.999338462849856,etxu5rwi,dashing-sweep-12
938277,18.027504057299467,etxu5rwi,dashing-sweep-12
946354,17.975865941820025,etxu5rwi,dashing-sweep-12
954424,18.000837921105983,etxu5rwi,dashing-sweep-12
962494,18.053308386194587,etxu5rwi,dashing-sweep-12
970567,18.89243815155156,etxu5rwi,dashing-sweep-12
978622,17.94738048411191,etxu5rwi,dashing-sweep-12
986654,18.565557601968546,etxu5rwi,dashing-sweep-12
994705,18.804165192560497,etxu5rwi,dashing-sweep-12
1002729.0,18.459596032875986,etxu5rwi,dashing-sweep-12
1010738.0,18.76631142939785,etxu5rwi,dashing-sweep-12
1018753.0,19.17239856289077,etxu5rwi,dashing-sweep-12
1026759.0,19.13783078184745,etxu5rwi,dashing-sweep-12
1034768.0,19.17239856289077,etxu5rwi,dashing-sweep-12
1042771.0,19.13783078184745,etxu5rwi,dashing-sweep-12
1050775.0,18.932736229579003,etxu5rwi,dashing-sweep-12
1058776.0,19.17239856289077,etxu5rwi,dashing-sweep-12
1066779.0,19.13783078184745,etxu5rwi,dashing-sweep-12
1074776.0,19.13783078184745,etxu5rwi,dashing-sweep-12
1082773.0,19.13783078184745,etxu5rwi,dashing-sweep-12
1090779.0,19.11738456223084,etxu5rwi,dashing-sweep-12
1098783.0,19.13783078184745,etxu5rwi,dashing-sweep-12
1106786.0,19.12200175013919,etxu5rwi,dashing-sweep-12
8147,-4.156288341290555,32umu7u4,vibrant-sweep-13
16220,-0.26706141303911496,32umu7u4,vibrant-sweep-13
24339,0.4861258074832536,32umu7u4,vibrant-sweep-13
32491,-2.690383112280197,32umu7u4,vibrant-sweep-13
40590,-0.8547435529700544,32umu7u4,vibrant-sweep-13
48676,-3.502427775603997,32umu7u4,vibrant-sweep-13
56742,8.354316768835961,32umu7u4,vibrant-sweep-13
64805,11.7989985639785,32umu7u4,vibrant-sweep-13
72883,6.945115900968313,32umu7u4,vibrant-sweep-13
80981,5.189064482721865,32umu7u4,vibrant-sweep-13
89140,0.7706844587290285,32umu7u4,vibrant-sweep-13
97266,-0.8548339790025146,32umu7u4,vibrant-sweep-13
105378,-4.4160795731461855,32umu7u4,vibrant-sweep-13
113535,0.27278216815198153,32umu7u4,vibrant-sweep-13
121650,3.360390526561101,32umu7u4,vibrant-sweep-13
129784,3.285711037314401,32umu7u4,vibrant-sweep-13
137954,7.101611348236178,32umu7u4,vibrant-sweep-13
146107,3.6971360655592007,32umu7u4,vibrant-sweep-13
154258,4.447379253850338,32umu7u4,vibrant-sweep-13
162414,2.816089217212375,32umu7u4,vibrant-sweep-13
170558,5.8266685720586375,32umu7u4,vibrant-sweep-13
178696,8.135883679758217,32umu7u4,vibrant-sweep-13
186832,1.4512842007674795,32umu7u4,vibrant-sweep-13
194930,8.188038785963158,32umu7u4,vibrant-sweep-13
203103,7.014325283640853,32umu7u4,vibrant-sweep-13
211310,11.913381003354004,32umu7u4,vibrant-sweep-13
219503,9.489757499697983,32umu7u4,vibrant-sweep-13
227698,13.035359090998753,32umu7u4,vibrant-sweep-13
235850,1.7911783868611977,32umu7u4,vibrant-sweep-13
244025,6.579241610458811,32umu7u4,vibrant-sweep-13
252175,10.767427266766276,32umu7u4,vibrant-sweep-13
260297,10.794968429361962,32umu7u4,vibrant-sweep-13
268455,12.571553323273994,32umu7u4,vibrant-sweep-13
276599,13.608159860413233,32umu7u4,vibrant-sweep-13
284737,12.151725646161378,32umu7u4,vibrant-sweep-13
292879,12.036059838989143,32umu7u4,vibrant-sweep-13
300987,8.157181086115108,32umu7u4,vibrant-sweep-13
309117,8.96042522717179,32umu7u4,vibrant-sweep-13
317243,12.292677008392483,32umu7u4,vibrant-sweep-13
325382,12.289875601968921,32umu7u4,vibrant-sweep-13
333482,6.497740922283674,32umu7u4,vibrant-sweep-13
341608,12.04757275936425,32umu7u4,vibrant-sweep-13
349719,10.000857858488661,32umu7u4,vibrant-sweep-13
357787,12.5706511571863,32umu7u4,vibrant-sweep-13
365888,11.526117883762282,32umu7u4,vibrant-sweep-13
373972,15.621193515660698,32umu7u4,vibrant-sweep-13
382079,18.00705876496561,32umu7u4,vibrant-sweep-13
390156,16.016219447942117,32umu7u4,vibrant-sweep-13
398240,16.974636507676706,32umu7u4,vibrant-sweep-13
406325,15.850951106089491,32umu7u4,vibrant-sweep-13
414402,17.29287788419626,32umu7u4,vibrant-sweep-13
422531,16.259178176518617,32umu7u4,vibrant-sweep-13
430657,17.044857244568114,32umu7u4,vibrant-sweep-13
438764,15.84183652521578,32umu7u4,vibrant-sweep-13
446855,16.776827162402885,32umu7u4,vibrant-sweep-13
454913,17.810309124834088,32umu7u4,vibrant-sweep-13
462964,16.79813101406308,32umu7u4,vibrant-sweep-13
471056,16.169533157234124,32umu7u4,vibrant-sweep-13
479157,16.974528607716955,32umu7u4,vibrant-sweep-13
487236,16.521187731646485,32umu7u4,vibrant-sweep-13
495249,16.008556567189686,32umu7u4,vibrant-sweep-13
503290,15.06255542051072,32umu7u4,vibrant-sweep-13
511375,16.63874243456983,32umu7u4,vibrant-sweep-13
519490,17.076935262013222,32umu7u4,vibrant-sweep-13
527549,16.975446492864236,32umu7u4,vibrant-sweep-13
535628,16.662434432724638,32umu7u4,vibrant-sweep-13
543697,16.096360042882324,32umu7u4,vibrant-sweep-13
551778,13.76447048873447,32umu7u4,vibrant-sweep-13
559878,16.545204721754736,32umu7u4,vibrant-sweep-13
567990,16.90359382394506,32umu7u4,vibrant-sweep-13
576053,16.99547080616261,32umu7u4,vibrant-sweep-13
584130,16.577559360121423,32umu7u4,vibrant-sweep-13
592266,16.5844573376104,32umu7u4,vibrant-sweep-13
600374,16.71623712871071,32umu7u4,vibrant-sweep-13
608503,17.091674837083126,32umu7u4,vibrant-sweep-13
616662,16.09777822273034,32umu7u4,vibrant-sweep-13
624783,17.36502807632059,32umu7u4,vibrant-sweep-13
632915,14.605506936406494,32umu7u4,vibrant-sweep-13
641019,17.318067831217594,32umu7u4,vibrant-sweep-13
649179,17.139676781896668,32umu7u4,vibrant-sweep-13
657318,16.84236078020219,32umu7u4,vibrant-sweep-13
665435,15.210471575789663,32umu7u4,vibrant-sweep-13
673560,17.464142239760402,32umu7u4,vibrant-sweep-13
681701,17.271874613808844,32umu7u4,vibrant-sweep-13
689836,17.231003950161885,32umu7u4,vibrant-sweep-13
697984,16.226334193432344,32umu7u4,vibrant-sweep-13
706143,17.185050935592034,32umu7u4,vibrant-sweep-13
714300,17.323766388389533,32umu7u4,vibrant-sweep-13
722470,16.74024877298087,32umu7u4,vibrant-sweep-13
730621,16.456742848738365,32umu7u4,vibrant-sweep-13
738767,17.98420327639399,32umu7u4,vibrant-sweep-13
746929,17.33862346469676,32umu7u4,vibrant-sweep-13
755109,17.33862346469676,32umu7u4,vibrant-sweep-13
763303,17.084559093041545,32umu7u4,vibrant-sweep-13
771505,16.877720669112165,32umu7u4,vibrant-sweep-13
779687,16.928608082974556,32umu7u4,vibrant-sweep-13
787877,14.198790763396934,32umu7u4,vibrant-sweep-13
796088,15.970489440508533,32umu7u4,vibrant-sweep-13
804254,17.59922205430738,32umu7u4,vibrant-sweep-13
812446,17.08818433226769,32umu7u4,vibrant-sweep-13
820615,17.446460108490513,32umu7u4,vibrant-sweep-13
828828,17.446460108490513,32umu7u4,vibrant-sweep-13
836988,18.09223667928839,32umu7u4,vibrant-sweep-13
845194,18.09223667928839,32umu7u4,vibrant-sweep-13
853376,17.587416900085863,32umu7u4,vibrant-sweep-13
861552,17.45850224341759,32umu7u4,vibrant-sweep-13
869728,17.660365444111797,32umu7u4,vibrant-sweep-13
877936,17.07361483639918,32umu7u4,vibrant-sweep-13
886136,16.764022657154026,32umu7u4,vibrant-sweep-13
894351,17.545552291887798,32umu7u4,vibrant-sweep-13
902546,17.479697476608898,32umu7u4,vibrant-sweep-13
910761,17.77488699243354,32umu7u4,vibrant-sweep-13
918954,17.77488699243354,32umu7u4,vibrant-sweep-13
927149,18.145505249373514,32umu7u4,vibrant-sweep-13
935356,17.77488699243354,32umu7u4,vibrant-sweep-13
943568,17.132855842861137,32umu7u4,vibrant-sweep-13
951780,16.51682377350815,32umu7u4,vibrant-sweep-13
959997,17.70459397089151,32umu7u4,vibrant-sweep-13
968204,17.577659249219558,32umu7u4,vibrant-sweep-13
976435,17.36950660404989,32umu7u4,vibrant-sweep-13
984629,17.431990398688036,32umu7u4,vibrant-sweep-13
992842,16.788654522297964,32umu7u4,vibrant-sweep-13
1001052.0,17.040465499125425,32umu7u4,vibrant-sweep-13
1009253.0,17.040465499125425,32umu7u4,vibrant-sweep-13
1017462.0,18.131454493625323,32umu7u4,vibrant-sweep-13
1025671.0,17.040465499125425,32umu7u4,vibrant-sweep-13
1033878.0,16.648755712019824,32umu7u4,vibrant-sweep-13
1042096.0,17.55306249841838,32umu7u4,vibrant-sweep-13
1050308.0,17.56225492529294,32umu7u4,vibrant-sweep-13
1058533.0,18.593247593762154,32umu7u4,vibrant-sweep-13
1066751.0,17.676531395270093,32umu7u4,vibrant-sweep-13
1074944.0,18.342276027363084,32umu7u4,vibrant-sweep-13
1083146.0,18.552555942335527,32umu7u4,vibrant-sweep-13
1091363.0,18.523395855759862,32umu7u4,vibrant-sweep-13
1099594.0,18.694106715434646,32umu7u4,vibrant-sweep-13
1107818.0,17.621935121322558,32umu7u4,vibrant-sweep-13
8177,-5.587390321264438,qbpvqexz,fresh-sweep-14
16337,-0.5350560310322294,qbpvqexz,fresh-sweep-14
24442,1.6145472992796932,qbpvqexz,fresh-sweep-14
32542,-5.68761803786509,qbpvqexz,fresh-sweep-14
40631,-0.9162275965395625,qbpvqexz,fresh-sweep-14
48714,-1.2105471423395957,qbpvqexz,fresh-sweep-14
56799,11.427734748179608,qbpvqexz,fresh-sweep-14
64826,2.486871037724701,qbpvqexz,fresh-sweep-14
72822,-5.0621940123905915,qbpvqexz,fresh-sweep-14
80751,-0.32141991297351424,qbpvqexz,fresh-sweep-14
88627,7.636706729476069,qbpvqexz,fresh-sweep-14
96598,7.593745545870594,qbpvqexz,fresh-sweep-14
104484,6.1806355390765235,qbpvqexz,fresh-sweep-14
112426,10.055387617200434,qbpvqexz,fresh-sweep-14
120288,2.6812199192979795,qbpvqexz,fresh-sweep-14
128152,11.881817664838136,qbpvqexz,fresh-sweep-14
135974,8.64369967467808,qbpvqexz,fresh-sweep-14
143824,5.5174695199837895,qbpvqexz,fresh-sweep-14
151715,0.9704595979555094,qbpvqexz,fresh-sweep-14
159545,11.027070684558037,qbpvqexz,fresh-sweep-14
167278,7.378346033440058,qbpvqexz,fresh-sweep-14
175121,14.484050855619142,qbpvqexz,fresh-sweep-14
182929,8.633260774328685,qbpvqexz,fresh-sweep-14
190638,7.878946573656921,qbpvqexz,fresh-sweep-14
198523,10.414145601240717,qbpvqexz,fresh-sweep-14
206392,11.777579427907636,qbpvqexz,fresh-sweep-14
214285,13.324054845078518,qbpvqexz,fresh-sweep-14
222122,4.004595211855573,qbpvqexz,fresh-sweep-14
229978,13.857788165663743,qbpvqexz,fresh-sweep-14
237863,16.583250951816108,qbpvqexz,fresh-sweep-14
245702,12.313468337107283,qbpvqexz,fresh-sweep-14
253586,16.542844348818996,qbpvqexz,fresh-sweep-14
261455,14.704427182405135,qbpvqexz,fresh-sweep-14
269367,13.722793459388622,qbpvqexz,fresh-sweep-14
277150,16.018055221778475,qbpvqexz,fresh-sweep-14
284901,14.35588941907396,qbpvqexz,fresh-sweep-14
292770,13.72904401308113,qbpvqexz,fresh-sweep-14
300608,15.478414931821481,qbpvqexz,fresh-sweep-14
308391,15.445382693151492,qbpvqexz,fresh-sweep-14
316188,12.997419474527248,qbpvqexz,fresh-sweep-14
324022,16.104359579380315,qbpvqexz,fresh-sweep-14
331830,13.827879267387644,qbpvqexz,fresh-sweep-14
339620,16.992233360507207,qbpvqexz,fresh-sweep-14
347401,14.609159244470643,qbpvqexz,fresh-sweep-14
355220,15.270714690526415,qbpvqexz,fresh-sweep-14
363073,8.598754226888099,qbpvqexz,fresh-sweep-14
370941,15.438262316615171,qbpvqexz,fresh-sweep-14
378805,15.96722516782076,qbpvqexz,fresh-sweep-14
386631,15.76929668061258,qbpvqexz,fresh-sweep-14
394507,15.813081303312865,qbpvqexz,fresh-sweep-14
402295,16.55953252306299,qbpvqexz,fresh-sweep-14
410202,15.257931257429007,qbpvqexz,fresh-sweep-14
418024,15.684890221348212,qbpvqexz,fresh-sweep-14
425827,15.954239831669497,qbpvqexz,fresh-sweep-14
433684,16.706400393796365,qbpvqexz,fresh-sweep-14
441556,15.706009193343087,qbpvqexz,fresh-sweep-14
449470,11.481372409106896,qbpvqexz,fresh-sweep-14
457339,16.38681916813851,qbpvqexz,fresh-sweep-14
465210,16.499543142020126,qbpvqexz,fresh-sweep-14
473057,16.843921211811583,qbpvqexz,fresh-sweep-14
480962,16.578087668458128,qbpvqexz,fresh-sweep-14
488835,16.639632363337583,qbpvqexz,fresh-sweep-14
496727,14.19338535908189,qbpvqexz,fresh-sweep-14
504623,11.427342057356729,qbpvqexz,fresh-sweep-14
512539,16.639632363337583,qbpvqexz,fresh-sweep-14
520469,15.985291776930826,qbpvqexz,fresh-sweep-14
528411,15.97090426076944,qbpvqexz,fresh-sweep-14
536321,13.668086047398281,qbpvqexz,fresh-sweep-14
544234,15.228385658438361,qbpvqexz,fresh-sweep-14
552121,16.54387809475473,qbpvqexz,fresh-sweep-14
560063,15.385116747789112,qbpvqexz,fresh-sweep-14
567975,13.885850370012733,qbpvqexz,fresh-sweep-14
575930,14.21487181955585,qbpvqexz,fresh-sweep-14
583859,16.693281915050335,qbpvqexz,fresh-sweep-14
591767,14.061977023955922,qbpvqexz,fresh-sweep-14
599677,14.995208453373248,qbpvqexz,fresh-sweep-14
607635,16.593259058273294,qbpvqexz,fresh-sweep-14
615606,16.810471481999123,qbpvqexz,fresh-sweep-14
623601,16.507970141296987,qbpvqexz,fresh-sweep-14
631547,15.842115459090797,qbpvqexz,fresh-sweep-14
639528,16.418014180258588,qbpvqexz,fresh-sweep-14
647543,16.512322606994505,qbpvqexz,fresh-sweep-14
655527,16.355812235574156,qbpvqexz,fresh-sweep-14
663517,16.173462812111293,qbpvqexz,fresh-sweep-14
671520,16.45927267719008,qbpvqexz,fresh-sweep-14
679514,17.00947148092699,qbpvqexz,fresh-sweep-14
687488,14.792560201762905,qbpvqexz,fresh-sweep-14
695510,16.12583549130207,qbpvqexz,fresh-sweep-14
703513,15.698521057626298,qbpvqexz,fresh-sweep-14
711562,14.070253783969225,qbpvqexz,fresh-sweep-14
719632,13.487211887114654,qbpvqexz,fresh-sweep-14
727612,14.41050359264598,qbpvqexz,fresh-sweep-14
735615,16.258181996331096,qbpvqexz,fresh-sweep-14
743613,16.63856340575685,qbpvqexz,fresh-sweep-14
751617,16.551295382371535,qbpvqexz,fresh-sweep-14
759553,15.511160598971383,qbpvqexz,fresh-sweep-14
767436,16.443274976281014,qbpvqexz,fresh-sweep-14
775379,16.472818802874446,qbpvqexz,fresh-sweep-14
783278,15.290380245665059,qbpvqexz,fresh-sweep-14
791190,16.107975637309696,qbpvqexz,fresh-sweep-14
799096,17.032820630023902,qbpvqexz,fresh-sweep-14
807007,16.233184992643977,qbpvqexz,fresh-sweep-14
814915,16.708667535509864,qbpvqexz,fresh-sweep-14
822857,17.093305089347048,qbpvqexz,fresh-sweep-14
830715,16.153624221246552,qbpvqexz,fresh-sweep-14
838601,16.814855416768744,qbpvqexz,fresh-sweep-14
846494,16.82208757097475,qbpvqexz,fresh-sweep-14
854383,16.748809683773,qbpvqexz,fresh-sweep-14
862297,16.768204354400655,qbpvqexz,fresh-sweep-14
870197,17.204005799054926,qbpvqexz,fresh-sweep-14
878094,17.293869834580132,qbpvqexz,fresh-sweep-14
885977,17.160271239708127,qbpvqexz,fresh-sweep-14
893873,17.204005799054926,qbpvqexz,fresh-sweep-14
901751,17.204005799054926,qbpvqexz,fresh-sweep-14
909658,17.05077448434011,qbpvqexz,fresh-sweep-14
917578,17.05077448434011,qbpvqexz,fresh-sweep-14
925513,17.199700642807763,qbpvqexz,fresh-sweep-14
933448,17.05077448434011,qbpvqexz,fresh-sweep-14
941369,17.199700642807763,qbpvqexz,fresh-sweep-14
949302,17.199990995845816,qbpvqexz,fresh-sweep-14
957222,16.871609733763286,qbpvqexz,fresh-sweep-14
965157,17.354564021544043,qbpvqexz,fresh-sweep-14
973066,17.16574261911486,qbpvqexz,fresh-sweep-14
980999,17.426886869636462,qbpvqexz,fresh-sweep-14
988921,17.426886869636462,qbpvqexz,fresh-sweep-14
996793,17.50843931043527,qbpvqexz,fresh-sweep-14
1004682.0,17.50843931043527,qbpvqexz,fresh-sweep-14
1012567.0,17.50843931043527,qbpvqexz,fresh-sweep-14
1020391.0,17.50843931043527,qbpvqexz,fresh-sweep-14
1028282.0,17.50843931043527,qbpvqexz,fresh-sweep-14
1036163.0,17.50843931043527,qbpvqexz,fresh-sweep-14
1044072.0,17.50843931043527,qbpvqexz,fresh-sweep-14
1051919.0,17.50843931043527,qbpvqexz,fresh-sweep-14
1059789.0,17.50843931043527,qbpvqexz,fresh-sweep-14
1067665.0,17.50843931043527,qbpvqexz,fresh-sweep-14
1075531.0,17.50843931043527,qbpvqexz,fresh-sweep-14
8200,3.8972568171847,kiep4v4y,stoic-sweep-15
16352,9.329874063222324,kiep4v4y,stoic-sweep-15
24523,6.769075490275644,kiep4v4y,stoic-sweep-15
32698,5.76344222363048,kiep4v4y,stoic-sweep-15
40853,7.957723005521504,kiep4v4y,stoic-sweep-15
49052,-4.059958880740043,kiep4v4y,stoic-sweep-15
57256,9.69437943525214,kiep4v4y,stoic-sweep-15
65469,6.055101451153882,kiep4v4y,stoic-sweep-15
73666,5.1563991665623945,kiep4v4y,stoic-sweep-15
81865,5.2907190619727205,kiep4v4y,stoic-sweep-15
90054,11.800845614069079,kiep4v4y,stoic-sweep-15
98237,0.6509853776653438,kiep4v4y,stoic-sweep-15
106424,8.041250390232605,kiep4v4y,stoic-sweep-15
114618,11.686000778969339,kiep4v4y,stoic-sweep-15
122775,2.621249580085109,kiep4v4y,stoic-sweep-15
130938,8.441925912887603,kiep4v4y,stoic-sweep-15
139112,2.719597348860481,kiep4v4y,stoic-sweep-15
147310,-1.3942502377200268,kiep4v4y,stoic-sweep-15
155509,6.661798323512507,kiep4v4y,stoic-sweep-15
163733,2.666598434636273,kiep4v4y,stoic-sweep-15
171929,5.973235897590439,kiep4v4y,stoic-sweep-15
180118,6.972047462836386,kiep4v4y,stoic-sweep-15
188301,-7.575834444642284,kiep4v4y,stoic-sweep-15
196500,7.120783305848083,kiep4v4y,stoic-sweep-15
204699,10.659037276503932,kiep4v4y,stoic-sweep-15
212854,5.984770200552683,kiep4v4y,stoic-sweep-15
221023,12.401824718202201,kiep4v4y,stoic-sweep-15
229166,4.602824750252539,kiep4v4y,stoic-sweep-15
237324,10.681733864477248,kiep4v4y,stoic-sweep-15
245474,8.113694118466626,kiep4v4y,stoic-sweep-15
253642,7.162182069194945,kiep4v4y,stoic-sweep-15
261792,6.726727205181227,kiep4v4y,stoic-sweep-15
269963,8.357633764751537,kiep4v4y,stoic-sweep-15
278090,2.1708773091086067,kiep4v4y,stoic-sweep-15
286295,6.1708239107477025,kiep4v4y,stoic-sweep-15
294489,5.7737658987265785,kiep4v4y,stoic-sweep-15
302649,15.739240363121542,kiep4v4y,stoic-sweep-15
310834,9.528925282198038,kiep4v4y,stoic-sweep-15
319022,4.9404046130277,kiep4v4y,stoic-sweep-15
327236,10.023744803079268,kiep4v4y,stoic-sweep-15
335379,4.801078831783463,kiep4v4y,stoic-sweep-15
343566,6.3579111155591175,kiep4v4y,stoic-sweep-15
351757,9.66185749275867,kiep4v4y,stoic-sweep-15
359919,4.432573982547798,kiep4v4y,stoic-sweep-15
368110,5.27192541877248,kiep4v4y,stoic-sweep-15
376276,6.885695847398564,kiep4v4y,stoic-sweep-15
384429,8.11832119019606,kiep4v4y,stoic-sweep-15
392604,6.9908900295299246,kiep4v4y,stoic-sweep-15
400758,4.198209536403201,kiep4v4y,stoic-sweep-15
408924,10.837601694156763,kiep4v4y,stoic-sweep-15
417097,8.430094487284668,kiep4v4y,stoic-sweep-15
425252,9.727812843207763,kiep4v4y,stoic-sweep-15
433421,10.44585911165024,kiep4v4y,stoic-sweep-15
441592,14.244207580004996,kiep4v4y,stoic-sweep-15
449785,10.200121586584212,kiep4v4y,stoic-sweep-15
457941,5.692538541268571,kiep4v4y,stoic-sweep-15
466175,8.787889981505755,kiep4v4y,stoic-sweep-15
474364,11.852137322836771,kiep4v4y,stoic-sweep-15
482543,9.01309060662944,kiep4v4y,stoic-sweep-15
490721,11.191925702795492,kiep4v4y,stoic-sweep-15
498904,12.352240090767221,kiep4v4y,stoic-sweep-15
507071,12.211129006615863,kiep4v4y,stoic-sweep-15
515241,15.059549627528378,kiep4v4y,stoic-sweep-15
523448,11.531359085885075,kiep4v4y,stoic-sweep-15
531613,11.968066246255615,kiep4v4y,stoic-sweep-15
539782,10.490820957445411,kiep4v4y,stoic-sweep-15
547938,14.2699680674511,kiep4v4y,stoic-sweep-15
556073,13.2361395841756,kiep4v4y,stoic-sweep-15
564268,11.988320724408554,kiep4v4y,stoic-sweep-15
572427,10.438615457531814,kiep4v4y,stoic-sweep-15
580611,10.259442549977582,kiep4v4y,stoic-sweep-15
588801,14.966453806642107,kiep4v4y,stoic-sweep-15
596884,14.906654870349678,kiep4v4y,stoic-sweep-15
605031,16.381004774861346,kiep4v4y,stoic-sweep-15
613127,15.074617870003118,kiep4v4y,stoic-sweep-15
621253,13.768453064405923,kiep4v4y,stoic-sweep-15
629356,15.943961055011608,kiep4v4y,stoic-sweep-15
637443,11.178809333267585,kiep4v4y,stoic-sweep-15
645498,14.976100419073566,kiep4v4y,stoic-sweep-15
653623,14.009669280628344,kiep4v4y,stoic-sweep-15
661730,14.486339321904177,kiep4v4y,stoic-sweep-15
669851,13.70870177475749,kiep4v4y,stoic-sweep-15
677949,14.077997270292425,kiep4v4y,stoic-sweep-15
686065,15.603638345493403,kiep4v4y,stoic-sweep-15
694167,15.058670150313423,kiep4v4y,stoic-sweep-15
702288,15.36078062979075,kiep4v4y,stoic-sweep-15
710397,15.614989219875156,kiep4v4y,stoic-sweep-15
718512,15.435355437690191,kiep4v4y,stoic-sweep-15
726665,15.935988351410739,kiep4v4y,stoic-sweep-15
734785,15.21981435619669,kiep4v4y,stoic-sweep-15
742908,14.91149068113125,kiep4v4y,stoic-sweep-15
751046,16.07237685362329,kiep4v4y,stoic-sweep-15
759145,16.582413540399234,kiep4v4y,stoic-sweep-15
767308,16.6527843259086,kiep4v4y,stoic-sweep-15
775447,14.345204904037615,kiep4v4y,stoic-sweep-15
783572,16.17800744515326,kiep4v4y,stoic-sweep-15
791701,13.530663154640703,kiep4v4y,stoic-sweep-15
799828,15.235926640721823,kiep4v4y,stoic-sweep-15
807965,15.254508902667997,kiep4v4y,stoic-sweep-15
816099,15.203917493997158,kiep4v4y,stoic-sweep-15
824235,16.290025422976733,kiep4v4y,stoic-sweep-15
832364,15.203917493997158,kiep4v4y,stoic-sweep-15
840487,15.639704303904931,kiep4v4y,stoic-sweep-15
848630,14.810518098975672,kiep4v4y,stoic-sweep-15
856766,15.500470555469807,kiep4v4y,stoic-sweep-15
864903,15.960593432976523,kiep4v4y,stoic-sweep-15
873073,15.478977804405488,kiep4v4y,stoic-sweep-15
881224,15.350418982279667,kiep4v4y,stoic-sweep-15
889330,15.368128386780816,kiep4v4y,stoic-sweep-15
897459,15.269024642477083,kiep4v4y,stoic-sweep-15
905614,15.616985279419259,kiep4v4y,stoic-sweep-15
913765,15.422562347489094,kiep4v4y,stoic-sweep-15
921866,15.675823527678148,kiep4v4y,stoic-sweep-15
930064,15.790881443683986,kiep4v4y,stoic-sweep-15
938213,15.422562347489094,kiep4v4y,stoic-sweep-15
946402,15.422562347489094,kiep4v4y,stoic-sweep-15
954559,14.116741202527459,kiep4v4y,stoic-sweep-15
962728,13.340769214950186,kiep4v4y,stoic-sweep-15
970927,15.422562347489094,kiep4v4y,stoic-sweep-15
979114,15.415369321711083,kiep4v4y,stoic-sweep-15
987296,12.095221633834608,kiep4v4y,stoic-sweep-15
995438,15.015164824116534,kiep4v4y,stoic-sweep-15
1003637.0,15.069507496352994,kiep4v4y,stoic-sweep-15
1011812.0,15.005286510956996,kiep4v4y,stoic-sweep-15
1019970.0,16.0458467115377,kiep4v4y,stoic-sweep-15
1028181.0,15.244154215328052,kiep4v4y,stoic-sweep-15
1036350.0,15.005286510956996,kiep4v4y,stoic-sweep-15
1044536.0,15.005286510956996,kiep4v4y,stoic-sweep-15
1052717.0,13.638128028103589,kiep4v4y,stoic-sweep-15
1060912.0,15.005286510956996,kiep4v4y,stoic-sweep-15
1069108.0,15.160821736553146,kiep4v4y,stoic-sweep-15
1077310.0,14.378846974869337,kiep4v4y,stoic-sweep-15
1085501.0,14.144655802691403,kiep4v4y,stoic-sweep-15
1093705.0,15.33522335692191,kiep4v4y,stoic-sweep-15
1101919.0,15.431479049767095,kiep4v4y,stoic-sweep-15
1110068.0,15.431479049767095,kiep4v4y,stoic-sweep-15
8232,-5.077072199113074,zucf76ma,light-sweep-16
16474,-3.108476436381988,zucf76ma,light-sweep-16
24685,4.107665419465773,zucf76ma,light-sweep-16
32899,7.835966193213482,zucf76ma,light-sweep-16
41073,0.5776866328349068,zucf76ma,light-sweep-16
49287,-6.1761658225248555,zucf76ma,light-sweep-16
57479,6.786375124823981,zucf76ma,light-sweep-16
65634,8.887687080038784,zucf76ma,light-sweep-16
73825,2.470437844130024,zucf76ma,light-sweep-16
81969,6.572579189611355,zucf76ma,light-sweep-16
90100,-8.470062308595477,zucf76ma,light-sweep-16
98246,7.684573843622738,zucf76ma,light-sweep-16
106422,1.8437746509596777,zucf76ma,light-sweep-16
114567,-1.6499567643413229,zucf76ma,light-sweep-16
122665,10.804966952610943,zucf76ma,light-sweep-16
130798,7.493477890434553,zucf76ma,light-sweep-16
138940,12.17379769849368,zucf76ma,light-sweep-16
147051,11.205636451084596,zucf76ma,light-sweep-16
155158,9.231503498892707,zucf76ma,light-sweep-16
163293,1.406952784114064,zucf76ma,light-sweep-16
171388,7.7674860473375436,zucf76ma,light-sweep-16
179508,9.112166704332395,zucf76ma,light-sweep-16
187682,7.566868819210555,zucf76ma,light-sweep-16
195816,9.358102645756937,zucf76ma,light-sweep-16
203954,8.385004208863757,zucf76ma,light-sweep-16
212126,12.038171921767347,zucf76ma,light-sweep-16
220321,7.697095407676545,zucf76ma,light-sweep-16
228465,5.92982330448735,zucf76ma,light-sweep-16
236652,6.587119463730001,zucf76ma,light-sweep-16
244792,2.266474324539367,zucf76ma,light-sweep-16
252930,9.214895459534327,zucf76ma,light-sweep-16
261096,10.047879576019387,zucf76ma,light-sweep-16
269226,6.719404182452737,zucf76ma,light-sweep-16
277380,9.64141447943638,zucf76ma,light-sweep-16
285554,11.518860037999449,zucf76ma,light-sweep-16
293720,6.301805153349131,zucf76ma,light-sweep-16
301920,6.846050534486371,zucf76ma,light-sweep-16
310057,9.678191297200469,zucf76ma,light-sweep-16
318241,11.398506899261573,zucf76ma,light-sweep-16
326382,7.73740815143766,zucf76ma,light-sweep-16
334507,6.613732576585681,zucf76ma,light-sweep-16
342657,10.342405492473594,zucf76ma,light-sweep-16
350776,7.24971438528936,zucf76ma,light-sweep-16
358948,9.5655822039388,zucf76ma,light-sweep-16
367122,10.679579353736788,zucf76ma,light-sweep-16
375302,11.544687790437417,zucf76ma,light-sweep-16
383485,7.4197725075566385,zucf76ma,light-sweep-16
391671,11.066432938440506,zucf76ma,light-sweep-16
399878,13.424758084300823,zucf76ma,light-sweep-16
408077,5.7584559406422615,zucf76ma,light-sweep-16
416279,12.89279677322285,zucf76ma,light-sweep-16
424438,6.610063781383465,zucf76ma,light-sweep-16
432636,9.717502763997894,zucf76ma,light-sweep-16
440805,11.542721875256143,zucf76ma,light-sweep-16
448984,11.050208484517285,zucf76ma,light-sweep-16
457165,11.834853446085583,zucf76ma,light-sweep-16
465361,10.413178829144725,zucf76ma,light-sweep-16
473521,7.006922623620892,zucf76ma,light-sweep-16
481721,9.064889214467115,zucf76ma,light-sweep-16
489899,12.398574118635961,zucf76ma,light-sweep-16
498129,8.645307863649938,zucf76ma,light-sweep-16
506319,10.690072326159648,zucf76ma,light-sweep-16
514531,12.65717732711742,zucf76ma,light-sweep-16
522755,12.812163785487536,zucf76ma,light-sweep-16
530969,12.891230547586435,zucf76ma,light-sweep-16
539181,11.118964767990706,zucf76ma,light-sweep-16
547388,12.03794883734625,zucf76ma,light-sweep-16
555601,11.640037351163967,zucf76ma,light-sweep-16
563815,16.273519686826994,zucf76ma,light-sweep-16
572050,15.509339886208727,zucf76ma,light-sweep-16
580238,14.71843752317248,zucf76ma,light-sweep-16
588473,16.769705231946414,zucf76ma,light-sweep-16
596695,15.754597262625172,zucf76ma,light-sweep-16
604922,15.489790656155801,zucf76ma,light-sweep-16
613108,15.377454149964375,zucf76ma,light-sweep-16
621336,16.896958852403586,zucf76ma,light-sweep-16
629555,16.400513508221476,zucf76ma,light-sweep-16
637766,15.45953616263434,zucf76ma,light-sweep-16
645984,15.896774631318163,zucf76ma,light-sweep-16
654193,15.768427548122329,zucf76ma,light-sweep-16
662411,16.146992625298964,zucf76ma,light-sweep-16
670626,15.49764721969641,zucf76ma,light-sweep-16
678841,16.233376311601333,zucf76ma,light-sweep-16
687034,16.830080675316726,zucf76ma,light-sweep-16
695254,16.35681784866157,zucf76ma,light-sweep-16
703474,16.39726952071282,zucf76ma,light-sweep-16
711691,14.981720888012243,zucf76ma,light-sweep-16
719901,15.204176855116529,zucf76ma,light-sweep-16
728140,15.623550386674157,zucf76ma,light-sweep-16
736411,16.370778878333862,zucf76ma,light-sweep-16
744646,14.6368242560476,zucf76ma,light-sweep-16
752885,14.385225900984745,zucf76ma,light-sweep-16
761122,15.56571192022534,zucf76ma,light-sweep-16
769364,16.27033139419602,zucf76ma,light-sweep-16
777641,16.19407424911325,zucf76ma,light-sweep-16
785912,17.177444170273667,zucf76ma,light-sweep-16
794187,15.848745361479974,zucf76ma,light-sweep-16
802471,15.794279007140947,zucf76ma,light-sweep-16
810751,16.634586284210894,zucf76ma,light-sweep-16
819009,16.154499171097896,zucf76ma,light-sweep-16
827293,17.11681903884416,zucf76ma,light-sweep-16
835582,16.94753332676334,zucf76ma,light-sweep-16
843861,17.51281405039172,zucf76ma,light-sweep-16
852147,17.00940617742616,zucf76ma,light-sweep-16
860421,16.121486457400305,zucf76ma,light-sweep-16
868711,17.435517287402114,zucf76ma,light-sweep-16
876994,17.641575006408903,zucf76ma,light-sweep-16
885291,16.77836683277056,zucf76ma,light-sweep-16
893552,17.352588449220963,zucf76ma,light-sweep-16
901838,17.020971755547684,zucf76ma,light-sweep-16
910122,17.536981788319547,zucf76ma,light-sweep-16
918407,17.406386465152714,zucf76ma,light-sweep-16
926677,17.406386465152714,zucf76ma,light-sweep-16
934958,17.558857410277522,zucf76ma,light-sweep-16
943219,17.406386465152714,zucf76ma,light-sweep-16
951484,17.406386465152714,zucf76ma,light-sweep-16
959741,17.406386465152714,zucf76ma,light-sweep-16
968003,17.66585429180873,zucf76ma,light-sweep-16
976271,17.66585429180873,zucf76ma,light-sweep-16
984552,17.43075966591436,zucf76ma,light-sweep-16
992840,17.66585429180873,zucf76ma,light-sweep-16
1001119.0,17.66585429180873,zucf76ma,light-sweep-16
1009407.0,17.66585429180873,zucf76ma,light-sweep-16
1017703.0,17.626973549190968,zucf76ma,light-sweep-16
1026003.0,18.19293080603043,zucf76ma,light-sweep-16
1034298.0,18.079782848326975,zucf76ma,light-sweep-16
1042593.0,18.19293080603043,zucf76ma,light-sweep-16
1050903.0,18.19293080603043,zucf76ma,light-sweep-16
1059220.0,18.19293080603043,zucf76ma,light-sweep-16
1067536.0,18.19293080603043,zucf76ma,light-sweep-16
1075842.0,18.19293080603043,zucf76ma,light-sweep-16
1084162.0,18.19293080603043,zucf76ma,light-sweep-16
1092479.0,18.19293080603043,zucf76ma,light-sweep-16
1100790.0,18.19293080603043,zucf76ma,light-sweep-16
1109110.0,18.19293080603043,zucf76ma,light-sweep-16
1117430.0,18.19293080603043,zucf76ma,light-sweep-16
8155,1.4371249954909833,maujbf23,generous-sweep-17
16346,-1.5449157174693728,maujbf23,generous-sweep-17
24555,-0.8116129783995036,maujbf23,generous-sweep-17
32717,10.171366232469401,maujbf23,generous-sweep-17
40906,-2.762917191441074,maujbf23,generous-sweep-17
49061,7.34947103741373,maujbf23,generous-sweep-17
57274,-0.5359582781325156,maujbf23,generous-sweep-17
65418,3.099264824170812,maujbf23,generous-sweep-17
73555,4.3282127102004875,maujbf23,generous-sweep-17
81702,7.312121203341119,maujbf23,generous-sweep-17
89879,6.738999042471176,maujbf23,generous-sweep-17
98040,5.414562644494521,maujbf23,generous-sweep-17
106224,3.874009683157793,maujbf23,generous-sweep-17
114374,7.371116109289656,maujbf23,generous-sweep-17
122503,9.451065980863058,maujbf23,generous-sweep-17
130650,7.4339676984054766,maujbf23,generous-sweep-17
138780,9.508994399008419,maujbf23,generous-sweep-17
146950,9.37945545493649,maujbf23,generous-sweep-17
155073,13.87547039833187,maujbf23,generous-sweep-17
163215,7.7270396847229765,maujbf23,generous-sweep-17
171324,4.221290532357018,maujbf23,generous-sweep-17
179422,8.10158065311574,maujbf23,generous-sweep-17
187553,10.131320414714017,maujbf23,generous-sweep-17
195654,6.180290680973004,maujbf23,generous-sweep-17
203735,4.9609352502658695,maujbf23,generous-sweep-17
211817,3.7363083345005945,maujbf23,generous-sweep-17
219882,14.402296914303502,maujbf23,generous-sweep-17
227899,10.794980382958405,maujbf23,generous-sweep-17
235914,11.667229314573488,maujbf23,generous-sweep-17
243843,8.40417813362977,maujbf23,generous-sweep-17
251843,6.3160575400789245,maujbf23,generous-sweep-17
259815,11.545796841666824,maujbf23,generous-sweep-17
267719,11.053314281217382,maujbf23,generous-sweep-17
275653,13.574224670467519,maujbf23,generous-sweep-17
283637,9.952238441685568,maujbf23,generous-sweep-17
291628,12.972500022244251,maujbf23,generous-sweep-17
299679,13.735150358962624,maujbf23,generous-sweep-17
307692,12.243016595280377,maujbf23,generous-sweep-17
315719,2.9431723113853683,maujbf23,generous-sweep-17
323737,12.89937403643163,maujbf23,generous-sweep-17
331753,13.797443979746669,maujbf23,generous-sweep-17
339798,5.409466127371441,maujbf23,generous-sweep-17
347849,4.963090417456153,maujbf23,generous-sweep-17
355902,8.805103593820807,maujbf23,generous-sweep-17
363916,8.742057516678992,maujbf23,generous-sweep-17
372006,9.575144359870489,maujbf23,generous-sweep-17
380047,13.514063470331184,maujbf23,generous-sweep-17
388096,13.284805618251223,maujbf23,generous-sweep-17
396209,11.448257927816213,maujbf23,generous-sweep-17
404270,11.628745437719102,maujbf23,generous-sweep-17
412334,13.166488848597428,maujbf23,generous-sweep-17
420390,14.412609519054012,maujbf23,generous-sweep-17
428461,13.90448521899549,maujbf23,generous-sweep-17
436536,14.478734397309307,maujbf23,generous-sweep-17
444613,13.509547438539107,maujbf23,generous-sweep-17
452744,14.327484272584249,maujbf23,generous-sweep-17
460840,13.206528059652811,maujbf23,generous-sweep-17
468963,13.92042395341116,maujbf23,generous-sweep-17
477083,13.127616504026031,maujbf23,generous-sweep-17
485190,12.802784859139413,maujbf23,generous-sweep-17
493304,13.886669654356268,maujbf23,generous-sweep-17
501436,11.508278292679819,maujbf23,generous-sweep-17
509490,11.54249899736656,maujbf23,generous-sweep-17
517580,14.452320424280154,maujbf23,generous-sweep-17
525674,15.276098549051614,maujbf23,generous-sweep-17
533742,14.104051640076472,maujbf23,generous-sweep-17
541809,14.36859152629342,maujbf23,generous-sweep-17
549850,14.711060888788358,maujbf23,generous-sweep-17
557890,14.624900017482474,maujbf23,generous-sweep-17
565928,12.579929996741225,maujbf23,generous-sweep-17
574012,14.590429316383725,maujbf23,generous-sweep-17
582094,13.350581856701803,maujbf23,generous-sweep-17
590126,14.424583365298304,maujbf23,generous-sweep-17
598134,16.94159938644041,maujbf23,generous-sweep-17
606202,15.876911398142738,maujbf23,generous-sweep-17
614291,15.206315141885273,maujbf23,generous-sweep-17
622412,15.42014848497125,maujbf23,generous-sweep-17
630536,15.098981621400052,maujbf23,generous-sweep-17
638692,15.290786204441734,maujbf23,generous-sweep-17
646806,15.283847361211354,maujbf23,generous-sweep-17
654907,14.89801176974645,maujbf23,generous-sweep-17
663014,17.32708032882477,maujbf23,generous-sweep-17
671133,14.416739999102637,maujbf23,generous-sweep-17
679221,16.479528791093585,maujbf23,generous-sweep-17
687376,16.062878672541906,maujbf23,generous-sweep-17
695513,15.507011170044132,maujbf23,generous-sweep-17
703627,15.31609330765016,maujbf23,generous-sweep-17
711761,15.537885061741486,maujbf23,generous-sweep-17
719891,16.753095088362304,maujbf23,generous-sweep-17
728031,16.76382110652951,maujbf23,generous-sweep-17
736163,16.08221816084866,maujbf23,generous-sweep-17
744312,16.07053143384572,maujbf23,generous-sweep-17
752411,15.44003468607787,maujbf23,generous-sweep-17
760511,16.005467909948738,maujbf23,generous-sweep-17
768592,16.979076027153617,maujbf23,generous-sweep-17
776722,14.673297621866647,maujbf23,generous-sweep-17
784886,15.478457222858946,maujbf23,generous-sweep-17
792988,15.704738557095942,maujbf23,generous-sweep-17
801124,16.990012661685142,maujbf23,generous-sweep-17
809246,16.751647942078534,maujbf23,generous-sweep-17
817380,15.584394686908231,maujbf23,generous-sweep-17
825493,16.303616469986892,maujbf23,generous-sweep-17
833620,16.798146538832416,maujbf23,generous-sweep-17
841805,16.494657265489767,maujbf23,generous-sweep-17
849963,15.790584053038486,maujbf23,generous-sweep-17
858119,17.117584650057598,maujbf23,generous-sweep-17
866264,15.516519737127535,maujbf23,generous-sweep-17
874427,16.875963758922328,maujbf23,generous-sweep-17
882628,15.478973785480528,maujbf23,generous-sweep-17
890787,16.238033354739237,maujbf23,generous-sweep-17
898954,15.833620585898327,maujbf23,generous-sweep-17
907114,17.10046614141557,maujbf23,generous-sweep-17
915297,16.897178458671284,maujbf23,generous-sweep-17
923460,17.01091600316872,maujbf23,generous-sweep-17
931608,16.87358488857665,maujbf23,generous-sweep-17
939778,17.071145561098668,maujbf23,generous-sweep-17
947969,15.2498403625459,maujbf23,generous-sweep-17
956163,16.381861861482527,maujbf23,generous-sweep-17
964329,17.50724146964287,maujbf23,generous-sweep-17
972507,17.16735507978188,maujbf23,generous-sweep-17
980682,17.184273277876365,maujbf23,generous-sweep-17
988839,16.988225645062695,maujbf23,generous-sweep-17
997031,17.18858342877538,maujbf23,generous-sweep-17
1005179.0,17.463717984490962,maujbf23,generous-sweep-17
1013329.0,17.650259196297917,maujbf23,generous-sweep-17
1021475.0,17.36631889873568,maujbf23,generous-sweep-17
1029627.0,17.43756305600376,maujbf23,generous-sweep-17
1037749.0,17.50606145494126,maujbf23,generous-sweep-17
1045909.0,17.416093330549295,maujbf23,generous-sweep-17
1054045.0,18.014224896133044,maujbf23,generous-sweep-17
1062255.0,17.727884111651974,maujbf23,generous-sweep-17
1070441.0,17.727884111651974,maujbf23,generous-sweep-17
1078617.0,16.633999243444777,maujbf23,generous-sweep-17
1086794.0,16.92526895018884,maujbf23,generous-sweep-17
1094973.0,18.06316633273483,maujbf23,generous-sweep-17
1103158.0,17.662671269071005,maujbf23,generous-sweep-17
8172,4.81588074118778,e7pq0ucx,sweepy-sweep-18
16355,2.5877774687541555,e7pq0ucx,sweepy-sweep-18
24515,8.335707234058741,e7pq0ucx,sweepy-sweep-18
32720,3.2550829885108072,e7pq0ucx,sweepy-sweep-18
40884,-0.15634102818479073,e7pq0ucx,sweepy-sweep-18
49102,0.4640174035374839,e7pq0ucx,sweepy-sweep-18
57276,5.827334360048306,e7pq0ucx,sweepy-sweep-18
65459,7.877969079397171,e7pq0ucx,sweepy-sweep-18
73671,9.884863905958039,e7pq0ucx,sweepy-sweep-18
81860,2.2206036792247086,e7pq0ucx,sweepy-sweep-18
90070,7.372345491604923,e7pq0ucx,sweepy-sweep-18
98295,6.408766711782059,e7pq0ucx,sweepy-sweep-18
106463,0.3898601103671394,e7pq0ucx,sweepy-sweep-18
114687,2.9842454769261635,e7pq0ucx,sweepy-sweep-18
122894,1.7463019282983805,e7pq0ucx,sweepy-sweep-18
131068,4.430015549196317,e7pq0ucx,sweepy-sweep-18
139258,3.9719846992248407,e7pq0ucx,sweepy-sweep-18
147465,4.95386373266439,e7pq0ucx,sweepy-sweep-18
155672,5.838985742594138,e7pq0ucx,sweepy-sweep-18
163876,5.71431796402357,e7pq0ucx,sweepy-sweep-18
172092,-5.846856253929675,e7pq0ucx,sweepy-sweep-18
180297,-1.8418888428199505,e7pq0ucx,sweepy-sweep-18
188498,10.237352007001963,e7pq0ucx,sweepy-sweep-18
196745,7.303203208014956,e7pq0ucx,sweepy-sweep-18
204963,2.0269109308965803,e7pq0ucx,sweepy-sweep-18
213146,4.275951382189992,e7pq0ucx,sweepy-sweep-18
221359,7.579448504627879,e7pq0ucx,sweepy-sweep-18
229566,9.159359041345574,e7pq0ucx,sweepy-sweep-18
237781,9.208082382812218,e7pq0ucx,sweepy-sweep-18
245978,3.399014059865445,e7pq0ucx,sweepy-sweep-18
254195,12.650948539858884,e7pq0ucx,sweepy-sweep-18
262430,12.899903324810044,e7pq0ucx,sweepy-sweep-18
270587,12.445277921053888,e7pq0ucx,sweepy-sweep-18
278721,14.503879239717634,e7pq0ucx,sweepy-sweep-18
286874,16.686966407713136,e7pq0ucx,sweepy-sweep-18
295019,12.398359786801526,e7pq0ucx,sweepy-sweep-18
303145,13.482326589017394,e7pq0ucx,sweepy-sweep-18
311335,11.362261266802788,e7pq0ucx,sweepy-sweep-18
319465,14.199312092366478,e7pq0ucx,sweepy-sweep-18
327613,12.457932254214933,e7pq0ucx,sweepy-sweep-18
335771,11.465015228633945,e7pq0ucx,sweepy-sweep-18
343921,13.967955514309583,e7pq0ucx,sweepy-sweep-18
352103,12.481966926698899,e7pq0ucx,sweepy-sweep-18
360238,11.565547278580983,e7pq0ucx,sweepy-sweep-18
368338,12.504965124834067,e7pq0ucx,sweepy-sweep-18
376455,14.958119433776096,e7pq0ucx,sweepy-sweep-18
384615,14.605662894265274,e7pq0ucx,sweepy-sweep-18
392769,12.200603058130604,e7pq0ucx,sweepy-sweep-18
400917,11.365199000103797,e7pq0ucx,sweepy-sweep-18
409067,14.997763096679018,e7pq0ucx,sweepy-sweep-18
417218,14.72158607816975,e7pq0ucx,sweepy-sweep-18
425366,13.646520376093486,e7pq0ucx,sweepy-sweep-18
433513,15.100177734595249,e7pq0ucx,sweepy-sweep-18
441685,15.654385660573855,e7pq0ucx,sweepy-sweep-18
449901,12.873690249378388,e7pq0ucx,sweepy-sweep-18
458107,13.661949900292404,e7pq0ucx,sweepy-sweep-18
466297,13.332703520991327,e7pq0ucx,sweepy-sweep-18
474511,15.140714188902908,e7pq0ucx,sweepy-sweep-18
482700,12.732615754695368,e7pq0ucx,sweepy-sweep-18
490868,15.040314610504419,e7pq0ucx,sweepy-sweep-18
499028,12.910490757571228,e7pq0ucx,sweepy-sweep-18
507199,13.871680009756298,e7pq0ucx,sweepy-sweep-18
515356,12.987661059096078,e7pq0ucx,sweepy-sweep-18
523537,17.632773634309782,e7pq0ucx,sweepy-sweep-18
531721,12.77731036076149,e7pq0ucx,sweepy-sweep-18
539912,14.319320481394962,e7pq0ucx,sweepy-sweep-18
548100,14.683378268310694,e7pq0ucx,sweepy-sweep-18
556265,15.041773375678488,e7pq0ucx,sweepy-sweep-18
564444,16.384638235732236,e7pq0ucx,sweepy-sweep-18
572630,15.0738390226825,e7pq0ucx,sweepy-sweep-18
580864,16.060415217458818,e7pq0ucx,sweepy-sweep-18
589061,13.89129845936517,e7pq0ucx,sweepy-sweep-18
597279,12.64095223097096,e7pq0ucx,sweepy-sweep-18
605466,11.791283588883582,e7pq0ucx,sweepy-sweep-18
613624,13.721073745787407,e7pq0ucx,sweepy-sweep-18
621826,13.972073155843546,e7pq0ucx,sweepy-sweep-18
629991,14.271920645105416,e7pq0ucx,sweepy-sweep-18
638151,14.532303840659988,e7pq0ucx,sweepy-sweep-18
646360,13.44739438730212,e7pq0ucx,sweepy-sweep-18
654543,12.10377013992599,e7pq0ucx,sweepy-sweep-18
662754,14.227843958843852,e7pq0ucx,sweepy-sweep-18
670900,9.730202918560183,e7pq0ucx,sweepy-sweep-18
679110,15.298505687891511,e7pq0ucx,sweepy-sweep-18
687296,14.34914239115135,e7pq0ucx,sweepy-sweep-18
695481,8.149661909330465,e7pq0ucx,sweepy-sweep-18
703661,14.428513777971057,e7pq0ucx,sweepy-sweep-18
711865,12.42042874602355,e7pq0ucx,sweepy-sweep-18
720044,14.879606499272873,e7pq0ucx,sweepy-sweep-18
728227,8.393716603614612,e7pq0ucx,sweepy-sweep-18
736386,13.024772535789007,e7pq0ucx,sweepy-sweep-18
744570,16.196230319579154,e7pq0ucx,sweepy-sweep-18
752748,13.314263488620309,e7pq0ucx,sweepy-sweep-18
760953,13.62689622225336,e7pq0ucx,sweepy-sweep-18
769118,15.386835269280713,e7pq0ucx,sweepy-sweep-18
777320,14.453276402936874,e7pq0ucx,sweepy-sweep-18
785527,10.883729302330217,e7pq0ucx,sweepy-sweep-18
793664,14.904628757224495,e7pq0ucx,sweepy-sweep-18
801788,8.873132916354152,e7pq0ucx,sweepy-sweep-18
809919,17.0452458143577,e7pq0ucx,sweepy-sweep-18
817923,13.165048098018085,e7pq0ucx,sweepy-sweep-18
825956,15.853926530111128,e7pq0ucx,sweepy-sweep-18
833899,17.625569780161207,e7pq0ucx,sweepy-sweep-18
841823,15.441014841038717,e7pq0ucx,sweepy-sweep-18
849654,13.9525823795944,e7pq0ucx,sweepy-sweep-18
857520,17.83734584547593,e7pq0ucx,sweepy-sweep-18
865319,15.93056488419,e7pq0ucx,sweepy-sweep-18
873141,16.798158685680598,e7pq0ucx,sweepy-sweep-18
880932,16.900240272674505,e7pq0ucx,sweepy-sweep-18
888733,16.903934826671165,e7pq0ucx,sweepy-sweep-18
896532,13.690012887957248,e7pq0ucx,sweepy-sweep-18
904305,17.169329077333373,e7pq0ucx,sweepy-sweep-18
912094,15.100745276615275,e7pq0ucx,sweepy-sweep-18
919875,16.461338004192886,e7pq0ucx,sweepy-sweep-18
927645,17.780544629607306,e7pq0ucx,sweepy-sweep-18
935371,17.018841692377364,e7pq0ucx,sweepy-sweep-18
943092,16.502273671277727,e7pq0ucx,sweepy-sweep-18
950797,17.03224233497237,e7pq0ucx,sweepy-sweep-18
958600,16.75916211817294,e7pq0ucx,sweepy-sweep-18
966381,16.66058468430702,e7pq0ucx,sweepy-sweep-18
974090,16.14332791526017,e7pq0ucx,sweepy-sweep-18
981802,17.65455094792992,e7pq0ucx,sweepy-sweep-18
989547,18.588379228938347,e7pq0ucx,sweepy-sweep-18
997196,16.791630212467805,e7pq0ucx,sweepy-sweep-18
1004826.0,18.087086920491537,e7pq0ucx,sweepy-sweep-18
1012448.0,17.55575801110073,e7pq0ucx,sweepy-sweep-18
1020059.0,18.087086920491537,e7pq0ucx,sweepy-sweep-18
1027624.0,16.298769153360332,e7pq0ucx,sweepy-sweep-18
1035174.0,17.75722793427616,e7pq0ucx,sweepy-sweep-18
1042596.0,18.653218094911058,e7pq0ucx,sweepy-sweep-18
1050082.0,17.92031966384261,e7pq0ucx,sweepy-sweep-18
1057572.0,17.92031966384261,e7pq0ucx,sweepy-sweep-18
1064983.0,17.75722793427616,e7pq0ucx,sweepy-sweep-18
1072442.0,17.48220988235327,e7pq0ucx,sweepy-sweep-18
1079862.0,18.43052370730118,e7pq0ucx,sweepy-sweep-18
1087253.0,17.75722793427616,e7pq0ucx,sweepy-sweep-18
1094671.0,17.980817313383238,e7pq0ucx,sweepy-sweep-18
8241,2.5220734408653045,fg8uxmfd,divine-sweep-19
16403,1.1996828793369683,fg8uxmfd,divine-sweep-19
24466,8.68933366767049,fg8uxmfd,divine-sweep-19
32612,6.828226977205747,fg8uxmfd,divine-sweep-19
40774,8.651067484690254,fg8uxmfd,divine-sweep-19
48865,2.585085139609342,fg8uxmfd,divine-sweep-19
57028,-0.7333141084048063,fg8uxmfd,divine-sweep-19
65155,9.57491779538304,fg8uxmfd,divine-sweep-19
73307,0.2413766672888773,fg8uxmfd,divine-sweep-19
81453,10.391949181367995,fg8uxmfd,divine-sweep-19
89602,5.135893613484734,fg8uxmfd,divine-sweep-19
97741,6.514420200254103,fg8uxmfd,divine-sweep-19
105857,8.885433280675553,fg8uxmfd,divine-sweep-19
114064,6.393688036787623,fg8uxmfd,divine-sweep-19
122193,4.614570663894037,fg8uxmfd,divine-sweep-19
130367,7.3214784609821235,fg8uxmfd,divine-sweep-19
138499,8.756110713460982,fg8uxmfd,divine-sweep-19
146655,0.2643247177069828,fg8uxmfd,divine-sweep-19
154787,10.819454035323577,fg8uxmfd,divine-sweep-19
162885,8.854395188424075,fg8uxmfd,divine-sweep-19
171000,5.682849486029007,fg8uxmfd,divine-sweep-19
179128,12.558434951164546,fg8uxmfd,divine-sweep-19
187278,8.65380932181852,fg8uxmfd,divine-sweep-19
195396,9.6837489110675,fg8uxmfd,divine-sweep-19
203548,11.710050738922718,fg8uxmfd,divine-sweep-19
211688,11.93506546698898,fg8uxmfd,divine-sweep-19
219857,11.690528056065782,fg8uxmfd,divine-sweep-19
228020,10.109018817153713,fg8uxmfd,divine-sweep-19
236176,6.161844870153194,fg8uxmfd,divine-sweep-19
244366,11.210579595129365,fg8uxmfd,divine-sweep-19
252519,5.594536917011839,fg8uxmfd,divine-sweep-19
260629,4.909503505408838,fg8uxmfd,divine-sweep-19
268785,3.5329418866317908,fg8uxmfd,divine-sweep-19
276954,6.343721917617968,fg8uxmfd,divine-sweep-19
285087,13.470145596188686,fg8uxmfd,divine-sweep-19
293252,12.107273220229198,fg8uxmfd,divine-sweep-19
301452,3.406601516027467,fg8uxmfd,divine-sweep-19
309624,6.890367970705038,fg8uxmfd,divine-sweep-19
317758,11.410914223597668,fg8uxmfd,divine-sweep-19
325930,10.701576459123242,fg8uxmfd,divine-sweep-19
334083,6.130951928174079,fg8uxmfd,divine-sweep-19
342266,6.1244154865841205,fg8uxmfd,divine-sweep-19
350380,11.58696936327408,fg8uxmfd,divine-sweep-19
358555,9.297299131145328,fg8uxmfd,divine-sweep-19
366713,12.814877622735006,fg8uxmfd,divine-sweep-19
374909,3.5079978450599905,fg8uxmfd,divine-sweep-19
383057,11.450466993164722,fg8uxmfd,divine-sweep-19
391230,6.739085763755716,fg8uxmfd,divine-sweep-19
399326,6.737246337943601,fg8uxmfd,divine-sweep-19
407486,5.940209016379304,fg8uxmfd,divine-sweep-19
415656,8.605718073541237,fg8uxmfd,divine-sweep-19
423850,12.294683009599371,fg8uxmfd,divine-sweep-19
432032,6.430244577654905,fg8uxmfd,divine-sweep-19
440214,12.110213996289456,fg8uxmfd,divine-sweep-19
448362,10.372078915832068,fg8uxmfd,divine-sweep-19
456543,10.164404809670412,fg8uxmfd,divine-sweep-19
464712,6.637650222976387,fg8uxmfd,divine-sweep-19
472875,11.11041527679956,fg8uxmfd,divine-sweep-19
481046,6.488250935796165,fg8uxmfd,divine-sweep-19
489186,6.154480519629391,fg8uxmfd,divine-sweep-19
497318,13.819791180485883,fg8uxmfd,divine-sweep-19
505464,10.388857122400623,fg8uxmfd,divine-sweep-19
513616,8.325143399976579,fg8uxmfd,divine-sweep-19
521771,11.990386353048622,fg8uxmfd,divine-sweep-19
529916,5.613351315932872,fg8uxmfd,divine-sweep-19
538080,12.035228367206628,fg8uxmfd,divine-sweep-19
546227,2.7670367424256432,fg8uxmfd,divine-sweep-19
554365,9.927567534920389,fg8uxmfd,divine-sweep-19
562519,11.858433290441374,fg8uxmfd,divine-sweep-19
570678,6.9763850589830225,fg8uxmfd,divine-sweep-19
578822,0.24796335849624818,fg8uxmfd,divine-sweep-19
586998,9.625855853057127,fg8uxmfd,divine-sweep-19
595141,4.835927198735949,fg8uxmfd,divine-sweep-19
603306,1.5214806389865039,fg8uxmfd,divine-sweep-19
611476,6.294759680360876,fg8uxmfd,divine-sweep-19
619669,6.750158837596605,fg8uxmfd,divine-sweep-19
627841,4.22140691745242,fg8uxmfd,divine-sweep-19
636013,4.304198069975309,fg8uxmfd,divine-sweep-19
644185,3.3842221418256635,fg8uxmfd,divine-sweep-19
652348,7.878077692604313,fg8uxmfd,divine-sweep-19
660511,2.5972305459878293,fg8uxmfd,divine-sweep-19
668671,7.087647956596051,fg8uxmfd,divine-sweep-19
676808,4.10691901574093,fg8uxmfd,divine-sweep-19
684975,12.129079700794783,fg8uxmfd,divine-sweep-19
693132,3.724588130091708,fg8uxmfd,divine-sweep-19
701288,3.984722840778416,fg8uxmfd,divine-sweep-19
709420,8.227140573705691,fg8uxmfd,divine-sweep-19
717545,10.956787179778093,fg8uxmfd,divine-sweep-19
725728,7.957165551257998,fg8uxmfd,divine-sweep-19
733855,6.707831358885338,fg8uxmfd,divine-sweep-19
741972,7.371103687400003,fg8uxmfd,divine-sweep-19
750098,11.260426931149118,fg8uxmfd,divine-sweep-19
758213,1.594582610685552,fg8uxmfd,divine-sweep-19
766340,9.487738214113634,fg8uxmfd,divine-sweep-19
774478,4.303734811313417,fg8uxmfd,divine-sweep-19
782586,0.07920260037453834,fg8uxmfd,divine-sweep-19
790710,5.448015282756232,fg8uxmfd,divine-sweep-19
798801,6.286412076218758,fg8uxmfd,divine-sweep-19
806924,10.16756507144035,fg8uxmfd,divine-sweep-19
814977,10.690003238810338,fg8uxmfd,divine-sweep-19
823106,9.13297137341932,fg8uxmfd,divine-sweep-19
831230,3.7014209289299322,fg8uxmfd,divine-sweep-19
839370,6.233480339248348,fg8uxmfd,divine-sweep-19
847451,11.177932535084356,fg8uxmfd,divine-sweep-19
855567,10.058894299373204,fg8uxmfd,divine-sweep-19
863706,6.054756440256546,fg8uxmfd,divine-sweep-19
871891,5.373883450986857,fg8uxmfd,divine-sweep-19
880027,12.1487007772922,fg8uxmfd,divine-sweep-19
888161,10.541866362175123,fg8uxmfd,divine-sweep-19
896298,6.361476401891563,fg8uxmfd,divine-sweep-19
904463,9.630614793476585,fg8uxmfd,divine-sweep-19
912609,7.612210386116841,fg8uxmfd,divine-sweep-19
920772,4.083278427262965,fg8uxmfd,divine-sweep-19
928953,9.93442833816528,fg8uxmfd,divine-sweep-19
937109,6.88157006680247,fg8uxmfd,divine-sweep-19
945262,9.225350075525004,fg8uxmfd,divine-sweep-19
953425,9.227373999228572,fg8uxmfd,divine-sweep-19
961582,10.515263696652877,fg8uxmfd,divine-sweep-19
969761,12.414914214098534,fg8uxmfd,divine-sweep-19
977907,6.558601445599953,fg8uxmfd,divine-sweep-19
986087,7.903174898464192,fg8uxmfd,divine-sweep-19
994213,14.101833097743466,fg8uxmfd,divine-sweep-19
1002331.0,5.4670269653401355,fg8uxmfd,divine-sweep-19
1010466.0,10.534930827677933,fg8uxmfd,divine-sweep-19
1018606.0,9.969284147719014,fg8uxmfd,divine-sweep-19
1026767.0,10.912499201583309,fg8uxmfd,divine-sweep-19
1034943.0,5.930342604759138,fg8uxmfd,divine-sweep-19
1043100.0,8.708064839082303,fg8uxmfd,divine-sweep-19
1051263.0,13.535015948255367,fg8uxmfd,divine-sweep-19
1059371.0,11.879877273415422,fg8uxmfd,divine-sweep-19
1067524.0,6.413921651934501,fg8uxmfd,divine-sweep-19
1075647.0,9.773487030190267,fg8uxmfd,divine-sweep-19
1083703.0,10.102712889638363,fg8uxmfd,divine-sweep-19
1091817.0,7.559547794162116,fg8uxmfd,divine-sweep-19
1099964.0,7.722018913780063,fg8uxmfd,divine-sweep-19
1108085.0,5.1174132558064205,fg8uxmfd,divine-sweep-19
8225,-1.886932965654573,tx2l10o4,classic-sweep-20
16467,3.937079357939301,tx2l10o4,classic-sweep-20
24673,-3.507364401048892,tx2l10o4,classic-sweep-20
32873,0.8835833795873306,tx2l10o4,classic-sweep-20
41071,6.445601714227425,tx2l10o4,classic-sweep-20
49276,5.690260583225383,tx2l10o4,classic-sweep-20
57508,-1.2948775842269018,tx2l10o4,classic-sweep-20
65775,10.060558025181207,tx2l10o4,classic-sweep-20
73992,4.3423363010079115,tx2l10o4,classic-sweep-20
82212,1.5987173866864832,tx2l10o4,classic-sweep-20
90457,4.461987032151079,tx2l10o4,classic-sweep-20
98664,7.552348213893952,tx2l10o4,classic-sweep-20
106907,2.249044525382083,tx2l10o4,classic-sweep-20
115128,-2.597689409406919,tx2l10o4,classic-sweep-20
123336,2.7025783480692707,tx2l10o4,classic-sweep-20
131542,9.272167583864547,tx2l10o4,classic-sweep-20
139741,10.887082643227899,tx2l10o4,classic-sweep-20
147920,3.2637624614426466,tx2l10o4,classic-sweep-20
156071,4.384094230269907,tx2l10o4,classic-sweep-20
164282,6.436406188067498,tx2l10o4,classic-sweep-20
172452,-1.653418916317499,tx2l10o4,classic-sweep-20
180659,8.436219297453544,tx2l10o4,classic-sweep-20
188815,4.004947334246361,tx2l10o4,classic-sweep-20
197016,4.1391380406294065,tx2l10o4,classic-sweep-20
205202,6.179601328398066,tx2l10o4,classic-sweep-20
213344,7.584681680581662,tx2l10o4,classic-sweep-20
221535,4.421886795622578,tx2l10o4,classic-sweep-20
229706,8.853400796930266,tx2l10o4,classic-sweep-20
237858,12.85232252202449,tx2l10o4,classic-sweep-20
246040,7.724253910352145,tx2l10o4,classic-sweep-20
254215,4.708941814208227,tx2l10o4,classic-sweep-20
262401,10.552023800761944,tx2l10o4,classic-sweep-20
270533,1.0898989021192553,tx2l10o4,classic-sweep-20
278690,2.7124850177871527,tx2l10o4,classic-sweep-20
286800,-6.6743773594301485,tx2l10o4,classic-sweep-20
294927,7.814928561712533,tx2l10o4,classic-sweep-20
303065,1.0855484789405068,tx2l10o4,classic-sweep-20
311258,8.897456112900443,tx2l10o4,classic-sweep-20
319462,7.815015252128494,tx2l10o4,classic-sweep-20
327633,9.286538372056242,tx2l10o4,classic-sweep-20
335788,13.984004193558837,tx2l10o4,classic-sweep-20
343935,5.553782141810723,tx2l10o4,classic-sweep-20
352111,5.925552585833161,tx2l10o4,classic-sweep-20
360310,5.886485713155804,tx2l10o4,classic-sweep-20
368494,8.94618737398137,tx2l10o4,classic-sweep-20
376670,10.080659589680241,tx2l10o4,classic-sweep-20
384846,5.710886476554802,tx2l10o4,classic-sweep-20
393037,5.912737742314736,tx2l10o4,classic-sweep-20
401237,7.348327751714081,tx2l10o4,classic-sweep-20
409434,0.4979707889876025,tx2l10o4,classic-sweep-20
417648,3.002102465144209,tx2l10o4,classic-sweep-20
425847,4.345966230360588,tx2l10o4,classic-sweep-20
434063,4.296031833006785,tx2l10o4,classic-sweep-20
442285,10.288726536406308,tx2l10o4,classic-sweep-20
450479,5.81373811129577,tx2l10o4,classic-sweep-20
458704,3.3897525026707007,tx2l10o4,classic-sweep-20
466911,7.147965914624488,tx2l10o4,classic-sweep-20
475113,9.683094441002805,tx2l10o4,classic-sweep-20
483272,9.524898347679414,tx2l10o4,classic-sweep-20
491487,7.755355822246399,tx2l10o4,classic-sweep-20
499717,7.380728395932612,tx2l10o4,classic-sweep-20
507932,7.739454981278763,tx2l10o4,classic-sweep-20
516117,4.901521780959817,tx2l10o4,classic-sweep-20
524304,0.5965796275606552,tx2l10o4,classic-sweep-20
532516,0.5334713133099201,tx2l10o4,classic-sweep-20
540746,11.122976323820696,tx2l10o4,classic-sweep-20
548924,7.676418814832047,tx2l10o4,classic-sweep-20
557126,11.207687364849651,tx2l10o4,classic-sweep-20
565325,5.821644794683162,tx2l10o4,classic-sweep-20
573542,8.459297145023154,tx2l10o4,classic-sweep-20
581743,9.984043707207231,tx2l10o4,classic-sweep-20
589955,10.544087120721258,tx2l10o4,classic-sweep-20
598144,0.9410587668101871,tx2l10o4,classic-sweep-20
606362,5.637301003336993,tx2l10o4,classic-sweep-20
614561,8.533627287091146,tx2l10o4,classic-sweep-20
622773,10.182092568003721,tx2l10o4,classic-sweep-20
630967,10.653289751101877,tx2l10o4,classic-sweep-20
639185,11.883774234037887,tx2l10o4,classic-sweep-20
647410,5.117228054051894,tx2l10o4,classic-sweep-20
655603,11.143487999992326,tx2l10o4,classic-sweep-20
663798,9.042372327599871,tx2l10o4,classic-sweep-20
671984,11.124569820617584,tx2l10o4,classic-sweep-20
680176,9.580627959670739,tx2l10o4,classic-sweep-20
688361,8.734277987653927,tx2l10o4,classic-sweep-20
696556,12.742724122634495,tx2l10o4,classic-sweep-20
704731,9.51548912457921,tx2l10o4,classic-sweep-20
712966,10.0303816320429,tx2l10o4,classic-sweep-20
721175,7.775968749086952,tx2l10o4,classic-sweep-20
729384,9.321193932530587,tx2l10o4,classic-sweep-20
737571,12.225358168340835,tx2l10o4,classic-sweep-20
745784,11.241720921397409,tx2l10o4,classic-sweep-20
753999,6.427654482163189,tx2l10o4,classic-sweep-20
762188,10.121538605641451,tx2l10o4,classic-sweep-20
770390,7.499837673359039,tx2l10o4,classic-sweep-20
778586,9.172221867466808,tx2l10o4,classic-sweep-20
786816,13.520777927767512,tx2l10o4,classic-sweep-20
795047,7.126288185328136,tx2l10o4,classic-sweep-20
803259,6.032947786926341,tx2l10o4,classic-sweep-20
811470,10.162364471209054,tx2l10o4,classic-sweep-20
819651,9.904400771322287,tx2l10o4,classic-sweep-20
827811,11.737162124249632,tx2l10o4,classic-sweep-20
835991,12.903202107745912,tx2l10o4,classic-sweep-20
844207,10.892364108330227,tx2l10o4,classic-sweep-20
852395,11.194101727375237,tx2l10o4,classic-sweep-20
860569,8.34014713799347,tx2l10o4,classic-sweep-20
868755,10.210359164442405,tx2l10o4,classic-sweep-20
876982,10.80783312755926,tx2l10o4,classic-sweep-20
885148,7.535069146516193,tx2l10o4,classic-sweep-20
893345,12.590682519596445,tx2l10o4,classic-sweep-20
901500,8.617661183998445,tx2l10o4,classic-sweep-20
909678,11.683914482749055,tx2l10o4,classic-sweep-20
917867,11.158562405460623,tx2l10o4,classic-sweep-20
926035,11.482155555010365,tx2l10o4,classic-sweep-20
934231,13.66012049813251,tx2l10o4,classic-sweep-20
942424,11.26508307369475,tx2l10o4,classic-sweep-20
950597,10.910430256809486,tx2l10o4,classic-sweep-20
958797,14.39794892213059,tx2l10o4,classic-sweep-20
966958,11.437458635284003,tx2l10o4,classic-sweep-20
975115,9.988891390959843,tx2l10o4,classic-sweep-20
983298,12.766077138424027,tx2l10o4,classic-sweep-20
991462,14.741514797576409,tx2l10o4,classic-sweep-20
999632,6.38822942101685,tx2l10o4,classic-sweep-20
1007816.0,7.401846203348197,tx2l10o4,classic-sweep-20
1016006.0,13.037601574446649,tx2l10o4,classic-sweep-20
1024206.0,9.805167797082067,tx2l10o4,classic-sweep-20
1032395.0,10.741122314626772,tx2l10o4,classic-sweep-20
1040618.0,6.833945468410971,tx2l10o4,classic-sweep-20
1048829.0,11.036715752435033,tx2l10o4,classic-sweep-20
1057005.0,15.427935924995547,tx2l10o4,classic-sweep-20
1065215.0,12.298208981061903,tx2l10o4,classic-sweep-20
1073437.0,13.865258898893284,tx2l10o4,classic-sweep-20
1081628.0,12.485167137759575,tx2l10o4,classic-sweep-20
1089830.0,11.921428776718438,tx2l10o4,classic-sweep-20
1098050.0,12.13035100133765,tx2l10o4,classic-sweep-20
1106266.0,13.846241247021766,tx2l10o4,classic-sweep-20
1114451.0,13.691699322830008,tx2l10o4,classic-sweep-20
8226,8.700817699173454,evmbqwpd,ruby-sweep-21
16380,-1.3650310680653444,evmbqwpd,ruby-sweep-21
24487,-0.8163765928933872,evmbqwpd,ruby-sweep-21
32661,-2.1577074736244195,evmbqwpd,ruby-sweep-21
40756,0.29614277814192336,evmbqwpd,ruby-sweep-21
48802,12.078497645961345,evmbqwpd,ruby-sweep-21
56852,6.666276417587741,evmbqwpd,ruby-sweep-21
64905,3.602519853271699,evmbqwpd,ruby-sweep-21
72974,5.964929533897278,evmbqwpd,ruby-sweep-21
81100,9.365299886164284,evmbqwpd,ruby-sweep-21
89154,4.615237120896743,evmbqwpd,ruby-sweep-21
97229,2.926714651610806,evmbqwpd,ruby-sweep-21
105274,7.691295958778573,evmbqwpd,ruby-sweep-21
113342,5.499425324590982,evmbqwpd,ruby-sweep-21
121430,-4.518878133459813,evmbqwpd,ruby-sweep-21
129426,2.842108765129125,evmbqwpd,ruby-sweep-21
137481,3.226104619060743,evmbqwpd,ruby-sweep-21
145524,10.004391972310122,evmbqwpd,ruby-sweep-21
153457,4.669559989814224,evmbqwpd,ruby-sweep-21
161402,9.207187446289618,evmbqwpd,ruby-sweep-21
169419,7.550269749226004,evmbqwpd,ruby-sweep-21
177480,-5.593646230111081,evmbqwpd,ruby-sweep-21
185513,11.972674648378609,evmbqwpd,ruby-sweep-21
193487,14.845166001856004,evmbqwpd,ruby-sweep-21
201480,10.89869905955894,evmbqwpd,ruby-sweep-21
209465,13.292820349306009,evmbqwpd,ruby-sweep-21
217414,5.2648940992893,evmbqwpd,ruby-sweep-21
225427,11.501323871442029,evmbqwpd,ruby-sweep-21
233456,13.929416132388813,evmbqwpd,ruby-sweep-21
241455,15.517496867983425,evmbqwpd,ruby-sweep-21
249484,11.683707893157413,evmbqwpd,ruby-sweep-21
257549,12.639569071509149,evmbqwpd,ruby-sweep-21
265532,16.22344741657485,evmbqwpd,ruby-sweep-21
273595,15.397245464048286,evmbqwpd,ruby-sweep-21
281670,12.149790096347182,evmbqwpd,ruby-sweep-21
289718,13.104689371511492,evmbqwpd,ruby-sweep-21
297724,6.8944300173568935,evmbqwpd,ruby-sweep-21
305795,8.738802059178468,evmbqwpd,ruby-sweep-21
313807,12.245961562313926,evmbqwpd,ruby-sweep-21
321847,8.049819481144084,evmbqwpd,ruby-sweep-21
329888,12.744833783896748,evmbqwpd,ruby-sweep-21
337881,11.835878510056963,evmbqwpd,ruby-sweep-21
345810,13.039795592009813,evmbqwpd,ruby-sweep-21
353715,14.82012677241109,evmbqwpd,ruby-sweep-21
361634,13.276961816042899,evmbqwpd,ruby-sweep-21
369589,11.107021860136076,evmbqwpd,ruby-sweep-21
377572,12.980211293049104,evmbqwpd,ruby-sweep-21
385464,12.326711780516405,evmbqwpd,ruby-sweep-21
393425,14.242884782783298,evmbqwpd,ruby-sweep-21
401365,11.84159553938009,evmbqwpd,ruby-sweep-21
409193,15.269862255416822,evmbqwpd,ruby-sweep-21
417084,12.497081420905754,evmbqwpd,ruby-sweep-21
424937,14.861329012625339,evmbqwpd,ruby-sweep-21
432860,15.176039917001447,evmbqwpd,ruby-sweep-21
440751,13.241473174978498,evmbqwpd,ruby-sweep-21
448614,16.321662625599277,evmbqwpd,ruby-sweep-21
456506,13.464795889976205,evmbqwpd,ruby-sweep-21
464355,16.899856116987078,evmbqwpd,ruby-sweep-21
472183,18.101100540484104,evmbqwpd,ruby-sweep-21
480015,15.375942542752744,evmbqwpd,ruby-sweep-21
487729,17.327789755183183,evmbqwpd,ruby-sweep-21
495461,14.961631474460225,evmbqwpd,ruby-sweep-21
503155,15.175607167820264,evmbqwpd,ruby-sweep-21
510873,16.086143708095356,evmbqwpd,ruby-sweep-21
518634,16.004707786743648,evmbqwpd,ruby-sweep-21
526421,12.237235747936728,evmbqwpd,ruby-sweep-21
534103,13.44535569360086,evmbqwpd,ruby-sweep-21
541716,13.44125696465296,evmbqwpd,ruby-sweep-21
549327,16.19992950754808,evmbqwpd,ruby-sweep-21
557062,16.192871677613006,evmbqwpd,ruby-sweep-21
564715,16.088798780457218,evmbqwpd,ruby-sweep-21
572336,16.35117672841009,evmbqwpd,ruby-sweep-21
580015,14.792621961410296,evmbqwpd,ruby-sweep-21
587652,15.147854153028305,evmbqwpd,ruby-sweep-21
595323,14.01818602167262,evmbqwpd,ruby-sweep-21
602974,16.00012913246733,evmbqwpd,ruby-sweep-21
610616,15.859268870628863,evmbqwpd,ruby-sweep-21
618298,15.762435364906898,evmbqwpd,ruby-sweep-21
625897,15.618667618288901,evmbqwpd,ruby-sweep-21
633496,16.741464734580624,evmbqwpd,ruby-sweep-21
641048,15.20480976869042,evmbqwpd,ruby-sweep-21
648663,14.330186470546352,evmbqwpd,ruby-sweep-21
656219,18.13688173520877,evmbqwpd,ruby-sweep-21
663775,17.248571215016575,evmbqwpd,ruby-sweep-21
671340,16.794762215342775,evmbqwpd,ruby-sweep-21
678990,18.039907979551444,evmbqwpd,ruby-sweep-21
686515,17.19527146262384,evmbqwpd,ruby-sweep-21
693987,15.741192228394207,evmbqwpd,ruby-sweep-21
701506,16.835516579912856,evmbqwpd,ruby-sweep-21
709078,16.3606960568742,evmbqwpd,ruby-sweep-21
716595,17.598686026753125,evmbqwpd,ruby-sweep-21
724101,18.531944249620203,evmbqwpd,ruby-sweep-21
731681,13.785846740785127,evmbqwpd,ruby-sweep-21
739227,15.816657812118487,evmbqwpd,ruby-sweep-21
746858,16.068957897585637,evmbqwpd,ruby-sweep-21
754476,15.840233684452645,evmbqwpd,ruby-sweep-21
762080,18.049639245592907,evmbqwpd,ruby-sweep-21
769757,13.859715736507479,evmbqwpd,ruby-sweep-21
777358,16.20961973265716,evmbqwpd,ruby-sweep-21
784968,16.70949771325556,evmbqwpd,ruby-sweep-21
792610,17.36244661256264,evmbqwpd,ruby-sweep-21
800303,14.936785159937141,evmbqwpd,ruby-sweep-21
808059,15.698345871089222,evmbqwpd,ruby-sweep-21
815791,15.503854833782697,evmbqwpd,ruby-sweep-21
823557,17.628393403719446,evmbqwpd,ruby-sweep-21
831277,14.887491581613347,evmbqwpd,ruby-sweep-21
839141,15.84585784315523,evmbqwpd,ruby-sweep-21
846928,15.825209606034937,evmbqwpd,ruby-sweep-21
854701,15.863806213152401,evmbqwpd,ruby-sweep-21
862512,16.074601785786356,evmbqwpd,ruby-sweep-21
870288,16.381663348663523,evmbqwpd,ruby-sweep-21
878064,15.358205422320884,evmbqwpd,ruby-sweep-21
885801,15.622474774255622,evmbqwpd,ruby-sweep-21
893493,16.698986899282634,evmbqwpd,ruby-sweep-21
901159,18.27438755190261,evmbqwpd,ruby-sweep-21
908825,18.041326289293988,evmbqwpd,ruby-sweep-21
916464,11.534829041444404,evmbqwpd,ruby-sweep-21
924121,13.157426671886913,evmbqwpd,ruby-sweep-21
931679,16.604196478991945,evmbqwpd,ruby-sweep-21
939254,16.302509305972745,evmbqwpd,ruby-sweep-21
946889,17.094906541438494,evmbqwpd,ruby-sweep-21
954463,18.270259260761872,evmbqwpd,ruby-sweep-21
962109,17.600057183974453,evmbqwpd,ruby-sweep-21
969725,16.676244509456122,evmbqwpd,ruby-sweep-21
977388,18.06109582248579,evmbqwpd,ruby-sweep-21
985106,16.854859378745925,evmbqwpd,ruby-sweep-21
992757,17.691119604443195,evmbqwpd,ruby-sweep-21
1000333.0,16.038639595998884,evmbqwpd,ruby-sweep-21
1007915.0,17.769799818737976,evmbqwpd,ruby-sweep-21
1015436.0,17.973985589345638,evmbqwpd,ruby-sweep-21
1023194.0,17.55123017842167,evmbqwpd,ruby-sweep-21
1030732.0,16.832768578712624,evmbqwpd,ruby-sweep-21
1038337.0,17.765660534083548,evmbqwpd,ruby-sweep-21
1045899.0,13.46401749923989,evmbqwpd,ruby-sweep-21
1053526.0,15.326538538343708,evmbqwpd,ruby-sweep-21
1061115.0,17.979319752066097,evmbqwpd,ruby-sweep-21
8250,4.631324303367358,w0c1n8gu,genial-sweep-22
16463,3.1847805159716307,w0c1n8gu,genial-sweep-22
24631,-4.517790880682481,w0c1n8gu,genial-sweep-22
32742,2.0548268333474433,w0c1n8gu,genial-sweep-22
40891,1.8546840129114095,w0c1n8gu,genial-sweep-22
49062,-0.00739046332179818,w0c1n8gu,genial-sweep-22
57189,4.106349236701124,w0c1n8gu,genial-sweep-22
65241,4.367455181052469,w0c1n8gu,genial-sweep-22
