_step,eval/episode_terminal_reward,run_id,run_name
8176,4.099680888825764,wdkvk6n2,clear-sweep-1
16410,17.202545921348975,wdkvk6n2,clear-sweep-1
24630,17.23739318517795,wdkvk6n2,clear-sweep-1
32821,13.738599846984552,wdkvk6n2,clear-sweep-1
41012,13.490320983422922,wdkvk6n2,clear-sweep-1
49174,16.86052008651951,wdkvk6n2,clear-sweep-1
57334,24.39458539819588,wdkvk6n2,clear-sweep-1
65524,15.58479117424065,wdkvk6n2,clear-sweep-1
73582,24.482703101300366,wdkvk6n2,clear-sweep-1
81696,22.881245703444527,wdkvk6n2,clear-sweep-1
89757,26.645770800260085,wdkvk6n2,clear-sweep-1
97883,21.53814612530858,wdkvk6n2,clear-sweep-1
105957,28.451607756654887,wdkvk6n2,clear-sweep-1
114045,23.080142796074146,wdkvk6n2,clear-sweep-1
122178,12.409276707539771,wdkvk6n2,clear-sweep-1
130241,25.49494217092299,wdkvk6n2,clear-sweep-1
138293,16.79231779581604,wdkvk6n2,clear-sweep-1
146375,22.434652747851366,wdkvk6n2,clear-sweep-1
154470,11.833630529684836,wdkvk6n2,clear-sweep-1
162525,23.66902250923667,wdkvk6n2,clear-sweep-1
170619,22.377362191465444,wdkvk6n2,clear-sweep-1
178687,19.19766508544182,wdkvk6n2,clear-sweep-1
186761,13.955479832355504,wdkvk6n2,clear-sweep-1
194780,20.88750221385588,wdkvk6n2,clear-sweep-1
202855,23.59046818371602,wdkvk6n2,clear-sweep-1
210907,28.302521354534086,wdkvk6n2,clear-sweep-1
218938,22.48540852236612,wdkvk6n2,clear-sweep-1
226905,22.27166217544855,wdkvk6n2,clear-sweep-1
234864,18.27504120197353,wdkvk6n2,clear-sweep-1
242760,13.58123632150073,wdkvk6n2,clear-sweep-1
250735,24.511656045122646,wdkvk6n2,clear-sweep-1
258669,20.03133184006601,wdkvk6n2,clear-sweep-1
266660,24.761214846824842,wdkvk6n2,clear-sweep-1
274620,22.414325586564917,wdkvk6n2,clear-sweep-1
282584,15.349011294866319,wdkvk6n2,clear-sweep-1
290568,20.00815061098138,wdkvk6n2,clear-sweep-1
298605,17.009966383114236,wdkvk6n2,clear-sweep-1
306640,16.573856431507956,wdkvk6n2,clear-sweep-1
314635,24.740620867574634,wdkvk6n2,clear-sweep-1
322713,13.119136238881103,wdkvk6n2,clear-sweep-1
330737,22.687343367244058,wdkvk6n2,clear-sweep-1
338769,23.47044598803287,wdkvk6n2,clear-sweep-1
346818,12.750617010106785,wdkvk6n2,clear-sweep-1
354850,27.408775734588055,wdkvk6n2,clear-sweep-1
362905,20.49957048177505,wdkvk6n2,clear-sweep-1
370961,12.018880071709075,wdkvk6n2,clear-sweep-1
378977,20.2868213090351,wdkvk6n2,clear-sweep-1
387022,20.160374586987096,wdkvk6n2,clear-sweep-1
395085,25.91078530309172,wdkvk6n2,clear-sweep-1
403164,22.01247143761342,wdkvk6n2,clear-sweep-1
411250,19.525528626953268,wdkvk6n2,clear-sweep-1
419342,19.35265786695191,wdkvk6n2,clear-sweep-1
427473,25.159931107221986,wdkvk6n2,clear-sweep-1
435570,13.219570201365968,wdkvk6n2,clear-sweep-1
443680,17.666861513358434,wdkvk6n2,clear-sweep-1
451838,10.984362810380471,wdkvk6n2,clear-sweep-1
459935,16.293944327012884,wdkvk6n2,clear-sweep-1
468062,16.52591667090211,wdkvk6n2,clear-sweep-1
476178,14.177085599904785,wdkvk6n2,clear-sweep-1
484286,13.351468835339148,wdkvk6n2,clear-sweep-1
492427,21.35024517446455,wdkvk6n2,clear-sweep-1
500602,26.177897877953257,wdkvk6n2,clear-sweep-1
508673,22.5171104042791,wdkvk6n2,clear-sweep-1
516807,22.048505307459642,wdkvk6n2,clear-sweep-1
524927,16.714249170004962,wdkvk6n2,clear-sweep-1
533048,19.950837202748755,wdkvk6n2,clear-sweep-1
541170,15.05313546283259,wdkvk6n2,clear-sweep-1
549326,23.727136744429778,wdkvk6n2,clear-sweep-1
557490,21.41171064651438,wdkvk6n2,clear-sweep-1
565701,22.27562826783711,wdkvk6n2,clear-sweep-1
573869,20.39737269923886,wdkvk6n2,clear-sweep-1
582058,24.079644901818554,wdkvk6n2,clear-sweep-1
590250,21.038665809566375,wdkvk6n2,clear-sweep-1
598455,22.50479662719607,wdkvk6n2,clear-sweep-1
606637,24.55582644687051,wdkvk6n2,clear-sweep-1
614825,24.30408079844209,wdkvk6n2,clear-sweep-1
623017,24.012244059887518,wdkvk6n2,clear-sweep-1
631203,25.083244262194007,wdkvk6n2,clear-sweep-1
639369,22.46163471975699,wdkvk6n2,clear-sweep-1
647553,20.976803145399266,wdkvk6n2,clear-sweep-1
655749,13.98176339025191,wdkvk6n2,clear-sweep-1
663916,25.073397418406152,wdkvk6n2,clear-sweep-1
672100,27.775689494058547,wdkvk6n2,clear-sweep-1
680292,15.625363423152198,wdkvk6n2,clear-sweep-1
688459,9.041505703480443,wdkvk6n2,clear-sweep-1
696662,20.365469880042145,wdkvk6n2,clear-sweep-1
704815,14.65117657877295,wdkvk6n2,clear-sweep-1
712978,23.956302171834746,wdkvk6n2,clear-sweep-1
721144,24.899808239296036,wdkvk6n2,clear-sweep-1
729338,6.704825424433471,wdkvk6n2,clear-sweep-1
737532,15.499340110548172,wdkvk6n2,clear-sweep-1
745721,10.150155272117692,wdkvk6n2,clear-sweep-1
753888,20.993180524418978,wdkvk6n2,clear-sweep-1
762078,14.840288071381924,wdkvk6n2,clear-sweep-1
770262,21.021284907211232,wdkvk6n2,clear-sweep-1
778410,19.08592794484181,wdkvk6n2,clear-sweep-1
786545,23.462191039449415,wdkvk6n2,clear-sweep-1
794705,24.295597088217807,wdkvk6n2,clear-sweep-1
802869,19.61301252050597,wdkvk6n2,clear-sweep-1
810981,29.34283003827728,wdkvk6n2,clear-sweep-1
819088,31.949985788284003,wdkvk6n2,clear-sweep-1
827199,32.79700390659499,wdkvk6n2,clear-sweep-1
835314,27.515091631484882,wdkvk6n2,clear-sweep-1
843410,35.29918924986296,wdkvk6n2,clear-sweep-1
851491,30.88270496194155,wdkvk6n2,clear-sweep-1
859555,31.983209894822398,wdkvk6n2,clear-sweep-1
867592,34.28366099359168,wdkvk6n2,clear-sweep-1
875715,31.837852783022633,wdkvk6n2,clear-sweep-1
883832,33.44458004012522,wdkvk6n2,clear-sweep-1
891943,34.008157204697746,wdkvk6n2,clear-sweep-1
900006,34.10767643824596,wdkvk6n2,clear-sweep-1
908096,35.44474456409991,wdkvk6n2,clear-sweep-1
916191,33.60323496043324,wdkvk6n2,clear-sweep-1
924217,34.61063024616235,wdkvk6n2,clear-sweep-1
932253,33.240701102649766,wdkvk6n2,clear-sweep-1
940343,36.65637583716717,wdkvk6n2,clear-sweep-1
948435,36.81800852464163,wdkvk6n2,clear-sweep-1
956464,35.41063770240909,wdkvk6n2,clear-sweep-1
964576,36.03557948285944,wdkvk6n2,clear-sweep-1
972685,36.40074966510498,wdkvk6n2,clear-sweep-1
980783,35.52148148162284,wdkvk6n2,clear-sweep-1
988884,35.85709336545018,wdkvk6n2,clear-sweep-1
996939,35.65553444452688,wdkvk6n2,clear-sweep-1
1005040.0,36.084349302718316,wdkvk6n2,clear-sweep-1
1013130.0,35.02290771023394,wdkvk6n2,clear-sweep-1
1021225.0,36.606625036033066,wdkvk6n2,clear-sweep-1
1029319.0,35.517196088079274,wdkvk6n2,clear-sweep-1
1037423.0,38.02132154863089,wdkvk6n2,clear-sweep-1
1045505.0,37.04204876483865,wdkvk6n2,clear-sweep-1
1053599.0,38.02132154863089,wdkvk6n2,clear-sweep-1
1061692.0,36.22046343948382,wdkvk6n2,clear-sweep-1
1069766.0,37.04204876483865,wdkvk6n2,clear-sweep-1
1077848.0,37.04204876483865,wdkvk6n2,clear-sweep-1
1085929.0,38.02132154863089,wdkvk6n2,clear-sweep-1
1094023.0,38.02132154863089,wdkvk6n2,clear-sweep-1
1102103.0,37.946834369134194,wdkvk6n2,clear-sweep-1
8251,18.398758406507962,1zaxufh1,jolly-sweep-2
16501,18.37101879945952,1zaxufh1,jolly-sweep-2
24764,16.41003024032785,1zaxufh1,jolly-sweep-2
33008,14.87681137340696,1zaxufh1,jolly-sweep-2
41284,20.48384109311081,1zaxufh1,jolly-sweep-2
49539,15.579886286577704,1zaxufh1,jolly-sweep-2
57801,16.987772820728402,1zaxufh1,jolly-sweep-2
66075,17.46145254642898,1zaxufh1,jolly-sweep-2
74313,17.917704394649025,1zaxufh1,jolly-sweep-2
82571,18.064795400084524,1zaxufh1,jolly-sweep-2
90804,19.82097582636366,1zaxufh1,jolly-sweep-2
99063,18.464941728364373,1zaxufh1,jolly-sweep-2
107339,13.15976782668948,1zaxufh1,jolly-sweep-2
115576,22.199765263459575,1zaxufh1,jolly-sweep-2
123848,14.379810671349187,1zaxufh1,jolly-sweep-2
132082,15.010679190445439,1zaxufh1,jolly-sweep-2
140346,19.82531692127009,1zaxufh1,jolly-sweep-2
148600,15.532204663287597,1zaxufh1,jolly-sweep-2
156854,13.339384723890529,1zaxufh1,jolly-sweep-2
165111,15.641821979499706,1zaxufh1,jolly-sweep-2
173360,18.850392501118584,1zaxufh1,jolly-sweep-2
181572,22.595365892940823,1zaxufh1,jolly-sweep-2
189792,12.086730386645979,1zaxufh1,jolly-sweep-2
198017,16.65457940691632,1zaxufh1,jolly-sweep-2
206280,20.696743615427685,1zaxufh1,jolly-sweep-2
214526,21.359101356388916,1zaxufh1,jolly-sweep-2
222746,20.246389359294284,1zaxufh1,jolly-sweep-2
230996,13.809537626495274,1zaxufh1,jolly-sweep-2
239228,16.541306399651653,1zaxufh1,jolly-sweep-2
247468,18.91813248745358,1zaxufh1,jolly-sweep-2
255695,23.60271369754513,1zaxufh1,jolly-sweep-2
263884,14.980877520003506,1zaxufh1,jolly-sweep-2
272110,19.620303566960867,1zaxufh1,jolly-sweep-2
280317,14.360802188938951,1zaxufh1,jolly-sweep-2
288499,13.635154992561743,1zaxufh1,jolly-sweep-2
296732,21.555363814296406,1zaxufh1,jolly-sweep-2
304943,20.78047183985609,1zaxufh1,jolly-sweep-2
313137,22.479546146191772,1zaxufh1,jolly-sweep-2
321363,24.105034846824555,1zaxufh1,jolly-sweep-2
329561,23.81764436404872,1zaxufh1,jolly-sweep-2
337718,25.553903732232662,1zaxufh1,jolly-sweep-2
345906,20.102813983007763,1zaxufh1,jolly-sweep-2
353987,25.284546676388864,1zaxufh1,jolly-sweep-2
362088,22.831257802296367,1zaxufh1,jolly-sweep-2
370165,26.21820121314529,1zaxufh1,jolly-sweep-2
378329,28.727563872655473,1zaxufh1,jolly-sweep-2
386469,25.230414969411015,1zaxufh1,jolly-sweep-2
394626,27.533073817225706,1zaxufh1,jolly-sweep-2
402795,29.42812739225409,1zaxufh1,jolly-sweep-2
410934,28.766609799414653,1zaxufh1,jolly-sweep-2
419093,29.894811960563157,1zaxufh1,jolly-sweep-2
427212,30.177607411840484,1zaxufh1,jolly-sweep-2
435280,30.819840228793492,1zaxufh1,jolly-sweep-2
443451,31.631772027466003,1zaxufh1,jolly-sweep-2
451521,31.77205480990358,1zaxufh1,jolly-sweep-2
459678,30.877172272289727,1zaxufh1,jolly-sweep-2
467837,30.638340159380675,1zaxufh1,jolly-sweep-2
475955,31.194707332386763,1zaxufh1,jolly-sweep-2
484071,30.638340159380675,1zaxufh1,jolly-sweep-2
492192,31.742917095342044,1zaxufh1,jolly-sweep-2
500318,31.742917095342044,1zaxufh1,jolly-sweep-2
508433,31.738800691400208,1zaxufh1,jolly-sweep-2
516563,31.578339186407305,1zaxufh1,jolly-sweep-2
524664,31.578339186407305,1zaxufh1,jolly-sweep-2
532781,31.578339186407305,1zaxufh1,jolly-sweep-2
540896,31.578339186407305,1zaxufh1,jolly-sweep-2
549002,31.71916946267843,1zaxufh1,jolly-sweep-2
557110,31.708555722705558,1zaxufh1,jolly-sweep-2
565249,31.708555722705558,1zaxufh1,jolly-sweep-2
573397,31.708555722705558,1zaxufh1,jolly-sweep-2
581537,31.708555722705558,1zaxufh1,jolly-sweep-2
589675,31.708555722705558,1zaxufh1,jolly-sweep-2
597856,31.708555722705558,1zaxufh1,jolly-sweep-2
606001,31.708555722705558,1zaxufh1,jolly-sweep-2
614166,29.599722203192254,1zaxufh1,jolly-sweep-2
622321,29.301772454445462,1zaxufh1,jolly-sweep-2
630492,31.578339186407305,1zaxufh1,jolly-sweep-2
638687,31.871620626845395,1zaxufh1,jolly-sweep-2
646851,31.586302109725374,1zaxufh1,jolly-sweep-2
655037,32.56489115730072,1zaxufh1,jolly-sweep-2
663179,32.49384063731088,1zaxufh1,jolly-sweep-2
671342,32.56489115730072,1zaxufh1,jolly-sweep-2
679487,31.573125670962508,1zaxufh1,jolly-sweep-2
687652,32.56489115730072,1zaxufh1,jolly-sweep-2
695798,32.56489115730072,1zaxufh1,jolly-sweep-2
703972,32.2839237689263,1zaxufh1,jolly-sweep-2
712127,32.56489115730072,1zaxufh1,jolly-sweep-2
720316,32.56489115730072,1zaxufh1,jolly-sweep-2
728491,32.56489115730072,1zaxufh1,jolly-sweep-2
736662,32.49384063731088,1zaxufh1,jolly-sweep-2
744808,32.56489115730072,1zaxufh1,jolly-sweep-2
752979,30.14669300657952,1zaxufh1,jolly-sweep-2
761145,32.870754691784796,1zaxufh1,jolly-sweep-2
769331,32.80024750412726,1zaxufh1,jolly-sweep-2
777520,31.717074064488067,1zaxufh1,jolly-sweep-2
785665,32.729741687041795,1zaxufh1,jolly-sweep-2
793829,32.874373920749306,1zaxufh1,jolly-sweep-2
801964,32.63499237686417,1zaxufh1,jolly-sweep-2
810124,32.905869033396186,1zaxufh1,jolly-sweep-2
818312,32.905869033396186,1zaxufh1,jolly-sweep-2
826466,32.905869033396186,1zaxufh1,jolly-sweep-2
834649,32.905869033396186,1zaxufh1,jolly-sweep-2
842806,32.905869033396186,1zaxufh1,jolly-sweep-2
850968,33.03761701113184,1zaxufh1,jolly-sweep-2
859138,33.028997734719795,1zaxufh1,jolly-sweep-2
867275,33.03761701113184,1zaxufh1,jolly-sweep-2
875409,33.03761701113184,1zaxufh1,jolly-sweep-2
883572,32.87858271774964,1zaxufh1,jolly-sweep-2
891725,32.94146198282989,1zaxufh1,jolly-sweep-2
899900,32.94146198282989,1zaxufh1,jolly-sweep-2
908073,33.03761701113184,1zaxufh1,jolly-sweep-2
916232,33.03761701113184,1zaxufh1,jolly-sweep-2
924397,33.39229017089495,1zaxufh1,jolly-sweep-2
932583,33.69520195984637,1zaxufh1,jolly-sweep-2
940742,33.529770945577866,1zaxufh1,jolly-sweep-2
948897,33.39229017089495,1zaxufh1,jolly-sweep-2
957070,33.39229017089495,1zaxufh1,jolly-sweep-2
965242,33.39229017089495,1zaxufh1,jolly-sweep-2
973394,33.39229017089495,1zaxufh1,jolly-sweep-2
981558,33.39229017089495,1zaxufh1,jolly-sweep-2
989723,33.39229017089495,1zaxufh1,jolly-sweep-2
997889,33.599469049619,1zaxufh1,jolly-sweep-2
1006045.0,33.599469049619,1zaxufh1,jolly-sweep-2
1014211.0,33.599469049619,1zaxufh1,jolly-sweep-2
1022384.0,33.599469049619,1zaxufh1,jolly-sweep-2
1030569.0,33.599469049619,1zaxufh1,jolly-sweep-2
1038738.0,33.599469049619,1zaxufh1,jolly-sweep-2
1046911.0,33.599469049619,1zaxufh1,jolly-sweep-2
1055076.0,33.599469049619,1zaxufh1,jolly-sweep-2
1063239.0,33.599469049619,1zaxufh1,jolly-sweep-2
1071405.0,33.599469049619,1zaxufh1,jolly-sweep-2
1079584.0,33.599469049619,1zaxufh1,jolly-sweep-2
1087736.0,33.599469049619,1zaxufh1,jolly-sweep-2
1095894.0,33.599469049619,1zaxufh1,jolly-sweep-2
1104031.0,33.599469049619,1zaxufh1,jolly-sweep-2
1112214.0,32.75023364490015,1zaxufh1,jolly-sweep-2
8209,1.456176599964818,gcvy7nlm,major-sweep-3
16369,21.292578601617926,gcvy7nlm,major-sweep-3
24505,10.663986297194269,gcvy7nlm,major-sweep-3
32685,5.136787909729229,gcvy7nlm,major-sweep-3
40917,17.316270987497685,gcvy7nlm,major-sweep-3
49094,11.358893642334923,gcvy7nlm,major-sweep-3
57266,14.567384999071317,gcvy7nlm,major-sweep-3
65405,17.65744667778707,gcvy7nlm,major-sweep-3
73564,15.439121017869024,gcvy7nlm,major-sweep-3
81743,16.20950420031512,gcvy7nlm,major-sweep-3
89916,19.59241363496984,gcvy7nlm,major-sweep-3
98072,24.6040766440494,gcvy7nlm,major-sweep-3
106237,20.150398067876175,gcvy7nlm,major-sweep-3
114401,22.802198481447405,gcvy7nlm,major-sweep-3
122538,19.61034052574642,gcvy7nlm,major-sweep-3
130708,18.258844337037594,gcvy7nlm,major-sweep-3
138867,19.076365341429987,gcvy7nlm,major-sweep-3
147007,24.764035431588034,gcvy7nlm,major-sweep-3
155154,29.562705088291995,gcvy7nlm,major-sweep-3
163340,28.440065304113613,gcvy7nlm,major-sweep-3
171504,12.996410609030693,gcvy7nlm,major-sweep-3
179675,13.368819850135731,gcvy7nlm,major-sweep-3
187814,21.926487811818653,gcvy7nlm,major-sweep-3
195953,19.3861246982244,gcvy7nlm,major-sweep-3
204091,17.371463977351958,gcvy7nlm,major-sweep-3
212180,21.196248586668936,gcvy7nlm,major-sweep-3
220291,20.14195983301504,gcvy7nlm,major-sweep-3
228435,22.844114984757585,gcvy7nlm,major-sweep-3
236532,15.135245536559989,gcvy7nlm,major-sweep-3
244655,25.605220330377954,gcvy7nlm,major-sweep-3
252773,22.797570611539964,gcvy7nlm,major-sweep-3
260929,24.731339313143962,gcvy7nlm,major-sweep-3
269033,22.867108037385492,gcvy7nlm,major-sweep-3
277132,12.414546088340852,gcvy7nlm,major-sweep-3
285315,19.165742606589344,gcvy7nlm,major-sweep-3
293460,15.107628195916552,gcvy7nlm,major-sweep-3
301626,18.71032398623976,gcvy7nlm,major-sweep-3
309786,20.809233585692773,gcvy7nlm,major-sweep-3
317902,12.375710907582894,gcvy7nlm,major-sweep-3
326025,13.200266374952424,gcvy7nlm,major-sweep-3
334191,19.585627961089397,gcvy7nlm,major-sweep-3
342293,20.335257367879315,gcvy7nlm,major-sweep-3
350467,23.48677681730934,gcvy7nlm,major-sweep-3
358613,21.07357479798732,gcvy7nlm,major-sweep-3
366771,14.222884859144807,gcvy7nlm,major-sweep-3
374895,3.9820203226825113,gcvy7nlm,major-sweep-3
383081,21.787445232427206,gcvy7nlm,major-sweep-3
391210,20.797736102131005,gcvy7nlm,major-sweep-3
399382,11.386822404470422,gcvy7nlm,major-sweep-3
407574,19.633013620383167,gcvy7nlm,major-sweep-3
415740,8.00238092962177,gcvy7nlm,major-sweep-3
423879,22.660468826458477,gcvy7nlm,major-sweep-3
432040,25.32588171161446,gcvy7nlm,major-sweep-3
440207,10.468877189776048,gcvy7nlm,major-sweep-3
448388,20.806135838710006,gcvy7nlm,major-sweep-3
456513,20.8581574644759,gcvy7nlm,major-sweep-3
464653,22.698353800652317,gcvy7nlm,major-sweep-3
472784,28.491661051242765,gcvy7nlm,major-sweep-3
480935,26.85713884958367,gcvy7nlm,major-sweep-3
489012,23.51252758700422,gcvy7nlm,major-sweep-3
497114,27.50645596252381,gcvy7nlm,major-sweep-3
505198,14.86303674310725,gcvy7nlm,major-sweep-3
513233,20.641307268661908,gcvy7nlm,major-sweep-3
521266,25.274606255084198,gcvy7nlm,major-sweep-3
529278,21.25722482121279,gcvy7nlm,major-sweep-3
537341,7.999156395628662,gcvy7nlm,major-sweep-3
545358,15.773773023136204,gcvy7nlm,major-sweep-3
553358,15.102069965778359,gcvy7nlm,major-sweep-3
561393,21.296911125580678,gcvy7nlm,major-sweep-3
569449,21.192272128771283,gcvy7nlm,major-sweep-3
577485,21.347758038975204,gcvy7nlm,major-sweep-3
585545,23.36777608857475,gcvy7nlm,major-sweep-3
593595,25.20921017405117,gcvy7nlm,major-sweep-3
601679,27.497223770915404,gcvy7nlm,major-sweep-3
609680,19.752020199453362,gcvy7nlm,major-sweep-3
617654,17.962202926365098,gcvy7nlm,major-sweep-3
625689,20.250556729174804,gcvy7nlm,major-sweep-3
633697,12.598565512586536,gcvy7nlm,major-sweep-3
641697,27.638024856134848,gcvy7nlm,major-sweep-3
649735,24.74683949587948,gcvy7nlm,major-sweep-3
657763,21.01176556240684,gcvy7nlm,major-sweep-3
665774,24.323308769473083,gcvy7nlm,major-sweep-3
673744,29.532844524597373,gcvy7nlm,major-sweep-3
681625,18.721343989848133,gcvy7nlm,major-sweep-3
689425,26.77644014211598,gcvy7nlm,major-sweep-3
697350,8.377838579142196,gcvy7nlm,major-sweep-3
705250,21.399050170815023,gcvy7nlm,major-sweep-3
713180,23.202605579853138,gcvy7nlm,major-sweep-3
721065,24.192848608851005,gcvy7nlm,major-sweep-3
728957,11.813845113087973,gcvy7nlm,major-sweep-3
736808,24.164438036966647,gcvy7nlm,major-sweep-3
744646,27.837044614524586,gcvy7nlm,major-sweep-3
752590,25.52111868560038,gcvy7nlm,major-sweep-3
760564,30.353392995611404,gcvy7nlm,major-sweep-3
768430,24.725729403697265,gcvy7nlm,major-sweep-3
776422,26.719499474089254,gcvy7nlm,major-sweep-3
784342,20.281561234278705,gcvy7nlm,major-sweep-3
792261,29.381210535294578,gcvy7nlm,major-sweep-3
800218,28.79284743132427,gcvy7nlm,major-sweep-3
808152,22.778130923379095,gcvy7nlm,major-sweep-3
816130,27.23054379768272,gcvy7nlm,major-sweep-3
824099,21.939355692402017,gcvy7nlm,major-sweep-3
832062,20.445617066940322,gcvy7nlm,major-sweep-3
840020,34.34916992291717,gcvy7nlm,major-sweep-3
847947,22.173956483382288,gcvy7nlm,major-sweep-3
855850,31.441559784166248,gcvy7nlm,major-sweep-3
863803,28.38603182712844,gcvy7nlm,major-sweep-3
871705,21.488306336964207,gcvy7nlm,major-sweep-3
879672,31.39035973432602,gcvy7nlm,major-sweep-3
887632,30.146819225072612,gcvy7nlm,major-sweep-3
895591,22.370445225669023,gcvy7nlm,major-sweep-3
903552,33.27186987738129,gcvy7nlm,major-sweep-3
911553,31.394838721581504,gcvy7nlm,major-sweep-3
919549,25.544943499947287,gcvy7nlm,major-sweep-3
927555,29.285366098805376,gcvy7nlm,major-sweep-3
935533,30.46982931954696,gcvy7nlm,major-sweep-3
943433,29.98097215775585,gcvy7nlm,major-sweep-3
951407,32.15459498102272,gcvy7nlm,major-sweep-3
959365,28.12406924794011,gcvy7nlm,major-sweep-3
967407,30.04374035921303,gcvy7nlm,major-sweep-3
975379,27.080459812049675,gcvy7nlm,major-sweep-3
983348,32.36153674058935,gcvy7nlm,major-sweep-3
991368,27.979281792822444,gcvy7nlm,major-sweep-3
999450,28.13126796967102,gcvy7nlm,major-sweep-3
1007415.0,33.90984122467394,gcvy7nlm,major-sweep-3
1015381.0,34.93245327421276,gcvy7nlm,major-sweep-3
1023407.0,34.48795678623098,gcvy7nlm,major-sweep-3
1031342.0,34.29589448986324,gcvy7nlm,major-sweep-3
1039300.0,34.677900654884255,gcvy7nlm,major-sweep-3
1047290.0,34.081011199218835,gcvy7nlm,major-sweep-3
1055324.0,33.63798530302855,gcvy7nlm,major-sweep-3
1063314.0,32.0927353227408,gcvy7nlm,major-sweep-3
1071369.0,36.01661132662666,gcvy7nlm,major-sweep-3
1079390.0,34.02482326478644,gcvy7nlm,major-sweep-3
1087411.0,32.26741058214304,gcvy7nlm,major-sweep-3
1095516.0,34.5257258826061,gcvy7nlm,major-sweep-3
8193,10.218477657646776,e6ug4o89,lyric-sweep-4
16394,10.340702696081772,e6ug4o89,lyric-sweep-4
24606,18.300557788326785,e6ug4o89,lyric-sweep-4
32798,15.156585697898418,e6ug4o89,lyric-sweep-4
40987,14.323322604209366,e6ug4o89,lyric-sweep-4
49149,20.47899862583957,e6ug4o89,lyric-sweep-4
57387,16.02599339712131,e6ug4o89,lyric-sweep-4
65546,16.2451957831074,e6ug4o89,lyric-sweep-4
73746,29.004826633983857,e6ug4o89,lyric-sweep-4
81948,17.75729533502119,e6ug4o89,lyric-sweep-4
90120,22.1818492642712,e6ug4o89,lyric-sweep-4
98293,24.95333142626894,e6ug4o89,lyric-sweep-4
106457,17.27464277719978,e6ug4o89,lyric-sweep-4
114630,22.996163628106967,e6ug4o89,lyric-sweep-4
122816,24.141055917375603,e6ug4o89,lyric-sweep-4
130982,19.513589455444464,e6ug4o89,lyric-sweep-4
139169,19.68693501325659,e6ug4o89,lyric-sweep-4
147287,26.69675493879033,e6ug4o89,lyric-sweep-4
155456,20.077135750668685,e6ug4o89,lyric-sweep-4
163632,19.802649633772283,e6ug4o89,lyric-sweep-4
171750,17.31767396497623,e6ug4o89,lyric-sweep-4
179935,16.905688129363938,e6ug4o89,lyric-sweep-4
188138,21.056183058205363,e6ug4o89,lyric-sweep-4
196269,20.074125408103402,e6ug4o89,lyric-sweep-4
204381,27.98533683364593,e6ug4o89,lyric-sweep-4
212515,26.7189934351105,e6ug4o89,lyric-sweep-4
220663,24.42570035992307,e6ug4o89,lyric-sweep-4
228797,20.839556690730625,e6ug4o89,lyric-sweep-4
236895,17.948878312597778,e6ug4o89,lyric-sweep-4
245011,21.717409786180617,e6ug4o89,lyric-sweep-4
253099,25.579888179779907,e6ug4o89,lyric-sweep-4
261150,25.506512492474826,e6ug4o89,lyric-sweep-4
269206,15.423737397818428,e6ug4o89,lyric-sweep-4
277308,25.005602962907965,e6ug4o89,lyric-sweep-4
285265,21.63776931565274,e6ug4o89,lyric-sweep-4
293186,26.055142133093437,e6ug4o89,lyric-sweep-4
301134,24.252733925896912,e6ug4o89,lyric-sweep-4
308989,19.184197295937555,e6ug4o89,lyric-sweep-4
316779,23.382377415150273,e6ug4o89,lyric-sweep-4
324555,27.305962784302977,e6ug4o89,lyric-sweep-4
332383,30.361179679823444,e6ug4o89,lyric-sweep-4
340135,28.039661189754714,e6ug4o89,lyric-sweep-4
347952,27.184114857864348,e6ug4o89,lyric-sweep-4
355729,25.50397124626674,e6ug4o89,lyric-sweep-4
363395,32.10884111238992,e6ug4o89,lyric-sweep-4
371092,30.578103633065133,e6ug4o89,lyric-sweep-4
378706,32.48018877980046,e6ug4o89,lyric-sweep-4
386220,30.755989162198706,e6ug4o89,lyric-sweep-4
393689,27.016322572872685,e6ug4o89,lyric-sweep-4
401244,25.033377358258136,e6ug4o89,lyric-sweep-4
408740,32.663157568459816,e6ug4o89,lyric-sweep-4
416415,28.665914474937573,e6ug4o89,lyric-sweep-4
423997,27.371082558811445,e6ug4o89,lyric-sweep-4
431652,30.837577864213834,e6ug4o89,lyric-sweep-4
439233,32.90604936376237,e6ug4o89,lyric-sweep-4
446885,31.2772600523114,e6ug4o89,lyric-sweep-4
454417,28.011226737816703,e6ug4o89,lyric-sweep-4
462019,35.801618149617994,e6ug4o89,lyric-sweep-4
469533,32.12460599015233,e6ug4o89,lyric-sweep-4
477248,34.05941678141317,e6ug4o89,lyric-sweep-4
484784,24.22735178014351,e6ug4o89,lyric-sweep-4
492283,33.13313039544856,e6ug4o89,lyric-sweep-4
499855,28.765960305032575,e6ug4o89,lyric-sweep-4
507357,29.254057047430376,e6ug4o89,lyric-sweep-4
514930,31.828647012494674,e6ug4o89,lyric-sweep-4
522569,31.129813564077665,e6ug4o89,lyric-sweep-4
530175,32.84673991322503,e6ug4o89,lyric-sweep-4
537779,26.32316452602755,e6ug4o89,lyric-sweep-4
545449,33.95881777973521,e6ug4o89,lyric-sweep-4
553009,29.29729936216023,e6ug4o89,lyric-sweep-4
560619,30.812405728807484,e6ug4o89,lyric-sweep-4
568248,33.06692434441756,e6ug4o89,lyric-sweep-4
575885,32.063940834182894,e6ug4o89,lyric-sweep-4
583541,23.453507982459524,e6ug4o89,lyric-sweep-4
591140,33.95256312889742,e6ug4o89,lyric-sweep-4
598696,30.72807525155208,e6ug4o89,lyric-sweep-4
606310,32.08695518237259,e6ug4o89,lyric-sweep-4
613981,33.992558746858805,e6ug4o89,lyric-sweep-4
621564,33.84064434566399,e6ug4o89,lyric-sweep-4
629230,32.04804945491047,e6ug4o89,lyric-sweep-4
636929,32.819137121802854,e6ug4o89,lyric-sweep-4
644542,30.169844166149574,e6ug4o89,lyric-sweep-4
652269,32.01916233443485,e6ug4o89,lyric-sweep-4
660004,32.82606453401628,e6ug4o89,lyric-sweep-4
667787,33.14595286441483,e6ug4o89,lyric-sweep-4
675560,25.872691480350067,e6ug4o89,lyric-sweep-4
683375,31.490849284029093,e6ug4o89,lyric-sweep-4
691130,29.096324701217657,e6ug4o89,lyric-sweep-4
698914,31.647677087301787,e6ug4o89,lyric-sweep-4
706687,29.14612289265047,e6ug4o89,lyric-sweep-4
714398,32.78090728539304,e6ug4o89,lyric-sweep-4
722206,31.799045785679244,e6ug4o89,lyric-sweep-4
729961,33.32590068380651,e6ug4o89,lyric-sweep-4
737698,33.05493994057937,e6ug4o89,lyric-sweep-4
745467,32.87818530460605,e6ug4o89,lyric-sweep-4
753030,31.859868199869698,e6ug4o89,lyric-sweep-4
760588,33.50440615117906,e6ug4o89,lyric-sweep-4
768068,32.64203460418935,e6ug4o89,lyric-sweep-4
775624,33.559252813888506,e6ug4o89,lyric-sweep-4
783127,33.47296856617739,e6ug4o89,lyric-sweep-4
790704,32.03274283621789,e6ug4o89,lyric-sweep-4
798314,28.662426607695352,e6ug4o89,lyric-sweep-4
805774,34.96127403153354,e6ug4o89,lyric-sweep-4
813362,34.92647055557056,e6ug4o89,lyric-sweep-4
820960,34.37716368834217,e6ug4o89,lyric-sweep-4
828570,32.22994294883485,e6ug4o89,lyric-sweep-4
836117,34.31085492392608,e6ug4o89,lyric-sweep-4
843616,35.60517276718866,e6ug4o89,lyric-sweep-4
851131,34.66879386368625,e6ug4o89,lyric-sweep-4
858665,34.81522448375665,e6ug4o89,lyric-sweep-4
866143,35.108636359132035,e6ug4o89,lyric-sweep-4
873635,34.804054248624354,e6ug4o89,lyric-sweep-4
881170,34.32583831363909,e6ug4o89,lyric-sweep-4
888710,33.580775275398615,e6ug4o89,lyric-sweep-4
896206,36.986478633593194,e6ug4o89,lyric-sweep-4
903707,34.928954464905026,e6ug4o89,lyric-sweep-4
911237,36.908964693229564,e6ug4o89,lyric-sweep-4
918772,36.92967508950538,e6ug4o89,lyric-sweep-4
926338,34.43306858913459,e6ug4o89,lyric-sweep-4
933820,36.56821011414447,e6ug4o89,lyric-sweep-4
941375,37.74347487199848,e6ug4o89,lyric-sweep-4
948904,36.40497310351934,e6ug4o89,lyric-sweep-4
956413,34.343695319855776,e6ug4o89,lyric-sweep-4
963914,37.95168967156252,e6ug4o89,lyric-sweep-4
971388,35.53843867143739,e6ug4o89,lyric-sweep-4
978786,36.057156122299496,e6ug4o89,lyric-sweep-4
986197,37.52417974200522,e6ug4o89,lyric-sweep-4
993609,38.110917861805135,e6ug4o89,lyric-sweep-4
1001012.0,37.53934326537258,e6ug4o89,lyric-sweep-4
1008478.0,34.3057688917297,e6ug4o89,lyric-sweep-4
1015974.0,38.128241321097846,e6ug4o89,lyric-sweep-4
1023542.0,38.52774602641061,e6ug4o89,lyric-sweep-4
1031088.0,37.94124435013558,e6ug4o89,lyric-sweep-4
1038676.0,38.01232878628166,e6ug4o89,lyric-sweep-4
1046197.0,38.01232878628166,e6ug4o89,lyric-sweep-4
1053745.0,37.66030265686912,e6ug4o89,lyric-sweep-4
8269,24.538191981473112,7qnac4m6,grateful-sweep-5
16522,17.63790616917033,7qnac4m6,grateful-sweep-5
24772,17.924020043921693,7qnac4m6,grateful-sweep-5
33034,14.072783575021342,7qnac4m6,grateful-sweep-5
41286,19.83033650867545,7qnac4m6,grateful-sweep-5
49565,15.300985231006313,7qnac4m6,grateful-sweep-5
57809,12.096919009776013,7qnac4m6,grateful-sweep-5
66044,14.709078801201613,7qnac4m6,grateful-sweep-5
74286,13.913326566117087,7qnac4m6,grateful-sweep-5
82545,23.06972888056284,7qnac4m6,grateful-sweep-5
90804,17.654287205407197,7qnac4m6,grateful-sweep-5
99046,14.74224598462298,7qnac4m6,grateful-sweep-5
107327,15.766706457468533,7qnac4m6,grateful-sweep-5
115616,17.454495932386358,7qnac4m6,grateful-sweep-5
123857,17.983758948780228,7qnac4m6,grateful-sweep-5
132114,19.888183371500354,7qnac4m6,grateful-sweep-5
140344,17.340830288305774,7qnac4m6,grateful-sweep-5
148621,19.539984235411662,7qnac4m6,grateful-sweep-5
156908,15.876421257926717,7qnac4m6,grateful-sweep-5
165169,17.46562603547556,7qnac4m6,grateful-sweep-5
173391,22.371119892842568,7qnac4m6,grateful-sweep-5
181632,18.316469808343964,7qnac4m6,grateful-sweep-5
189852,27.281451107717167,7qnac4m6,grateful-sweep-5
198089,19.766512496439294,7qnac4m6,grateful-sweep-5
206302,15.185694049421485,7qnac4m6,grateful-sweep-5
214510,19.80224709639039,7qnac4m6,grateful-sweep-5
222730,12.926423160246594,7qnac4m6,grateful-sweep-5
230898,6.691124492928084,7qnac4m6,grateful-sweep-5
239065,19.795902785946318,7qnac4m6,grateful-sweep-5
247224,22.993712867324813,7qnac4m6,grateful-sweep-5
255371,21.91228600840443,7qnac4m6,grateful-sweep-5
263518,16.21799027128394,7qnac4m6,grateful-sweep-5
271690,18.868870561889217,7qnac4m6,grateful-sweep-5
279810,16.033907173917555,7qnac4m6,grateful-sweep-5
287931,23.725420044069686,7qnac4m6,grateful-sweep-5
296017,24.5420887950392,7qnac4m6,grateful-sweep-5
304095,25.027189251660353,7qnac4m6,grateful-sweep-5
312186,17.77448035812624,7qnac4m6,grateful-sweep-5
320317,20.920575457555323,7qnac4m6,grateful-sweep-5
328373,12.522236487401397,7qnac4m6,grateful-sweep-5
336457,19.35240521578653,7qnac4m6,grateful-sweep-5
344595,21.916398344708973,7qnac4m6,grateful-sweep-5
352664,20.52497870362645,7qnac4m6,grateful-sweep-5
360741,19.594352240164188,7qnac4m6,grateful-sweep-5
368772,21.697761793026096,7qnac4m6,grateful-sweep-5
376778,23.441145042328934,7qnac4m6,grateful-sweep-5
384803,18.482526811707856,7qnac4m6,grateful-sweep-5
392772,16.361378461605007,7qnac4m6,grateful-sweep-5
400734,24.08961032569676,7qnac4m6,grateful-sweep-5
408770,21.997703257495687,7qnac4m6,grateful-sweep-5
416802,24.494095531562795,7qnac4m6,grateful-sweep-5
424825,23.431076538539777,7qnac4m6,grateful-sweep-5
432796,32.95392041685291,7qnac4m6,grateful-sweep-5
440862,26.532443690108618,7qnac4m6,grateful-sweep-5
448892,28.316451722956646,7qnac4m6,grateful-sweep-5
456925,29.490810969396353,7qnac4m6,grateful-sweep-5
464950,30.311043803549335,7qnac4m6,grateful-sweep-5
472913,29.01914823406168,7qnac4m6,grateful-sweep-5
480891,30.872176858582257,7qnac4m6,grateful-sweep-5
488864,30.0006797235735,7qnac4m6,grateful-sweep-5
496731,29.902628810430986,7qnac4m6,grateful-sweep-5
504593,23.118119185488446,7qnac4m6,grateful-sweep-5
512484,29.61454931801209,7qnac4m6,grateful-sweep-5
520262,33.03414742917744,7qnac4m6,grateful-sweep-5
528022,29.255353118731215,7qnac4m6,grateful-sweep-5
535809,31.923996302050092,7qnac4m6,grateful-sweep-5
543621,33.17736177750484,7qnac4m6,grateful-sweep-5
551361,34.291848895965146,7qnac4m6,grateful-sweep-5
559158,33.71724164021957,7qnac4m6,grateful-sweep-5
566993,33.7170796077187,7qnac4m6,grateful-sweep-5
574816,32.33018190191076,7qnac4m6,grateful-sweep-5
582602,33.16857189368021,7qnac4m6,grateful-sweep-5
590427,30.84638752525758,7qnac4m6,grateful-sweep-5
598250,31.561001882808405,7qnac4m6,grateful-sweep-5
606072,29.452594988761973,7qnac4m6,grateful-sweep-5
613978,32.61290138510809,7qnac4m6,grateful-sweep-5
621834,33.59993785412288,7qnac4m6,grateful-sweep-5
629668,33.19091019407514,7qnac4m6,grateful-sweep-5
637476,34.46506984769867,7qnac4m6,grateful-sweep-5
645382,31.523457926820527,7qnac4m6,grateful-sweep-5
653193,31.28552815699705,7qnac4m6,grateful-sweep-5
661071,32.39073525490808,7qnac4m6,grateful-sweep-5
668951,32.948887075679686,7qnac4m6,grateful-sweep-5
676795,33.30505881582762,7qnac4m6,grateful-sweep-5
684607,32.18306654350398,7qnac4m6,grateful-sweep-5
692361,32.28375270664971,7qnac4m6,grateful-sweep-5
700237,31.631836036228968,7qnac4m6,grateful-sweep-5
708084,32.062994503902516,7qnac4m6,grateful-sweep-5
715918,33.79029312995441,7qnac4m6,grateful-sweep-5
723732,31.776875149931318,7qnac4m6,grateful-sweep-5
731558,29.495140975402705,7qnac4m6,grateful-sweep-5
739321,34.27591365959536,7qnac4m6,grateful-sweep-5
747100,32.15691261724463,7qnac4m6,grateful-sweep-5
754919,33.8816237774617,7qnac4m6,grateful-sweep-5
762707,35.53476079775773,7qnac4m6,grateful-sweep-5
770576,31.05692294425088,7qnac4m6,grateful-sweep-5
778449,34.47876632429198,7qnac4m6,grateful-sweep-5
786316,35.863717134873575,7qnac4m6,grateful-sweep-5
794191,36.02753586682314,7qnac4m6,grateful-sweep-5
802031,34.775608414604584,7qnac4m6,grateful-sweep-5
809850,36.41229576390266,7qnac4m6,grateful-sweep-5
817707,36.610114229508774,7qnac4m6,grateful-sweep-5
825642,36.610114229508774,7qnac4m6,grateful-sweep-5
833512,36.34253736966348,7qnac4m6,grateful-sweep-5
841392,35.550223845675134,7qnac4m6,grateful-sweep-5
849342,35.26665360197322,7qnac4m6,grateful-sweep-5
857234,36.971723903897455,7qnac4m6,grateful-sweep-5
865224,36.27637931614058,7qnac4m6,grateful-sweep-5
873146,36.43024281762624,7qnac4m6,grateful-sweep-5
881109,35.36207533958982,7qnac4m6,grateful-sweep-5
889073,35.31833515005777,7qnac4m6,grateful-sweep-5
897021,36.0815609572933,7qnac4m6,grateful-sweep-5
905023,34.5412294671761,7qnac4m6,grateful-sweep-5
913036,34.050425961523835,7qnac4m6,grateful-sweep-5
920979,36.0815609572933,7qnac4m6,grateful-sweep-5
928974,34.95689890841636,7qnac4m6,grateful-sweep-5
936940,36.25297221131348,7qnac4m6,grateful-sweep-5
944919,35.60949928850055,7qnac4m6,grateful-sweep-5
952909,35.78669163171399,7qnac4m6,grateful-sweep-5
960887,35.05744011098342,7qnac4m6,grateful-sweep-5
968848,34.346714241747925,7qnac4m6,grateful-sweep-5
976828,36.83925170113956,7qnac4m6,grateful-sweep-5
984783,35.85045329204511,7qnac4m6,grateful-sweep-5
992742,36.214798464143136,7qnac4m6,grateful-sweep-5
1000684.0,37.20001667043832,7qnac4m6,grateful-sweep-5
1008633.0,36.157171360934356,7qnac4m6,grateful-sweep-5
1016625.0,37.12406650815276,7qnac4m6,grateful-sweep-5
1024589.0,36.9095033187136,7qnac4m6,grateful-sweep-5
1032568.0,36.07212958183915,7qnac4m6,grateful-sweep-5
1040478.0,37.239179741925604,7qnac4m6,grateful-sweep-5
1048441.0,36.2196104925013,7qnac4m6,grateful-sweep-5
1056359.0,36.29624515804103,7qnac4m6,grateful-sweep-5
1064351.0,36.51348668086625,7qnac4m6,grateful-sweep-5
1072348.0,37.14948959622883,7qnac4m6,grateful-sweep-5
1080322.0,36.218405160523865,7qnac4m6,grateful-sweep-5
1088276.0,35.85438258110485,7qnac4m6,grateful-sweep-5
8260,22.38496907385919,gvvp6j0b,still-sweep-6
16505,16.007057875442673,gvvp6j0b,still-sweep-6
24716,12.4275005743537,gvvp6j0b,still-sweep-6
32939,12.655801172296933,gvvp6j0b,still-sweep-6
41119,19.978236135322636,gvvp6j0b,still-sweep-6
49326,7.620205280203608,gvvp6j0b,still-sweep-6
57549,18.921236723106023,gvvp6j0b,still-sweep-6
65753,9.393209990541935,gvvp6j0b,still-sweep-6
73936,22.410106488044704,gvvp6j0b,still-sweep-6
82113,20.864214694919276,gvvp6j0b,still-sweep-6
90306,17.611970363561547,gvvp6j0b,still-sweep-6
98503,10.252811426269705,gvvp6j0b,still-sweep-6
106718,15.254333272427285,gvvp6j0b,still-sweep-6
114897,24.633372007294867,gvvp6j0b,still-sweep-6
123103,22.261539737570455,gvvp6j0b,still-sweep-6
131302,19.451771857216023,gvvp6j0b,still-sweep-6
139482,15.959782058750596,gvvp6j0b,still-sweep-6
147698,13.788032676206337,gvvp6j0b,still-sweep-6
155818,23.2215719234471,gvvp6j0b,still-sweep-6
163941,10.677017685812226,gvvp6j0b,still-sweep-6
172049,21.513353059773202,gvvp6j0b,still-sweep-6
180213,17.899717463450298,gvvp6j0b,still-sweep-6
188305,28.377106923800135,gvvp6j0b,still-sweep-6
196439,13.938735811803786,gvvp6j0b,still-sweep-6
204554,7.77115404007196,gvvp6j0b,still-sweep-6
212732,27.351284142203532,gvvp6j0b,still-sweep-6
220832,14.765705601666491,gvvp6j0b,still-sweep-6
229008,25.19594136363279,gvvp6j0b,still-sweep-6
237169,18.327445241578573,gvvp6j0b,still-sweep-6
245409,20.812259520018824,gvvp6j0b,still-sweep-6
253608,17.28589930361835,gvvp6j0b,still-sweep-6
261700,22.560419482454037,gvvp6j0b,still-sweep-6
269861,9.39693959531208,gvvp6j0b,still-sweep-6
278014,17.24942816783598,gvvp6j0b,still-sweep-6
286131,24.734859301762764,gvvp6j0b,still-sweep-6
294282,12.195535119331641,gvvp6j0b,still-sweep-6
302444,17.83987967348928,gvvp6j0b,still-sweep-6
310616,20.778530870227446,gvvp6j0b,still-sweep-6
318730,12.420034824413857,gvvp6j0b,still-sweep-6
326909,16.62895109654011,gvvp6j0b,still-sweep-6
335072,10.446637259552414,gvvp6j0b,still-sweep-6
343216,20.689922898938313,gvvp6j0b,still-sweep-6
351384,16.35096379190953,gvvp6j0b,still-sweep-6
359498,27.889191197298253,gvvp6j0b,still-sweep-6
367574,20.088733212989045,gvvp6j0b,still-sweep-6
375687,12.077769759464788,gvvp6j0b,still-sweep-6
383794,14.906063229273752,gvvp6j0b,still-sweep-6
391910,22.58722418666018,gvvp6j0b,still-sweep-6
400019,8.622432705549958,gvvp6j0b,still-sweep-6
408092,23.729542962622197,gvvp6j0b,still-sweep-6
416156,21.07441041162534,gvvp6j0b,still-sweep-6
424149,22.69798937433734,gvvp6j0b,still-sweep-6
432223,9.823033108437247,gvvp6j0b,still-sweep-6
440305,17.38146389261107,gvvp6j0b,still-sweep-6
448435,12.744452347978726,gvvp6j0b,still-sweep-6
456528,17.493246326153404,gvvp6j0b,still-sweep-6
464575,23.148101539574874,gvvp6j0b,still-sweep-6
472632,25.84225612061882,gvvp6j0b,still-sweep-6
480645,28.268850814272763,gvvp6j0b,still-sweep-6
488722,19.071372424410544,gvvp6j0b,still-sweep-6
496731,28.356462772151264,gvvp6j0b,still-sweep-6
504782,22.22289155994104,gvvp6j0b,still-sweep-6
512810,19.594159922934534,gvvp6j0b,still-sweep-6
520853,26.606550145883865,gvvp6j0b,still-sweep-6
528818,22.62720274145177,gvvp6j0b,still-sweep-6
536806,28.513971435160364,gvvp6j0b,still-sweep-6
544703,27.203865113111767,gvvp6j0b,still-sweep-6
552710,22.609319388694892,gvvp6j0b,still-sweep-6
560761,30.18594968454492,gvvp6j0b,still-sweep-6
568813,22.519013481433653,gvvp6j0b,still-sweep-6
576835,29.00771520929062,gvvp6j0b,still-sweep-6
584862,18.973464211512788,gvvp6j0b,still-sweep-6
592925,29.13872714895236,gvvp6j0b,still-sweep-6
600920,29.841816848478214,gvvp6j0b,still-sweep-6
609008,25.543308264732264,gvvp6j0b,still-sweep-6
617036,29.45087587223518,gvvp6j0b,still-sweep-6
625046,31.011156703945737,gvvp6j0b,still-sweep-6
633110,26.991839108430504,gvvp6j0b,still-sweep-6
641201,29.38916344570249,gvvp6j0b,still-sweep-6
649223,25.74582485736871,gvvp6j0b,still-sweep-6
657296,30.506080357519842,gvvp6j0b,still-sweep-6
665412,27.61710666353422,gvvp6j0b,still-sweep-6
673546,31.791536470699178,gvvp6j0b,still-sweep-6
681618,30.379966626445945,gvvp6j0b,still-sweep-6
689764,31.183674520742812,gvvp6j0b,still-sweep-6
697947,31.39225547421163,gvvp6j0b,still-sweep-6
706032,26.134516267071156,gvvp6j0b,still-sweep-6
714061,32.454551790841016,gvvp6j0b,still-sweep-6
722172,29.01565090810294,gvvp6j0b,still-sweep-6
730250,29.28386138347429,gvvp6j0b,still-sweep-6
738354,31.600638410083597,gvvp6j0b,still-sweep-6
746451,30.603943331929713,gvvp6j0b,still-sweep-6
754448,30.686360809810928,gvvp6j0b,still-sweep-6
762511,28.24791059764795,gvvp6j0b,still-sweep-6
770639,29.93730144300876,gvvp6j0b,still-sweep-6
778692,30.51012454982692,gvvp6j0b,still-sweep-6
786784,31.251356506954956,gvvp6j0b,still-sweep-6
794853,31.43340943695286,gvvp6j0b,still-sweep-6
802992,31.83238353893206,gvvp6j0b,still-sweep-6
811119,31.394721581479494,gvvp6j0b,still-sweep-6
819257,29.533680744911976,gvvp6j0b,still-sweep-6
827354,31.94379271168041,gvvp6j0b,still-sweep-6
835397,32.826234430838625,gvvp6j0b,still-sweep-6
843515,32.652616962959414,gvvp6j0b,still-sweep-6
851661,33.051050530266174,gvvp6j0b,still-sweep-6
859817,27.628126506776255,gvvp6j0b,still-sweep-6
867987,31.75506103085654,gvvp6j0b,still-sweep-6
876109,31.966670038245404,gvvp6j0b,still-sweep-6
884265,30.016450149046353,gvvp6j0b,still-sweep-6
892406,32.605572811127,gvvp6j0b,still-sweep-6
900492,34.400215655556565,gvvp6j0b,still-sweep-6
908603,33.85459992731025,gvvp6j0b,still-sweep-6
916727,36.05213105013833,gvvp6j0b,still-sweep-6
924755,34.073683724491076,gvvp6j0b,still-sweep-6
932844,34.91781731560332,gvvp6j0b,still-sweep-6
940910,35.411236628153276,gvvp6j0b,still-sweep-6
949063,35.048831101619754,gvvp6j0b,still-sweep-6
957160,35.73240347579756,gvvp6j0b,still-sweep-6
965328,35.90175871255745,gvvp6j0b,still-sweep-6
973425,35.27609919084263,gvvp6j0b,still-sweep-6
981503,35.65130523981668,gvvp6j0b,still-sweep-6
989584,35.09219890770996,gvvp6j0b,still-sweep-6
997717,32.5797137988785,gvvp6j0b,still-sweep-6
1005856.0,32.015185430973254,gvvp6j0b,still-sweep-6
1013956.0,32.6611211074766,gvvp6j0b,still-sweep-6
1022037.0,35.067253711483396,gvvp6j0b,still-sweep-6
1030137.0,34.154045458821976,gvvp6j0b,still-sweep-6
1038299.0,35.131063987165156,gvvp6j0b,still-sweep-6
1046389.0,34.154045458821976,gvvp6j0b,still-sweep-6
1054471.0,33.07881371939358,gvvp6j0b,still-sweep-6
1062540.0,34.54688185967327,gvvp6j0b,still-sweep-6
1070603.0,34.824433881106096,gvvp6j0b,still-sweep-6
1078690.0,35.64959397285134,gvvp6j0b,still-sweep-6
1086843.0,33.69469249189062,gvvp6j0b,still-sweep-6
1094937.0,35.277210331727886,gvvp6j0b,still-sweep-6
1103046.0,33.69469249189062,gvvp6j0b,still-sweep-6
8149,11.134097408746086,zv5mddx6,different-sweep-7
16370,20.62237042944342,zv5mddx6,different-sweep-7
24585,16.103833306079572,zv5mddx6,different-sweep-7
32728,11.20960548042801,zv5mddx6,different-sweep-7
40895,25.53337064205933,zv5mddx6,different-sweep-7
49096,13.556036189892902,zv5mddx6,different-sweep-7
57266,5.790888229577644,zv5mddx6,different-sweep-7
65425,16.753251030133214,zv5mddx6,different-sweep-7
73549,12.136234700753686,zv5mddx6,different-sweep-7
81696,21.383485172196497,zv5mddx6,different-sweep-7
89833,19.69402003357102,zv5mddx6,different-sweep-7
97947,22.19725740225071,zv5mddx6,different-sweep-7
106085,19.64973621648951,zv5mddx6,different-sweep-7
114161,18.0246595595889,zv5mddx6,different-sweep-7
122235,17.990630003907466,zv5mddx6,different-sweep-7
130269,22.211423320354037,zv5mddx6,different-sweep-7
138377,15.007286213186148,zv5mddx6,different-sweep-7
146428,19.375301932952738,zv5mddx6,different-sweep-7
154471,21.167012754728518,zv5mddx6,different-sweep-7
162582,17.01129485608496,zv5mddx6,different-sweep-7
170642,17.749401299917643,zv5mddx6,different-sweep-7
178760,27.640434775712112,zv5mddx6,different-sweep-7
186834,18.175201981457104,zv5mddx6,different-sweep-7
194854,23.892497641411172,zv5mddx6,different-sweep-7
202896,13.360378702949845,zv5mddx6,different-sweep-7
210978,20.258131047304534,zv5mddx6,different-sweep-7
219042,13.756321493351304,zv5mddx6,different-sweep-7
227102,26.575343064368735,zv5mddx6,different-sweep-7
235172,19.91733675800196,zv5mddx6,different-sweep-7
243236,17.103075888736168,zv5mddx6,different-sweep-7
251258,22.165974409302528,zv5mddx6,different-sweep-7
259352,25.110049200458008,zv5mddx6,different-sweep-7
267503,18.31317389687872,zv5mddx6,different-sweep-7
275552,23.48760072329209,zv5mddx6,different-sweep-7
283611,27.281212393985754,zv5mddx6,different-sweep-7
291730,20.63891395478882,zv5mddx6,different-sweep-7
299862,23.781345925006537,zv5mddx6,different-sweep-7
307997,24.185456930044644,zv5mddx6,different-sweep-7
316142,23.956031744171515,zv5mddx6,different-sweep-7
324209,13.283769880507762,zv5mddx6,different-sweep-7
332333,30.0449752868599,zv5mddx6,different-sweep-7
340440,12.689729934955796,zv5mddx6,different-sweep-7
348573,25.815053812652046,zv5mddx6,different-sweep-7
356756,19.327923242243678,zv5mddx6,different-sweep-7
364927,18.782033458197652,zv5mddx6,different-sweep-7
373068,17.930644157541423,zv5mddx6,different-sweep-7
381170,17.167003900917145,zv5mddx6,different-sweep-7
389280,17.449915000063413,zv5mddx6,different-sweep-7
397334,27.331511490608797,zv5mddx6,different-sweep-7
405432,12.260010901752512,zv5mddx6,different-sweep-7
413568,16.786356986230462,zv5mddx6,different-sweep-7
421683,26.71249074870468,zv5mddx6,different-sweep-7
429822,29.635322078114406,zv5mddx6,different-sweep-7
437867,30.763148244990198,zv5mddx6,different-sweep-7
445843,25.26769245092221,zv5mddx6,different-sweep-7
453893,15.554213113172827,zv5mddx6,different-sweep-7
461967,13.899909685339836,zv5mddx6,different-sweep-7
470042,27.564243004562023,zv5mddx6,different-sweep-7
478093,29.634770771740342,zv5mddx6,different-sweep-7
486090,21.00735227370449,zv5mddx6,different-sweep-7
494001,21.547353092716538,zv5mddx6,different-sweep-7
501951,29.526734068283826,zv5mddx6,different-sweep-7
509782,28.03574168128921,zv5mddx6,different-sweep-7
517665,32.05470474812377,zv5mddx6,different-sweep-7
525489,20.206335536623982,zv5mddx6,different-sweep-7
533347,30.490869050477492,zv5mddx6,different-sweep-7
541139,26.54002314912765,zv5mddx6,different-sweep-7
548958,18.307343089497607,zv5mddx6,different-sweep-7
556655,29.54434077601715,zv5mddx6,different-sweep-7
564453,18.235997111116085,zv5mddx6,different-sweep-7
572147,19.777485243340895,zv5mddx6,different-sweep-7
579858,30.279151111308913,zv5mddx6,different-sweep-7
587585,27.675623186983692,zv5mddx6,different-sweep-7
595251,30.683738145861337,zv5mddx6,different-sweep-7
602857,20.90984294170898,zv5mddx6,different-sweep-7
610624,29.162433365989415,zv5mddx6,different-sweep-7
618223,28.78343244504323,zv5mddx6,different-sweep-7
625784,20.884674614319312,zv5mddx6,different-sweep-7
633467,28.88208101588997,zv5mddx6,different-sweep-7
641063,28.414375465660118,zv5mddx6,different-sweep-7
648602,28.156505381197167,zv5mddx6,different-sweep-7
656123,30.423454450718367,zv5mddx6,different-sweep-7
663639,26.76590371755291,zv5mddx6,different-sweep-7
671161,32.396089902721414,zv5mddx6,different-sweep-7
678726,30.811714679240453,zv5mddx6,different-sweep-7
686329,23.642474347780116,zv5mddx6,different-sweep-7
693794,22.77666065436271,zv5mddx6,different-sweep-7
701365,31.520128994845457,zv5mddx6,different-sweep-7
708939,31.718821108963585,zv5mddx6,different-sweep-7
716352,24.27668476684431,zv5mddx6,different-sweep-7
723888,29.1670086280975,zv5mddx6,different-sweep-7
731416,32.101171671664204,zv5mddx6,different-sweep-7
738931,29.125547017112957,zv5mddx6,different-sweep-7
746404,30.164801027270006,zv5mddx6,different-sweep-7
753847,31.53685797956363,zv5mddx6,different-sweep-7
761373,30.948390747819154,zv5mddx6,different-sweep-7
768832,34.57036258866795,zv5mddx6,different-sweep-7
776332,29.12429202780394,zv5mddx6,different-sweep-7
783716,29.603911547862857,zv5mddx6,different-sweep-7
791171,29.9428963607164,zv5mddx6,different-sweep-7
798710,31.28938006469132,zv5mddx6,different-sweep-7
806209,32.49896161886587,zv5mddx6,different-sweep-7
813634,30.367462343098794,zv5mddx6,different-sweep-7
821059,29.908224919357725,zv5mddx6,different-sweep-7
828453,28.991817460378098,zv5mddx6,different-sweep-7
835940,31.23927487439459,zv5mddx6,different-sweep-7
843507,31.56020266960821,zv5mddx6,different-sweep-7
850991,30.199330341830454,zv5mddx6,different-sweep-7
858412,32.718575947459044,zv5mddx6,different-sweep-7
865946,29.855921620801062,zv5mddx6,different-sweep-7
873371,31.444391127932683,zv5mddx6,different-sweep-7
880781,29.70507636857123,zv5mddx6,different-sweep-7
888282,30.723174212863476,zv5mddx6,different-sweep-7
895765,33.07424290668821,zv5mddx6,different-sweep-7
903103,32.719017618524354,zv5mddx6,different-sweep-7
910583,32.08884293302553,zv5mddx6,different-sweep-7
918027,31.013337724489823,zv5mddx6,different-sweep-7
925469,28.893308385405486,zv5mddx6,different-sweep-7
932868,31.693153395271942,zv5mddx6,different-sweep-7
940230,32.75226292399586,zv5mddx6,different-sweep-7
947586,30.55336306829207,zv5mddx6,different-sweep-7
954922,31.012314146901804,zv5mddx6,different-sweep-7
962236,33.53564752675671,zv5mddx6,different-sweep-7
969503,34.982665990704604,zv5mddx6,different-sweep-7
976633,34.34475543662478,zv5mddx6,different-sweep-7
983848,35.432806159102576,zv5mddx6,different-sweep-7
991106,35.46636242211512,zv5mddx6,different-sweep-7
998314,34.199513310350014,zv5mddx6,different-sweep-7
1005517.0,34.584400594832246,zv5mddx6,different-sweep-7
1012663.0,35.34965723304374,zv5mddx6,different-sweep-7
1019926.0,34.05750888144431,zv5mddx6,different-sweep-7
1027094.0,35.91919211101316,zv5mddx6,different-sweep-7
1034338.0,35.8949389203378,zv5mddx6,different-sweep-7
1041644.0,37.65615203454331,zv5mddx6,different-sweep-7
1048840.0,28.284835732780362,zv5mddx6,different-sweep-7
1056026.0,36.3584559120268,zv5mddx6,different-sweep-7
8209,19.913215396344967,7giqkvzy,helpful-sweep-8
16462,21.424107711626345,7giqkvzy,helpful-sweep-8
24687,16.694986690525898,7giqkvzy,helpful-sweep-8
32909,24.21328948398837,7giqkvzy,helpful-sweep-8
41094,25.422994555361676,7giqkvzy,helpful-sweep-8
49307,24.938316267444566,7giqkvzy,helpful-sweep-8
57531,22.707903024669417,7giqkvzy,helpful-sweep-8
65712,15.689165751311666,7giqkvzy,helpful-sweep-8
73895,20.371492779951115,7giqkvzy,helpful-sweep-8
82045,23.576590607557314,7giqkvzy,helpful-sweep-8
90225,22.379746035606143,7giqkvzy,helpful-sweep-8
98390,24.328855448504306,7giqkvzy,helpful-sweep-8
106543,25.403346063488495,7giqkvzy,helpful-sweep-8
114687,20.226739114483397,7giqkvzy,helpful-sweep-8
122836,21.188578773833445,7giqkvzy,helpful-sweep-8
131010,19.005967593930656,7giqkvzy,helpful-sweep-8
139196,11.781904650195523,7giqkvzy,helpful-sweep-8
147378,17.378154580895984,7giqkvzy,helpful-sweep-8
155543,21.389282635821232,7giqkvzy,helpful-sweep-8
163738,23.080623604392052,7giqkvzy,helpful-sweep-8
171967,16.94094542164319,7giqkvzy,helpful-sweep-8
180160,19.551086258738092,7giqkvzy,helpful-sweep-8
188365,21.218390635321875,7giqkvzy,helpful-sweep-8
196521,14.377674468420548,7giqkvzy,helpful-sweep-8
204741,27.585149027743388,7giqkvzy,helpful-sweep-8
212918,23.436723610239014,7giqkvzy,helpful-sweep-8
221121,23.286157838475667,7giqkvzy,helpful-sweep-8
229303,16.62827064662701,7giqkvzy,helpful-sweep-8
237512,20.940344456272186,7giqkvzy,helpful-sweep-8
245726,18.655305990901276,7giqkvzy,helpful-sweep-8
253886,14.433579408943913,7giqkvzy,helpful-sweep-8
262093,22.64912275060491,7giqkvzy,helpful-sweep-8
270304,22.116339457685893,7giqkvzy,helpful-sweep-8
278526,27.619906394664326,7giqkvzy,helpful-sweep-8
286718,18.24737644779899,7giqkvzy,helpful-sweep-8
294942,23.55319780947961,7giqkvzy,helpful-sweep-8
303136,14.895376727773442,7giqkvzy,helpful-sweep-8
311328,19.958243882398143,7giqkvzy,helpful-sweep-8
319561,21.519833151087916,7giqkvzy,helpful-sweep-8
327800,10.025325160266734,7giqkvzy,helpful-sweep-8
336024,21.10995782069347,7giqkvzy,helpful-sweep-8
344258,22.330642353456604,7giqkvzy,helpful-sweep-8
352425,31.828469061315854,7giqkvzy,helpful-sweep-8
360634,27.644469539319402,7giqkvzy,helpful-sweep-8
368847,23.407966482130767,7giqkvzy,helpful-sweep-8
377013,25.10386252977793,7giqkvzy,helpful-sweep-8
385203,26.54177792262289,7giqkvzy,helpful-sweep-8
393417,21.04541542473124,7giqkvzy,helpful-sweep-8
401641,16.970223143215755,7giqkvzy,helpful-sweep-8
409820,19.890708318869105,7giqkvzy,helpful-sweep-8
418033,18.417070706228618,7giqkvzy,helpful-sweep-8
426254,25.506995532679124,7giqkvzy,helpful-sweep-8
434485,21.005016229940832,7giqkvzy,helpful-sweep-8
442698,21.56746357231428,7giqkvzy,helpful-sweep-8
450890,23.437555457341457,7giqkvzy,helpful-sweep-8
459111,18.029181446567897,7giqkvzy,helpful-sweep-8
467296,16.874807545457152,7giqkvzy,helpful-sweep-8
475507,19.68168545906277,7giqkvzy,helpful-sweep-8
483721,18.549227035470228,7giqkvzy,helpful-sweep-8
491927,19.148240973262947,7giqkvzy,helpful-sweep-8
500161,7.19648048229042,7giqkvzy,helpful-sweep-8
508365,20.101438138210533,7giqkvzy,helpful-sweep-8
516550,18.386533104691004,7giqkvzy,helpful-sweep-8
524769,9.04176022484251,7giqkvzy,helpful-sweep-8
532982,19.78509612817205,7giqkvzy,helpful-sweep-8
541193,12.269727369472488,7giqkvzy,helpful-sweep-8
549404,11.295797461095983,7giqkvzy,helpful-sweep-8
557594,20.618767698632503,7giqkvzy,helpful-sweep-8
565825,21.301480423270053,7giqkvzy,helpful-sweep-8
574014,17.490652627511924,7giqkvzy,helpful-sweep-8
582227,17.26267967384922,7giqkvzy,helpful-sweep-8
590419,24.577816248426217,7giqkvzy,helpful-sweep-8
598624,23.408801915420895,7giqkvzy,helpful-sweep-8
606841,14.894127430122165,7giqkvzy,helpful-sweep-8
615040,24.833382825791045,7giqkvzy,helpful-sweep-8
623262,22.04084662216585,7giqkvzy,helpful-sweep-8
631441,13.357937855020044,7giqkvzy,helpful-sweep-8
639666,19.463206512553857,7giqkvzy,helpful-sweep-8
647871,17.045756570656874,7giqkvzy,helpful-sweep-8
656066,17.797588410291766,7giqkvzy,helpful-sweep-8
664272,21.217387315093873,7giqkvzy,helpful-sweep-8
672452,18.825166428833832,7giqkvzy,helpful-sweep-8
680680,21.98197725166672,7giqkvzy,helpful-sweep-8
688903,19.71828529569449,7giqkvzy,helpful-sweep-8
697092,22.664030688889476,7giqkvzy,helpful-sweep-8
705270,12.504252930090207,7giqkvzy,helpful-sweep-8
713486,25.518080181120787,7giqkvzy,helpful-sweep-8
721687,15.921467867159858,7giqkvzy,helpful-sweep-8
729875,15.93187472187456,7giqkvzy,helpful-sweep-8
738070,19.744538785808903,7giqkvzy,helpful-sweep-8
746294,13.148079415735541,7giqkvzy,helpful-sweep-8
754502,19.590196213488742,7giqkvzy,helpful-sweep-8
762684,26.6296765724141,7giqkvzy,helpful-sweep-8
770898,17.825944971581826,7giqkvzy,helpful-sweep-8
779110,25.788795642570523,7giqkvzy,helpful-sweep-8
787319,26.186320139559136,7giqkvzy,helpful-sweep-8
795514,25.202292423447865,7giqkvzy,helpful-sweep-8
803741,29.24664390720634,7giqkvzy,helpful-sweep-8
811949,20.814338142335135,7giqkvzy,helpful-sweep-8
820156,23.58199924506756,7giqkvzy,helpful-sweep-8
828374,21.873392148951716,7giqkvzy,helpful-sweep-8
836543,23.0069043487192,7giqkvzy,helpful-sweep-8
844750,18.69265784100094,7giqkvzy,helpful-sweep-8
852968,28.1730617783838,7giqkvzy,helpful-sweep-8
861194,20.735083446301314,7giqkvzy,helpful-sweep-8
869367,23.068089321987866,7giqkvzy,helpful-sweep-8
877513,23.896246380566403,7giqkvzy,helpful-sweep-8
885680,30.102027533098074,7giqkvzy,helpful-sweep-8
893879,24.754950223102703,7giqkvzy,helpful-sweep-8
902071,23.69033475764042,7giqkvzy,helpful-sweep-8
910251,26.651300328069443,7giqkvzy,helpful-sweep-8
918405,22.05204107779672,7giqkvzy,helpful-sweep-8
926597,31.88881062744978,7giqkvzy,helpful-sweep-8
934790,32.80865815277536,7giqkvzy,helpful-sweep-8
942932,27.328229504854995,7giqkvzy,helpful-sweep-8
951127,24.11998025241054,7giqkvzy,helpful-sweep-8
959236,25.51333851933655,7giqkvzy,helpful-sweep-8
967349,27.21876043725907,7giqkvzy,helpful-sweep-8
975486,29.595985475054317,7giqkvzy,helpful-sweep-8
983609,32.435631072766355,7giqkvzy,helpful-sweep-8
991697,32.29537232794965,7giqkvzy,helpful-sweep-8
999775,24.701909991233126,7giqkvzy,helpful-sweep-8
1007780.0,31.199647782182744,7giqkvzy,helpful-sweep-8
1015770.0,33.28440637706934,7giqkvzy,helpful-sweep-8
1023815.0,33.99497622504281,7giqkvzy,helpful-sweep-8
1031863.0,32.10337102200591,7giqkvzy,helpful-sweep-8
1039835.0,35.60658996091289,7giqkvzy,helpful-sweep-8
1047815.0,35.97310683406572,7giqkvzy,helpful-sweep-8
1055759.0,33.66637629257857,7giqkvzy,helpful-sweep-8
1063672.0,35.136213508510345,7giqkvzy,helpful-sweep-8
1071570.0,37.02971321772943,7giqkvzy,helpful-sweep-8
1079473.0,37.02971321772943,7giqkvzy,helpful-sweep-8
1087349.0,36.50028812862211,7giqkvzy,helpful-sweep-8
1095253.0,35.70075840458478,7giqkvzy,helpful-sweep-8
1103189.0,37.02971321772943,7giqkvzy,helpful-sweep-8
1111103.0,35.170645869508164,7giqkvzy,helpful-sweep-8
8177,6.507838785323152,bgbnsncr,serene-sweep-9
16284,24.388799507723203,bgbnsncr,serene-sweep-9
24319,24.69643079033038,bgbnsncr,serene-sweep-9
32371,19.84264482280098,bgbnsncr,serene-sweep-9
40421,22.6942391283205,bgbnsncr,serene-sweep-9
48378,22.044796192547594,bgbnsncr,serene-sweep-9
56396,26.366921968350983,bgbnsncr,serene-sweep-9
64330,19.841676047836074,bgbnsncr,serene-sweep-9
72296,14.456912606750455,bgbnsncr,serene-sweep-9
80231,28.478658366216628,bgbnsncr,serene-sweep-9
88193,27.567913135684126,bgbnsncr,serene-sweep-9
96176,9.587351922702888,bgbnsncr,serene-sweep-9
104115,27.865191466928884,bgbnsncr,serene-sweep-9
112115,17.604906310912156,bgbnsncr,serene-sweep-9
120053,17.471332318570017,bgbnsncr,serene-sweep-9
128008,23.83781906203041,bgbnsncr,serene-sweep-9
135916,12.575627109453489,bgbnsncr,serene-sweep-9
143909,16.004162264226327,bgbnsncr,serene-sweep-9
151908,22.132865448189595,bgbnsncr,serene-sweep-9
159943,19.62818632310515,bgbnsncr,serene-sweep-9
167952,25.453742231281744,bgbnsncr,serene-sweep-9
175901,17.138340529915617,bgbnsncr,serene-sweep-9
183969,14.557567576229426,bgbnsncr,serene-sweep-9
192074,17.99112536429063,bgbnsncr,serene-sweep-9
200135,33.80976010091264,bgbnsncr,serene-sweep-9
208205,16.566172616532647,bgbnsncr,serene-sweep-9
216266,19.182481049071825,bgbnsncr,serene-sweep-9
224381,18.33312721640117,bgbnsncr,serene-sweep-9
232503,14.651609663364672,bgbnsncr,serene-sweep-9
240528,25.691914316760734,bgbnsncr,serene-sweep-9
248555,19.777178325372578,bgbnsncr,serene-sweep-9
256601,18.59535764984009,bgbnsncr,serene-sweep-9
264645,29.594485533274064,bgbnsncr,serene-sweep-9
272652,26.750567371922887,bgbnsncr,serene-sweep-9
280677,23.86685423401824,bgbnsncr,serene-sweep-9
288699,29.996259515375222,bgbnsncr,serene-sweep-9
296719,25.180810960350883,bgbnsncr,serene-sweep-9
304679,28.115610774121638,bgbnsncr,serene-sweep-9
312674,27.22179618816865,bgbnsncr,serene-sweep-9
320685,27.50025701943333,bgbnsncr,serene-sweep-9
328616,26.51691217066778,bgbnsncr,serene-sweep-9
336605,27.758659147317807,bgbnsncr,serene-sweep-9
344572,27.290878465766262,bgbnsncr,serene-sweep-9
352451,31.79282679559334,bgbnsncr,serene-sweep-9
360353,30.05319367897146,bgbnsncr,serene-sweep-9
368228,28.921178252995457,bgbnsncr,serene-sweep-9
376044,29.845408168003207,bgbnsncr,serene-sweep-9
383853,26.64600731180356,bgbnsncr,serene-sweep-9
391648,28.804373292984792,bgbnsncr,serene-sweep-9
399487,31.58063596280069,bgbnsncr,serene-sweep-9
407383,26.085995700412944,bgbnsncr,serene-sweep-9
415213,29.234904415407946,bgbnsncr,serene-sweep-9
423080,26.037410044560765,bgbnsncr,serene-sweep-9
431010,29.27899719117758,bgbnsncr,serene-sweep-9
438894,29.784330203161574,bgbnsncr,serene-sweep-9
446750,31.578654196013872,bgbnsncr,serene-sweep-9
454632,30.167889026386575,bgbnsncr,serene-sweep-9
462540,29.472824083525904,bgbnsncr,serene-sweep-9
470402,28.399840098165974,bgbnsncr,serene-sweep-9
478249,29.7814103147628,bgbnsncr,serene-sweep-9
486145,27.99304230878148,bgbnsncr,serene-sweep-9
494038,32.34662330379457,bgbnsncr,serene-sweep-9
501967,29.450008449079075,bgbnsncr,serene-sweep-9
509833,29.458969495569665,bgbnsncr,serene-sweep-9
517776,31.194445220949962,bgbnsncr,serene-sweep-9
525690,30.93060316108305,bgbnsncr,serene-sweep-9
533536,30.88999343113871,bgbnsncr,serene-sweep-9
541413,32.046183769797345,bgbnsncr,serene-sweep-9
549370,31.174878452780415,bgbnsncr,serene-sweep-9
557301,32.54104009939665,bgbnsncr,serene-sweep-9
565251,30.860218469113626,bgbnsncr,serene-sweep-9
573196,28.263667784199697,bgbnsncr,serene-sweep-9
581092,27.482501204653396,bgbnsncr,serene-sweep-9
588993,32.75360347695033,bgbnsncr,serene-sweep-9
596920,31.46342662382657,bgbnsncr,serene-sweep-9
604893,29.124710401729637,bgbnsncr,serene-sweep-9
612836,29.805364566184586,bgbnsncr,serene-sweep-9
620759,31.439120928088386,bgbnsncr,serene-sweep-9
628690,32.63156560516244,bgbnsncr,serene-sweep-9
636675,33.173611089589926,bgbnsncr,serene-sweep-9
644629,31.59808354596405,bgbnsncr,serene-sweep-9
652572,31.49683719583914,bgbnsncr,serene-sweep-9
660515,33.057381413825155,bgbnsncr,serene-sweep-9
668435,31.335864157164263,bgbnsncr,serene-sweep-9
676320,31.84053391532907,bgbnsncr,serene-sweep-9
684289,33.821599590944274,bgbnsncr,serene-sweep-9
692321,31.971244647678155,bgbnsncr,serene-sweep-9
700310,31.469230009209628,bgbnsncr,serene-sweep-9
708279,34.99101480588119,bgbnsncr,serene-sweep-9
716272,34.99101480588119,bgbnsncr,serene-sweep-9
724313,34.99101480588119,bgbnsncr,serene-sweep-9
732232,34.99101480588119,bgbnsncr,serene-sweep-9
740262,33.39784368091214,bgbnsncr,serene-sweep-9
748271,31.63500162639115,bgbnsncr,serene-sweep-9
756272,32.42394928517884,bgbnsncr,serene-sweep-9
764175,33.952623133719705,bgbnsncr,serene-sweep-9
772123,35.97860677403848,bgbnsncr,serene-sweep-9
780098,34.99773972124101,bgbnsncr,serene-sweep-9
788064,35.462815287743524,bgbnsncr,serene-sweep-9
796037,36.08171475718176,bgbnsncr,serene-sweep-9
804004,35.43907676356331,bgbnsncr,serene-sweep-9
811981,36.05687570243738,bgbnsncr,serene-sweep-9
819911,36.5627517087691,bgbnsncr,serene-sweep-9
827850,36.5627517087691,bgbnsncr,serene-sweep-9
835818,36.5627517087691,bgbnsncr,serene-sweep-9
843744,36.53693161080189,bgbnsncr,serene-sweep-9
851668,36.5627517087691,bgbnsncr,serene-sweep-9
859587,34.03722463106035,bgbnsncr,serene-sweep-9
867556,36.5627517087691,bgbnsncr,serene-sweep-9
875458,35.21804615911036,bgbnsncr,serene-sweep-9
883426,36.952019867569284,bgbnsncr,serene-sweep-9
891364,36.5627517087691,bgbnsncr,serene-sweep-9
899308,36.394115060842225,bgbnsncr,serene-sweep-9
907239,34.88843511750433,bgbnsncr,serene-sweep-9
915192,36.952019867569284,bgbnsncr,serene-sweep-9
923157,35.023936838413206,bgbnsncr,serene-sweep-9
931126,36.952019867569284,bgbnsncr,serene-sweep-9
939080,36.952019867569284,bgbnsncr,serene-sweep-9
947033,36.5627517087691,bgbnsncr,serene-sweep-9
954992,36.958451896477534,bgbnsncr,serene-sweep-9
962942,36.53693161080189,bgbnsncr,serene-sweep-9
970894,36.53693161080189,bgbnsncr,serene-sweep-9
978839,36.53693161080189,bgbnsncr,serene-sweep-9
986762,36.53693161080189,bgbnsncr,serene-sweep-9
994695,36.773339248998084,bgbnsncr,serene-sweep-9
1002640.0,36.53693161080189,bgbnsncr,serene-sweep-9
1010569.0,36.53693161080189,bgbnsncr,serene-sweep-9
1018477.0,36.906505720407395,bgbnsncr,serene-sweep-9
1026402.0,36.5627517087691,bgbnsncr,serene-sweep-9
1034315.0,36.79251372038089,bgbnsncr,serene-sweep-9
1042255.0,37.40941440163461,bgbnsncr,serene-sweep-9
1050158.0,36.633565877540306,bgbnsncr,serene-sweep-9
1058077.0,36.633565877540306,bgbnsncr,serene-sweep-9
1065987.0,36.82628737012603,bgbnsncr,serene-sweep-9
1073936.0,36.633565877540306,bgbnsncr,serene-sweep-9
1081864.0,37.52835532591055,bgbnsncr,serene-sweep-9
8166,7.078954599530823,32pja2jz,comfy-sweep-10
16315,12.138787528107745,32pja2jz,comfy-sweep-10
24402,19.294709076002142,32pja2jz,comfy-sweep-10
32502,17.963579928421666,32pja2jz,comfy-sweep-10
40637,10.158166985133862,32pja2jz,comfy-sweep-10
48740,12.122036059387344,32pja2jz,comfy-sweep-10
56828,16.765831614977472,32pja2jz,comfy-sweep-10
64961,17.193841247820878,32pja2jz,comfy-sweep-10
73016,21.122953838275517,32pja2jz,comfy-sweep-10
81117,21.3939431257673,32pja2jz,comfy-sweep-10
89180,19.082185090061397,32pja2jz,comfy-sweep-10
97259,20.583282535839082,32pja2jz,comfy-sweep-10
105357,13.089984804176936,32pja2jz,comfy-sweep-10
113406,15.240737389618534,32pja2jz,comfy-sweep-10
121530,25.426731459058466,32pja2jz,comfy-sweep-10
129632,19.8599718703337,32pja2jz,comfy-sweep-10
137714,31.48191902265079,32pja2jz,comfy-sweep-10
145805,28.649595784198436,32pja2jz,comfy-sweep-10
153914,29.44027182740337,32pja2jz,comfy-sweep-10
162022,22.804081290012093,32pja2jz,comfy-sweep-10
170079,25.58703697714833,32pja2jz,comfy-sweep-10
178124,29.102074438437775,32pja2jz,comfy-sweep-10
186139,30.37461818886884,32pja2jz,comfy-sweep-10
194117,24.280922847441367,32pja2jz,comfy-sweep-10
202067,25.770400352893763,32pja2jz,comfy-sweep-10
210112,26.82952291780888,32pja2jz,comfy-sweep-10
218124,13.45009583839843,32pja2jz,comfy-sweep-10
226055,26.236599936454375,32pja2jz,comfy-sweep-10
234069,29.13686678037333,32pja2jz,comfy-sweep-10
242160,20.62701433740321,32pja2jz,comfy-sweep-10
250208,32.99059988645327,32pja2jz,comfy-sweep-10
258206,28.71735981693031,32pja2jz,comfy-sweep-10
266257,26.13581439724961,32pja2jz,comfy-sweep-10
274298,27.49405120341956,32pja2jz,comfy-sweep-10
282357,21.463902719675225,32pja2jz,comfy-sweep-10
290406,30.47998829301082,32pja2jz,comfy-sweep-10
298401,24.055124244542007,32pja2jz,comfy-sweep-10
306440,23.08313142010381,32pja2jz,comfy-sweep-10
314492,19.14861875867323,32pja2jz,comfy-sweep-10
322524,15.607037202675485,32pja2jz,comfy-sweep-10
330534,17.552490042533226,32pja2jz,comfy-sweep-10
338495,25.208343558954006,32pja2jz,comfy-sweep-10
346400,24.24080604323752,32pja2jz,comfy-sweep-10
354416,27.70241845973344,32pja2jz,comfy-sweep-10
362417,28.78994624657488,32pja2jz,comfy-sweep-10
370394,22.60145751667474,32pja2jz,comfy-sweep-10
378356,25.59454660420865,32pja2jz,comfy-sweep-10
386346,30.49447057450965,32pja2jz,comfy-sweep-10
394255,24.467945295771685,32pja2jz,comfy-sweep-10
402194,33.53920827968095,32pja2jz,comfy-sweep-10
410151,25.64450532709885,32pja2jz,comfy-sweep-10
418111,24.180831085322776,32pja2jz,comfy-sweep-10
426090,29.53690720101426,32pja2jz,comfy-sweep-10
434002,29.74548753139239,32pja2jz,comfy-sweep-10
441896,29.40472031427363,32pja2jz,comfy-sweep-10
449783,31.82311993905909,32pja2jz,comfy-sweep-10
457650,32.293067758168846,32pja2jz,comfy-sweep-10
465543,25.68075134323461,32pja2jz,comfy-sweep-10
473364,29.581906165063174,32pja2jz,comfy-sweep-10
481195,30.778154779237013,32pja2jz,comfy-sweep-10
488961,31.543250062374746,32pja2jz,comfy-sweep-10
496734,24.582491581605026,32pja2jz,comfy-sweep-10
504553,36.48218491263647,32pja2jz,comfy-sweep-10
512383,32.44659028978391,32pja2jz,comfy-sweep-10
520177,36.74990394845274,32pja2jz,comfy-sweep-10
527952,27.79409160121301,32pja2jz,comfy-sweep-10
535764,35.287526356683834,32pja2jz,comfy-sweep-10
543628,35.39382466417858,32pja2jz,comfy-sweep-10
551400,35.451111867293456,32pja2jz,comfy-sweep-10
559207,33.79735796259763,32pja2jz,comfy-sweep-10
566989,34.6077719304789,32pja2jz,comfy-sweep-10
574810,34.06845571994462,32pja2jz,comfy-sweep-10
582645,35.17254865508849,32pja2jz,comfy-sweep-10
590443,34.21591393091062,32pja2jz,comfy-sweep-10
598215,25.445467806821842,32pja2jz,comfy-sweep-10
606034,33.50082326080485,32pja2jz,comfy-sweep-10
613816,35.94644916719419,32pja2jz,comfy-sweep-10
621695,32.51978214908992,32pja2jz,comfy-sweep-10
629483,35.43925123448863,32pja2jz,comfy-sweep-10
637300,35.108449545423184,32pja2jz,comfy-sweep-10
645059,33.673390663815304,32pja2jz,comfy-sweep-10
652847,33.712936364920566,32pja2jz,comfy-sweep-10
660623,34.07117871328823,32pja2jz,comfy-sweep-10
668353,32.66310991491447,32pja2jz,comfy-sweep-10
676125,31.607077380516603,32pja2jz,comfy-sweep-10
683827,34.986420833589946,32pja2jz,comfy-sweep-10
691419,36.32659800232884,32pja2jz,comfy-sweep-10
699105,34.28215158441222,32pja2jz,comfy-sweep-10
706833,34.10905263094725,32pja2jz,comfy-sweep-10
714518,35.110558326911686,32pja2jz,comfy-sweep-10
722248,37.03700565555463,32pja2jz,comfy-sweep-10
729948,32.43893852862514,32pja2jz,comfy-sweep-10
737671,36.28685636873388,32pja2jz,comfy-sweep-10
745418,34.63919811416669,32pja2jz,comfy-sweep-10
753168,36.39255792343182,32pja2jz,comfy-sweep-10
760838,28.646582897874282,32pja2jz,comfy-sweep-10
768620,36.41281796229373,32pja2jz,comfy-sweep-10
776419,33.55498530040125,32pja2jz,comfy-sweep-10
784073,32.20250080313134,32pja2jz,comfy-sweep-10
791708,35.59684216428489,32pja2jz,comfy-sweep-10
799438,36.097467066126,32pja2jz,comfy-sweep-10
807094,36.593436766139746,32pja2jz,comfy-sweep-10
814838,36.62993091880246,32pja2jz,comfy-sweep-10
822507,34.50787726170476,32pja2jz,comfy-sweep-10
830177,35.247780473620594,32pja2jz,comfy-sweep-10
837876,33.8615556022214,32pja2jz,comfy-sweep-10
845625,37.582942194746686,32pja2jz,comfy-sweep-10
853339,34.00913801735631,32pja2jz,comfy-sweep-10
861056,36.243733995936495,32pja2jz,comfy-sweep-10
868804,33.68707085725056,32pja2jz,comfy-sweep-10
876437,36.34979969286354,32pja2jz,comfy-sweep-10
884067,32.17443761676719,32pja2jz,comfy-sweep-10
891848,34.13041277034749,32pja2jz,comfy-sweep-10
899581,36.298481751292684,32pja2jz,comfy-sweep-10
907209,35.354458671251784,32pja2jz,comfy-sweep-10
914859,27.3249837923938,32pja2jz,comfy-sweep-10
922604,35.07523265628791,32pja2jz,comfy-sweep-10
930269,35.61152339885818,32pja2jz,comfy-sweep-10
937975,37.69751641844678,32pja2jz,comfy-sweep-10
945700,35.60368245588957,32pja2jz,comfy-sweep-10
953442,34.86669214309,32pja2jz,comfy-sweep-10
961206,34.23616684754846,32pja2jz,comfy-sweep-10
968899,35.051543698627675,32pja2jz,comfy-sweep-10
976599,36.75673903630032,32pja2jz,comfy-sweep-10
984307,34.25671280900826,32pja2jz,comfy-sweep-10
992096,35.43126924433414,32pja2jz,comfy-sweep-10
999910,34.060031252796854,32pja2jz,comfy-sweep-10
1007680.0,36.126634065120975,32pja2jz,comfy-sweep-10
1015360.0,36.547240873598284,32pja2jz,comfy-sweep-10
1023070.0,38.68156196993898,32pja2jz,comfy-sweep-10
1030718.0,36.09022012744979,32pja2jz,comfy-sweep-10
1038484.0,35.97388762913245,32pja2jz,comfy-sweep-10
1046157.0,37.47773661033538,32pja2jz,comfy-sweep-10
1053827.0,37.47486903405993,32pja2jz,comfy-sweep-10
1061604.0,34.92340207937959,32pja2jz,comfy-sweep-10
1069395.0,36.90524661726024,32pja2jz,comfy-sweep-10
8244,12.47333090428123,fyqu1fnk,hopeful-sweep-11
16425,17.245793732755917,fyqu1fnk,hopeful-sweep-11
24590,17.648116157319947,fyqu1fnk,hopeful-sweep-11
32762,14.260968471750704,fyqu1fnk,hopeful-sweep-11
40914,17.54960200129208,fyqu1fnk,hopeful-sweep-11
49032,21.519570430419602,fyqu1fnk,hopeful-sweep-11
57173,28.968112200229832,fyqu1fnk,hopeful-sweep-11
65324,8.006756899450853,fyqu1fnk,hopeful-sweep-11
73470,17.000997381006158,fyqu1fnk,hopeful-sweep-11
81658,16.525777664107373,fyqu1fnk,hopeful-sweep-11
89850,26.697158990580334,fyqu1fnk,hopeful-sweep-11
98028,17.052318104464483,fyqu1fnk,hopeful-sweep-11
106176,16.070529077310606,fyqu1fnk,hopeful-sweep-11
114351,19.255197269230635,fyqu1fnk,hopeful-sweep-11
122540,15.699659089408561,fyqu1fnk,hopeful-sweep-11
130713,23.97595830736083,fyqu1fnk,hopeful-sweep-11
138911,15.396666761293568,fyqu1fnk,hopeful-sweep-11
147094,26.692489060712603,fyqu1fnk,hopeful-sweep-11
155334,13.132122573880878,fyqu1fnk,hopeful-sweep-11
163530,15.616067084197976,fyqu1fnk,hopeful-sweep-11
171722,22.433866407006114,fyqu1fnk,hopeful-sweep-11
179950,18.710907944468563,fyqu1fnk,hopeful-sweep-11
188147,18.811108932306606,fyqu1fnk,hopeful-sweep-11
196378,20.52500739296163,fyqu1fnk,hopeful-sweep-11
204569,14.3165389619993,fyqu1fnk,hopeful-sweep-11
212760,19.65264515833791,fyqu1fnk,hopeful-sweep-11
220964,25.9396113943322,fyqu1fnk,hopeful-sweep-11
229171,16.6559441631681,fyqu1fnk,hopeful-sweep-11
237416,20.87277633956176,fyqu1fnk,hopeful-sweep-11
245625,19.484913411201084,fyqu1fnk,hopeful-sweep-11
253829,19.785913979834753,fyqu1fnk,hopeful-sweep-11
262032,16.120875566145095,fyqu1fnk,hopeful-sweep-11
270246,19.3202181529944,fyqu1fnk,hopeful-sweep-11
278476,22.956101476771313,fyqu1fnk,hopeful-sweep-11
286677,22.63766888857382,fyqu1fnk,hopeful-sweep-11
294910,20.669882079117546,fyqu1fnk,hopeful-sweep-11
303139,18.102243783267635,fyqu1fnk,hopeful-sweep-11
311346,14.800612733612018,fyqu1fnk,hopeful-sweep-11
319583,16.842959946085866,fyqu1fnk,hopeful-sweep-11
327774,24.416449879763924,fyqu1fnk,hopeful-sweep-11
336018,17.014696522978884,fyqu1fnk,hopeful-sweep-11
344224,26.261476300342462,fyqu1fnk,hopeful-sweep-11
352462,22.923839068642714,fyqu1fnk,hopeful-sweep-11
360669,20.565259947571395,fyqu1fnk,hopeful-sweep-11
368906,21.32151060924977,fyqu1fnk,hopeful-sweep-11
377149,12.949500738340916,fyqu1fnk,hopeful-sweep-11
385396,19.133633073498967,fyqu1fnk,hopeful-sweep-11
393646,21.250844944389932,fyqu1fnk,hopeful-sweep-11
401878,22.744926414512996,fyqu1fnk,hopeful-sweep-11
410132,17.177402211919507,fyqu1fnk,hopeful-sweep-11
418369,17.779097564219942,fyqu1fnk,hopeful-sweep-11
426629,13.191454257389434,fyqu1fnk,hopeful-sweep-11
434823,17.191684421610283,fyqu1fnk,hopeful-sweep-11
443092,15.775322237909933,fyqu1fnk,hopeful-sweep-11
451356,17.90586661299752,fyqu1fnk,hopeful-sweep-11
459626,17.246066016373824,fyqu1fnk,hopeful-sweep-11
467848,21.12756494313978,fyqu1fnk,hopeful-sweep-11
476076,16.35176617358224,fyqu1fnk,hopeful-sweep-11
484310,25.785840421877765,fyqu1fnk,hopeful-sweep-11
492493,24.095662060855165,fyqu1fnk,hopeful-sweep-11
500735,11.790597280969319,fyqu1fnk,hopeful-sweep-11
508983,17.020662299472214,fyqu1fnk,hopeful-sweep-11
517230,13.415309472850051,fyqu1fnk,hopeful-sweep-11
525460,18.943887073447126,fyqu1fnk,hopeful-sweep-11
533679,23.083466686104355,fyqu1fnk,hopeful-sweep-11
541928,22.793738628252086,fyqu1fnk,hopeful-sweep-11
550179,18.24200979414777,fyqu1fnk,hopeful-sweep-11
558414,24.974018682541892,fyqu1fnk,hopeful-sweep-11
566640,23.742880812499536,fyqu1fnk,hopeful-sweep-11
574863,26.486279217314962,fyqu1fnk,hopeful-sweep-11
583114,23.78355585870775,fyqu1fnk,hopeful-sweep-11
591352,25.355236846488562,fyqu1fnk,hopeful-sweep-11
599566,22.672172576662046,fyqu1fnk,hopeful-sweep-11
607808,23.868103405973763,fyqu1fnk,hopeful-sweep-11
616052,20.6904491835982,fyqu1fnk,hopeful-sweep-11
624266,26.234499401328303,fyqu1fnk,hopeful-sweep-11
632476,28.524007521212543,fyqu1fnk,hopeful-sweep-11
640718,21.728331569231575,fyqu1fnk,hopeful-sweep-11
648926,27.26224224737347,fyqu1fnk,hopeful-sweep-11
657171,21.38471451147431,fyqu1fnk,hopeful-sweep-11
665392,18.027065410951728,fyqu1fnk,hopeful-sweep-11
673649,32.341031034438856,fyqu1fnk,hopeful-sweep-11
681873,26.6929785286281,fyqu1fnk,hopeful-sweep-11
690096,23.456588368630328,fyqu1fnk,hopeful-sweep-11
698329,23.329553084680878,fyqu1fnk,hopeful-sweep-11
706558,19.207084067247884,fyqu1fnk,hopeful-sweep-11
714786,25.299971161639284,fyqu1fnk,hopeful-sweep-11
722998,19.620620186008175,fyqu1fnk,hopeful-sweep-11
731229,21.58203149809879,fyqu1fnk,hopeful-sweep-11
739483,21.984144141510253,fyqu1fnk,hopeful-sweep-11
747697,26.068919076388124,fyqu1fnk,hopeful-sweep-11
755913,29.260989197540386,fyqu1fnk,hopeful-sweep-11
764141,21.114229246792082,fyqu1fnk,hopeful-sweep-11
772350,20.215513026025043,fyqu1fnk,hopeful-sweep-11
780592,28.325089137058303,fyqu1fnk,hopeful-sweep-11
788734,25.655798271670516,fyqu1fnk,hopeful-sweep-11
796903,24.59980821212751,fyqu1fnk,hopeful-sweep-11
805044,22.038212526685463,fyqu1fnk,hopeful-sweep-11
813234,26.394344056401582,fyqu1fnk,hopeful-sweep-11
821429,27.05298200008615,fyqu1fnk,hopeful-sweep-11
829630,24.502991032354895,fyqu1fnk,hopeful-sweep-11
837836,22.987044561075855,fyqu1fnk,hopeful-sweep-11
846046,29.957336142093737,fyqu1fnk,hopeful-sweep-11
854248,22.344957831811065,fyqu1fnk,hopeful-sweep-11
862396,23.692786803553094,fyqu1fnk,hopeful-sweep-11
870554,26.424839095847183,fyqu1fnk,hopeful-sweep-11
878762,25.197726745530794,fyqu1fnk,hopeful-sweep-11
886978,18.518109497148586,fyqu1fnk,hopeful-sweep-11
895171,8.299213430347677,fyqu1fnk,hopeful-sweep-11
903366,23.81407040796622,fyqu1fnk,hopeful-sweep-11
911533,25.944248900847203,fyqu1fnk,hopeful-sweep-11
919691,23.914124177426554,fyqu1fnk,hopeful-sweep-11
927877,29.9590372193529,fyqu1fnk,hopeful-sweep-11
936085,25.461730455979257,fyqu1fnk,hopeful-sweep-11
944280,26.00976075180901,fyqu1fnk,hopeful-sweep-11
952447,27.01468137623015,fyqu1fnk,hopeful-sweep-11
960611,17.402568464092607,fyqu1fnk,hopeful-sweep-11
968806,26.487317829035028,fyqu1fnk,hopeful-sweep-11
977035,23.066189268459635,fyqu1fnk,hopeful-sweep-11
985234,26.548694519665993,fyqu1fnk,hopeful-sweep-11
993404,26.72423578113332,fyqu1fnk,hopeful-sweep-11
1001552.0,21.517049459681832,fyqu1fnk,hopeful-sweep-11
1009765.0,16.974399916326327,fyqu1fnk,hopeful-sweep-11
1017915.0,25.73184543186061,fyqu1fnk,hopeful-sweep-11
1026129.0,30.059182987851376,fyqu1fnk,hopeful-sweep-11
1034317.0,24.89163917698379,fyqu1fnk,hopeful-sweep-11
1042511.0,25.509095812494554,fyqu1fnk,hopeful-sweep-11
1050756.0,26.77145982479964,fyqu1fnk,hopeful-sweep-11
1058960.0,29.22106468734318,fyqu1fnk,hopeful-sweep-11
1067154.0,26.903107542447174,fyqu1fnk,hopeful-sweep-11
1075361.0,28.783731289682066,fyqu1fnk,hopeful-sweep-11
1083575.0,24.843152572547858,fyqu1fnk,hopeful-sweep-11
1091813.0,30.354098297334474,fyqu1fnk,hopeful-sweep-11
1100024.0,31.367654318054583,fyqu1fnk,hopeful-sweep-11
1108236.0,28.238706940916455,fyqu1fnk,hopeful-sweep-11
1116493.0,31.30568854453397,fyqu1fnk,hopeful-sweep-11
8253,14.637955798351589,wkw65l9w,whole-sweep-12
16481,19.308288640877013,wkw65l9w,whole-sweep-12
24716,13.692626010409702,wkw65l9w,whole-sweep-12
32943,9.28810957211982,wkw65l9w,whole-sweep-12
41181,16.672142056814295,wkw65l9w,whole-sweep-12
49397,21.58834144836162,wkw65l9w,whole-sweep-12
57650,11.988258594785547,wkw65l9w,whole-sweep-12
65859,11.284239932851992,wkw65l9w,whole-sweep-12
74072,16.462744311076,wkw65l9w,whole-sweep-12
82313,18.99335307034366,wkw65l9w,whole-sweep-12
90550,20.81517177555109,wkw65l9w,whole-sweep-12
98749,20.559076798088604,wkw65l9w,whole-sweep-12
106980,22.226698494155073,wkw65l9w,whole-sweep-12
115205,12.699341805631011,wkw65l9w,whole-sweep-12
123390,15.521636814690169,wkw65l9w,whole-sweep-12
131598,12.240220781036557,wkw65l9w,whole-sweep-12
139803,20.185316947965582,wkw65l9w,whole-sweep-12
148003,11.541117217837193,wkw65l9w,whole-sweep-12
156220,15.192732316259873,wkw65l9w,whole-sweep-12
164434,16.04905822277537,wkw65l9w,whole-sweep-12
172658,12.274356924948378,wkw65l9w,whole-sweep-12
180878,26.438667393018896,wkw65l9w,whole-sweep-12
189095,18.508730765705078,wkw65l9w,whole-sweep-12
197288,15.728194067298322,wkw65l9w,whole-sweep-12
205511,8.148703252857938,wkw65l9w,whole-sweep-12
213710,12.326518561096151,wkw65l9w,whole-sweep-12
221925,13.620980173477932,wkw65l9w,whole-sweep-12
230131,15.239231111098679,wkw65l9w,whole-sweep-12
238349,19.727414010007436,wkw65l9w,whole-sweep-12
246576,15.994850788821925,wkw65l9w,whole-sweep-12
254794,10.539709102367976,wkw65l9w,whole-sweep-12
262954,13.996962986418467,wkw65l9w,whole-sweep-12
271138,11.083973634424073,wkw65l9w,whole-sweep-12
279279,16.844029170304452,wkw65l9w,whole-sweep-12
287431,19.007531368489204,wkw65l9w,whole-sweep-12
295589,14.502449099610818,wkw65l9w,whole-sweep-12
303778,21.718068935883345,wkw65l9w,whole-sweep-12
312007,18.470993793545453,wkw65l9w,whole-sweep-12
320181,20.94021611522612,wkw65l9w,whole-sweep-12
328394,18.02984866469871,wkw65l9w,whole-sweep-12
336579,15.614753262173451,wkw65l9w,whole-sweep-12
344784,18.78602844972016,wkw65l9w,whole-sweep-12
353022,19.107893306841365,wkw65l9w,whole-sweep-12
361191,15.19899306311881,wkw65l9w,whole-sweep-12
369346,13.08628061872082,wkw65l9w,whole-sweep-12
377537,16.48902001017678,wkw65l9w,whole-sweep-12
385687,14.149015610259998,wkw65l9w,whole-sweep-12
393901,19.075600661584588,wkw65l9w,whole-sweep-12
402083,16.928146041927413,wkw65l9w,whole-sweep-12
410253,16.121630432716064,wkw65l9w,whole-sweep-12
418451,15.175011815718426,wkw65l9w,whole-sweep-12
426663,21.159427305333274,wkw65l9w,whole-sweep-12
434911,19.188959157360323,wkw65l9w,whole-sweep-12
443099,23.55263198258547,wkw65l9w,whole-sweep-12
451301,13.370653908472637,wkw65l9w,whole-sweep-12
459490,15.56045219128868,wkw65l9w,whole-sweep-12
467699,12.385441167749295,wkw65l9w,whole-sweep-12
475957,3.2016850257970133,wkw65l9w,whole-sweep-12
484172,23.137232935512067,wkw65l9w,whole-sweep-12
492404,17.258800151200923,wkw65l9w,whole-sweep-12
500619,20.30779113228172,wkw65l9w,whole-sweep-12
508837,20.972298466802556,wkw65l9w,whole-sweep-12
517045,24.6666678622668,wkw65l9w,whole-sweep-12
525245,23.300805840550623,wkw65l9w,whole-sweep-12
533460,13.9241903281921,wkw65l9w,whole-sweep-12
541670,20.06904044811241,wkw65l9w,whole-sweep-12
549879,24.915937012027836,wkw65l9w,whole-sweep-12
558108,23.946996878335835,wkw65l9w,whole-sweep-12
566309,15.808032246206972,wkw65l9w,whole-sweep-12
574482,30.023734888394774,wkw65l9w,whole-sweep-12
582688,28.868548608207657,wkw65l9w,whole-sweep-12
590892,14.99869804003132,wkw65l9w,whole-sweep-12
599110,22.157094367932658,wkw65l9w,whole-sweep-12
607347,16.71847063417072,wkw65l9w,whole-sweep-12
615551,19.43328671810622,wkw65l9w,whole-sweep-12
623755,23.36723572298514,wkw65l9w,whole-sweep-12
631983,20.894535200642572,wkw65l9w,whole-sweep-12
640187,19.72935594969225,wkw65l9w,whole-sweep-12
648379,17.573565159866106,wkw65l9w,whole-sweep-12
656575,15.321299077057295,wkw65l9w,whole-sweep-12
664749,20.354346417843622,wkw65l9w,whole-sweep-12
672937,19.925648826609496,wkw65l9w,whole-sweep-12
681168,18.324070622270227,wkw65l9w,whole-sweep-12
689390,21.290326645424045,wkw65l9w,whole-sweep-12
697604,15.331889338508166,wkw65l9w,whole-sweep-12
705805,26.834789591228116,wkw65l9w,whole-sweep-12
713955,15.053061326617515,wkw65l9w,whole-sweep-12
722199,28.09529867247594,wkw65l9w,whole-sweep-12
730387,18.505629620509986,wkw65l9w,whole-sweep-12
738585,22.82658132340186,wkw65l9w,whole-sweep-12
746804,24.49086326204327,wkw65l9w,whole-sweep-12
755010,22.54906277008511,wkw65l9w,whole-sweep-12
763224,12.374198835403906,wkw65l9w,whole-sweep-12
771417,22.985347760756103,wkw65l9w,whole-sweep-12
779629,23.797900585057924,wkw65l9w,whole-sweep-12
787792,30.79756531816225,wkw65l9w,whole-sweep-12
795963,26.900635804945047,wkw65l9w,whole-sweep-12
804163,30.055049649164175,wkw65l9w,whole-sweep-12
812377,23.386414171353305,wkw65l9w,whole-sweep-12
820529,23.72929877488317,wkw65l9w,whole-sweep-12
828697,26.911192034777876,wkw65l9w,whole-sweep-12
836890,27.057682850862044,wkw65l9w,whole-sweep-12
845099,27.83234195707733,wkw65l9w,whole-sweep-12
853271,31.301114537556707,wkw65l9w,whole-sweep-12
861452,26.740483116806967,wkw65l9w,whole-sweep-12
869621,24.09601075951438,wkw65l9w,whole-sweep-12
877801,27.822614683571054,wkw65l9w,whole-sweep-12
885951,29.31366773341754,wkw65l9w,whole-sweep-12
894087,26.77314442171896,wkw65l9w,whole-sweep-12
902268,29.07888591771091,wkw65l9w,whole-sweep-12
910447,27.07357180636071,wkw65l9w,whole-sweep-12
918617,29.958703202598223,wkw65l9w,whole-sweep-12
926788,27.64661553903759,wkw65l9w,whole-sweep-12
934972,31.1706192480751,wkw65l9w,whole-sweep-12
943102,26.43354986883598,wkw65l9w,whole-sweep-12
951257,28.576330220032126,wkw65l9w,whole-sweep-12
959404,25.804701136205665,wkw65l9w,whole-sweep-12
967522,29.27413671460976,wkw65l9w,whole-sweep-12
975671,29.58687397061704,wkw65l9w,whole-sweep-12
983797,33.35062701720155,wkw65l9w,whole-sweep-12
991943,34.47133977187637,wkw65l9w,whole-sweep-12
1000077.0,33.95236305663167,wkw65l9w,whole-sweep-12
1008184.0,32.75576960957832,wkw65l9w,whole-sweep-12
1016280.0,34.15724916658233,wkw65l9w,whole-sweep-12
1024333.0,30.86209188487316,wkw65l9w,whole-sweep-12
1032385.0,34.20775757992675,wkw65l9w,whole-sweep-12
1040446.0,35.212440123293746,wkw65l9w,whole-sweep-12
1048552.0,33.29105587134312,wkw65l9w,whole-sweep-12
1056697.0,33.20399431252803,wkw65l9w,whole-sweep-12
1064784.0,31.68705846115838,wkw65l9w,whole-sweep-12
1072854.0,36.09979314960428,wkw65l9w,whole-sweep-12
1080870.0,34.876928472405204,wkw65l9w,whole-sweep-12
1088961.0,34.33112417099053,wkw65l9w,whole-sweep-12
1097023.0,33.37805778248929,wkw65l9w,whole-sweep-12
1105075.0,34.747531760100195,wkw65l9w,whole-sweep-12
1113114.0,35.09392286875456,wkw65l9w,whole-sweep-12
8223,10.090609524365174,1u45q2w8,revived-sweep-13
16398,19.80970482833398,1u45q2w8,revived-sweep-13
24514,8.463869967907007,1u45q2w8,revived-sweep-13
32606,11.62921750630504,1u45q2w8,revived-sweep-13
40748,21.63717470569275,1u45q2w8,revived-sweep-13
48835,22.110098737180518,1u45q2w8,revived-sweep-13
56968,17.238405711335545,1u45q2w8,revived-sweep-13
65045,18.286089497977745,1u45q2w8,revived-sweep-13
73134,20.485728990388274,1u45q2w8,revived-sweep-13
81247,24.353379903454545,1u45q2w8,revived-sweep-13
89432,25.81981649250172,1u45q2w8,revived-sweep-13
97584,13.035663650114529,1u45q2w8,revived-sweep-13
105775,15.435640007077343,1u45q2w8,revived-sweep-13
113927,9.16710801044598,1u45q2w8,revived-sweep-13
122098,20.540341843255412,1u45q2w8,revived-sweep-13
130300,24.425272259206643,1u45q2w8,revived-sweep-13
138516,21.326694246035927,1u45q2w8,revived-sweep-13
146722,16.370283131822664,1u45q2w8,revived-sweep-13
154920,25.292416000892885,1u45q2w8,revived-sweep-13
163083,18.68594576897815,1u45q2w8,revived-sweep-13
171306,18.106272276358204,1u45q2w8,revived-sweep-13
179507,14.57257423413039,1u45q2w8,revived-sweep-13
187655,19.294992383665214,1u45q2w8,revived-sweep-13
195857,16.33322172316,1u45q2w8,revived-sweep-13
204017,8.32682699226882,1u45q2w8,revived-sweep-13
212265,19.834487035205036,1u45q2w8,revived-sweep-13
220492,17.61779352495767,1u45q2w8,revived-sweep-13
228674,19.404831095773844,1u45q2w8,revived-sweep-13
236886,20.80177256504005,1u45q2w8,revived-sweep-13
245079,22.384672151153694,1u45q2w8,revived-sweep-13
253301,24.266709167771147,1u45q2w8,revived-sweep-13
261505,20.693076288848594,1u45q2w8,revived-sweep-13
269713,17.195140853512175,1u45q2w8,revived-sweep-13
277958,24.132349080918125,1u45q2w8,revived-sweep-13
286188,20.784817553246793,1u45q2w8,revived-sweep-13
294406,21.784496925056782,1u45q2w8,revived-sweep-13
302626,25.933999383983952,1u45q2w8,revived-sweep-13
310840,21.736775705424304,1u45q2w8,revived-sweep-13
319033,27.087478011582807,1u45q2w8,revived-sweep-13
327236,21.189347675221658,1u45q2w8,revived-sweep-13
335432,18.029921047370138,1u45q2w8,revived-sweep-13
343622,19.37374397779455,1u45q2w8,revived-sweep-13
351781,10.388142269728595,1u45q2w8,revived-sweep-13
359961,14.38649558466829,1u45q2w8,revived-sweep-13
368150,24.03948795347423,1u45q2w8,revived-sweep-13
376335,25.540241936943602,1u45q2w8,revived-sweep-13
384521,24.466830324002498,1u45q2w8,revived-sweep-13
392694,19.20785719962884,1u45q2w8,revived-sweep-13
400808,16.64659119822463,1u45q2w8,revived-sweep-13
408965,17.56720837102851,1u45q2w8,revived-sweep-13
417070,19.243317002728226,1u45q2w8,revived-sweep-13
425221,27.552586234930345,1u45q2w8,revived-sweep-13
433368,13.193022541758088,1u45q2w8,revived-sweep-13
441516,25.018393746712782,1u45q2w8,revived-sweep-13
449608,17.84418410296463,1u45q2w8,revived-sweep-13
457745,27.624565505346965,1u45q2w8,revived-sweep-13
465873,15.316566324753305,1u45q2w8,revived-sweep-13
474006,17.483157410053696,1u45q2w8,revived-sweep-13
482098,25.257088387282803,1u45q2w8,revived-sweep-13
490177,18.34662998284374,1u45q2w8,revived-sweep-13
498297,11.337232936131125,1u45q2w8,revived-sweep-13
506440,20.348543237679007,1u45q2w8,revived-sweep-13
514604,25.44490389514351,1u45q2w8,revived-sweep-13
522761,29.2835978587647,1u45q2w8,revived-sweep-13
530873,17.358391801081517,1u45q2w8,revived-sweep-13
538959,29.873892602743858,1u45q2w8,revived-sweep-13
547014,25.709718806151102,1u45q2w8,revived-sweep-13
555123,21.84052243756539,1u45q2w8,revived-sweep-13
563213,26.01942477425978,1u45q2w8,revived-sweep-13
571358,24.058147146058182,1u45q2w8,revived-sweep-13
579483,23.829086636091443,1u45q2w8,revived-sweep-13
587634,20.352387563347996,1u45q2w8,revived-sweep-13
595731,29.15540530926155,1u45q2w8,revived-sweep-13
603799,26.794690161702203,1u45q2w8,revived-sweep-13
611914,33.10923103691548,1u45q2w8,revived-sweep-13
620022,23.52871246841112,1u45q2w8,revived-sweep-13
628154,31.826381023968658,1u45q2w8,revived-sweep-13
636216,31.087413934662436,1u45q2w8,revived-sweep-13
644258,25.737028662360963,1u45q2w8,revived-sweep-13
652310,19.64519101748731,1u45q2w8,revived-sweep-13
660425,30.290049684040618,1u45q2w8,revived-sweep-13
668507,29.7804044662754,1u45q2w8,revived-sweep-13
676621,32.33386113399733,1u45q2w8,revived-sweep-13
684692,29.66243311028553,1u45q2w8,revived-sweep-13
692733,30.62404111775129,1u45q2w8,revived-sweep-13
700730,31.698508107421798,1u45q2w8,revived-sweep-13
708756,24.86034179834358,1u45q2w8,revived-sweep-13
716781,27.165164771364136,1u45q2w8,revived-sweep-13
724877,27.393577047076256,1u45q2w8,revived-sweep-13
732936,31.39496094311241,1u45q2w8,revived-sweep-13
740947,29.564519615367146,1u45q2w8,revived-sweep-13
748976,26.09123321457698,1u45q2w8,revived-sweep-13
757022,28.320831682598556,1u45q2w8,revived-sweep-13
765031,31.867040073563935,1u45q2w8,revived-sweep-13
773069,32.69699222956357,1u45q2w8,revived-sweep-13
781043,32.07885533907634,1u45q2w8,revived-sweep-13
788969,23.68091736024702,1u45q2w8,revived-sweep-13
796925,26.187136877818467,1u45q2w8,revived-sweep-13
804915,28.564440554733274,1u45q2w8,revived-sweep-13
812884,30.357037548839706,1u45q2w8,revived-sweep-13
820876,31.93928471472311,1u45q2w8,revived-sweep-13
828695,35.1897016187768,1u45q2w8,revived-sweep-13
836592,35.20078293943668,1u45q2w8,revived-sweep-13
844543,35.769479661492134,1u45q2w8,revived-sweep-13
852432,35.067131806295514,1u45q2w8,revived-sweep-13
860303,28.584477806797185,1u45q2w8,revived-sweep-13
868181,34.79275642685475,1u45q2w8,revived-sweep-13
876055,34.593252679315626,1u45q2w8,revived-sweep-13
883952,34.6572920599951,1u45q2w8,revived-sweep-13
891834,31.15772198302397,1u45q2w8,revived-sweep-13
899785,31.616559461481167,1u45q2w8,revived-sweep-13
907656,35.86131108891095,1u45q2w8,revived-sweep-13
915529,34.17488743757035,1u45q2w8,revived-sweep-13
923440,33.7653549433163,1u45q2w8,revived-sweep-13
931366,35.4282638583901,1u45q2w8,revived-sweep-13
939241,35.36328517462274,1u45q2w8,revived-sweep-13
947166,36.08025336100815,1u45q2w8,revived-sweep-13
955115,35.78568902568705,1u45q2w8,revived-sweep-13
963100,35.91980035558538,1u45q2w8,revived-sweep-13
971006,35.786951513144416,1u45q2w8,revived-sweep-13
978778,35.90287954316691,1u45q2w8,revived-sweep-13
986502,36.028415741240366,1u45q2w8,revived-sweep-13
994166,35.85269009507648,1u45q2w8,revived-sweep-13
1001843.0,36.08025336100815,1u45q2w8,revived-sweep-13
1009495.0,36.08025336100815,1u45q2w8,revived-sweep-13
1017123.0,36.258466681204126,1u45q2w8,revived-sweep-13
1024774.0,36.08025336100815,1u45q2w8,revived-sweep-13
1032390.0,35.78568902568705,1u45q2w8,revived-sweep-13
1040012.0,35.88869420657496,1u45q2w8,revived-sweep-13
1047703.0,35.88869420657496,1u45q2w8,revived-sweep-13
1055350.0,36.10399830078594,1u45q2w8,revived-sweep-13
1062981.0,38.67193550706867,1u45q2w8,revived-sweep-13
1070615.0,38.479066222405216,1u45q2w8,revived-sweep-13
1078274.0,39.39620280714487,1u45q2w8,revived-sweep-13
1085957.0,39.53737557930365,1u45q2w8,revived-sweep-13
1093696.0,39.39620280714487,1u45q2w8,revived-sweep-13
8213,17.42227074867561,wmopf1cx,quiet-sweep-14
16398,19.43368647161938,wmopf1cx,quiet-sweep-14
24588,25.91327242171446,wmopf1cx,quiet-sweep-14
32782,24.177056614516125,wmopf1cx,quiet-sweep-14
40964,22.798797431079585,wmopf1cx,quiet-sweep-14
49171,19.61627144197034,wmopf1cx,quiet-sweep-14
57367,20.204623783003907,wmopf1cx,quiet-sweep-14
65568,15.929974780140427,wmopf1cx,quiet-sweep-14
73754,15.219778381032839,wmopf1cx,quiet-sweep-14
82008,21.74516111072035,wmopf1cx,quiet-sweep-14
90200,17.523310147022162,wmopf1cx,quiet-sweep-14
98368,22.887510466133723,wmopf1cx,quiet-sweep-14
106531,17.84783521203578,wmopf1cx,quiet-sweep-14
114702,26.069813714459862,wmopf1cx,quiet-sweep-14
122922,19.275676040104607,wmopf1cx,quiet-sweep-14
131097,12.442836522527328,wmopf1cx,quiet-sweep-14
139297,22.31655542128635,wmopf1cx,quiet-sweep-14
147441,21.907657125500307,wmopf1cx,quiet-sweep-14
155627,19.606825921505568,wmopf1cx,quiet-sweep-14
163758,19.071393551075822,wmopf1cx,quiet-sweep-14
171897,22.564802514098425,wmopf1cx,quiet-sweep-14
180042,24.19547331576411,wmopf1cx,quiet-sweep-14
188158,20.5143974616359,wmopf1cx,quiet-sweep-14
196322,22.74941131991889,wmopf1cx,quiet-sweep-14
204429,19.76277679738424,wmopf1cx,quiet-sweep-14
212507,20.51931243972795,wmopf1cx,quiet-sweep-14
220603,14.622932637526755,wmopf1cx,quiet-sweep-14
228714,18.782847365093307,wmopf1cx,quiet-sweep-14
236822,15.990601070817439,wmopf1cx,quiet-sweep-14
244935,16.972650695297556,wmopf1cx,quiet-sweep-14
253032,20.483040606300808,wmopf1cx,quiet-sweep-14
261160,24.78289788277352,wmopf1cx,quiet-sweep-14
269247,22.764747942138335,wmopf1cx,quiet-sweep-14
277357,24.22507505445764,wmopf1cx,quiet-sweep-14
285412,13.186612191838753,wmopf1cx,quiet-sweep-14
293469,14.109172303581682,wmopf1cx,quiet-sweep-14
301596,22.05097584918107,wmopf1cx,quiet-sweep-14
309716,22.457389594502764,wmopf1cx,quiet-sweep-14
317854,21.03059900346358,wmopf1cx,quiet-sweep-14
325919,19.247340081107403,wmopf1cx,quiet-sweep-14
333942,22.958535207206744,wmopf1cx,quiet-sweep-14
342017,19.999154739219854,wmopf1cx,quiet-sweep-14
350080,26.428896244490563,wmopf1cx,quiet-sweep-14
358131,21.479093891582796,wmopf1cx,quiet-sweep-14
366163,22.18987356824794,wmopf1cx,quiet-sweep-14
374231,17.727612564828895,wmopf1cx,quiet-sweep-14
382260,21.619709130705452,wmopf1cx,quiet-sweep-14
390265,14.009052642061462,wmopf1cx,quiet-sweep-14
398267,29.335515684714608,wmopf1cx,quiet-sweep-14
406275,18.84892720899124,wmopf1cx,quiet-sweep-14
414305,21.668836604381802,wmopf1cx,quiet-sweep-14
422334,24.996986259666834,wmopf1cx,quiet-sweep-14
430333,28.751717644461433,wmopf1cx,quiet-sweep-14
438339,21.644559938795958,wmopf1cx,quiet-sweep-14
446355,19.60846246670052,wmopf1cx,quiet-sweep-14
454344,19.657584354491583,wmopf1cx,quiet-sweep-14
462343,28.827900794461744,wmopf1cx,quiet-sweep-14
470399,27.332946123355462,wmopf1cx,quiet-sweep-14
478460,29.965903265406588,wmopf1cx,quiet-sweep-14
486492,21.462833315901825,wmopf1cx,quiet-sweep-14
494518,26.313282274818448,wmopf1cx,quiet-sweep-14
502632,32.343425386180556,wmopf1cx,quiet-sweep-14
510704,27.224620280703498,wmopf1cx,quiet-sweep-14
518751,24.639662120476416,wmopf1cx,quiet-sweep-14
526833,28.063162004157533,wmopf1cx,quiet-sweep-14
534900,27.85720180700419,wmopf1cx,quiet-sweep-14
542953,30.86180300657704,wmopf1cx,quiet-sweep-14
550992,29.919628413400222,wmopf1cx,quiet-sweep-14
559016,27.118521439172962,wmopf1cx,quiet-sweep-14
567073,27.69415025000074,wmopf1cx,quiet-sweep-14
575153,29.695893039865247,wmopf1cx,quiet-sweep-14
583205,32.97149378692893,wmopf1cx,quiet-sweep-14
591248,28.68493814217094,wmopf1cx,quiet-sweep-14
599311,24.1521580896588,wmopf1cx,quiet-sweep-14
607395,33.082730266272605,wmopf1cx,quiet-sweep-14
615409,30.730453498750627,wmopf1cx,quiet-sweep-14
623446,28.303541780121055,wmopf1cx,quiet-sweep-14
631509,32.638092914322876,wmopf1cx,quiet-sweep-14
639578,30.28907010340878,wmopf1cx,quiet-sweep-14
647611,31.04201813028042,wmopf1cx,quiet-sweep-14
655708,33.94560025203744,wmopf1cx,quiet-sweep-14
663733,26.55501523193015,wmopf1cx,quiet-sweep-14
671742,35.03264528737003,wmopf1cx,quiet-sweep-14
679806,34.4902860112896,wmopf1cx,quiet-sweep-14
687894,35.05790226018638,wmopf1cx,quiet-sweep-14
695914,32.455826042344,wmopf1cx,quiet-sweep-14
703965,34.699565401695736,wmopf1cx,quiet-sweep-14
712023,35.5095194334462,wmopf1cx,quiet-sweep-14
720073,35.99635954257807,wmopf1cx,quiet-sweep-14
728151,34.202440529530485,wmopf1cx,quiet-sweep-14
736215,32.473036574563864,wmopf1cx,quiet-sweep-14
744304,34.043005468717254,wmopf1cx,quiet-sweep-14
752370,32.78298998986219,wmopf1cx,quiet-sweep-14
760394,32.72479565792672,wmopf1cx,quiet-sweep-14
768511,33.73567376910487,wmopf1cx,quiet-sweep-14
776500,32.008697173286535,wmopf1cx,quiet-sweep-14
784488,35.626357606220424,wmopf1cx,quiet-sweep-14
792488,35.13100052445268,wmopf1cx,quiet-sweep-14
800445,34.56370932850423,wmopf1cx,quiet-sweep-14
808416,34.939651060954944,wmopf1cx,quiet-sweep-14
816385,36.5794935393643,wmopf1cx,quiet-sweep-14
824359,36.1810876708077,wmopf1cx,quiet-sweep-14
832335,36.658338367974224,wmopf1cx,quiet-sweep-14
840328,35.71841082999234,wmopf1cx,quiet-sweep-14
848319,35.831064278298896,wmopf1cx,quiet-sweep-14
856299,35.69862165024777,wmopf1cx,quiet-sweep-14
864264,36.4381921516205,wmopf1cx,quiet-sweep-14
872218,36.31587302591714,wmopf1cx,quiet-sweep-14
880159,36.31587302591714,wmopf1cx,quiet-sweep-14
888110,37.17863191169759,wmopf1cx,quiet-sweep-14
896053,36.31587302591714,wmopf1cx,quiet-sweep-14
904014,36.77419102900569,wmopf1cx,quiet-sweep-14
912040,37.878042176797635,wmopf1cx,quiet-sweep-14
919972,37.29973861665035,wmopf1cx,quiet-sweep-14
927917,37.08055172076788,wmopf1cx,quiet-sweep-14
935908,37.618722160825065,wmopf1cx,quiet-sweep-14
943908,37.22163157570592,wmopf1cx,quiet-sweep-14
951896,36.68227313979307,wmopf1cx,quiet-sweep-14
959866,37.48559217934191,wmopf1cx,quiet-sweep-14
967892,37.290540753753604,wmopf1cx,quiet-sweep-14
975903,37.517210991852494,wmopf1cx,quiet-sweep-14
983942,37.58827390525457,wmopf1cx,quiet-sweep-14
991961,36.58503276501696,wmopf1cx,quiet-sweep-14
999949,37.22552983251143,wmopf1cx,quiet-sweep-14
1007994.0,37.03715664741402,wmopf1cx,quiet-sweep-14
1016017.0,37.40391786736418,wmopf1cx,quiet-sweep-14
1024044.0,38.727350972668575,wmopf1cx,quiet-sweep-14
1032058.0,36.51911078470476,wmopf1cx,quiet-sweep-14
1040080.0,36.11420786711746,wmopf1cx,quiet-sweep-14
1048081.0,37.57264063153466,wmopf1cx,quiet-sweep-14
1056093.0,38.82141209540372,wmopf1cx,quiet-sweep-14
1064097.0,39.116659841303445,wmopf1cx,quiet-sweep-14
1072110.0,39.116659841303445,wmopf1cx,quiet-sweep-14
1080140.0,39.116659841303445,wmopf1cx,quiet-sweep-14
1088169.0,39.116659841303445,wmopf1cx,quiet-sweep-14
1096196.0,39.116659841303445,wmopf1cx,quiet-sweep-14
8222,19.272160916538144,qsoyzdei,ethereal-sweep-15
16429,9.935130118510614,qsoyzdei,ethereal-sweep-15
24642,18.33579294038353,qsoyzdei,ethereal-sweep-15
32840,17.722040641347416,qsoyzdei,ethereal-sweep-15
41065,21.140438552199875,qsoyzdei,ethereal-sweep-15
49260,18.942952650622694,qsoyzdei,ethereal-sweep-15
57435,21.878010251050625,qsoyzdei,ethereal-sweep-15
65635,24.96818964103048,qsoyzdei,ethereal-sweep-15
73739,12.676629057050672,qsoyzdei,ethereal-sweep-15
81895,18.670117787192556,qsoyzdei,ethereal-sweep-15
90078,22.024259391007586,qsoyzdei,ethereal-sweep-15
98296,21.981625297032938,qsoyzdei,ethereal-sweep-15
106448,20.116686055684898,qsoyzdei,ethereal-sweep-15
114566,22.884097825113525,qsoyzdei,ethereal-sweep-15
122715,25.92881309195392,qsoyzdei,ethereal-sweep-15
130886,25.314720499038298,qsoyzdei,ethereal-sweep-15
139063,15.936791490675091,qsoyzdei,ethereal-sweep-15
147225,17.19504509509186,qsoyzdei,ethereal-sweep-15
155368,17.332038588093855,qsoyzdei,ethereal-sweep-15
163520,21.352156045924033,qsoyzdei,ethereal-sweep-15
171680,20.90949174748256,qsoyzdei,ethereal-sweep-15
179866,21.487586360568336,qsoyzdei,ethereal-sweep-15
188059,19.793948434132112,qsoyzdei,ethereal-sweep-15
196240,22.67355058002779,qsoyzdei,ethereal-sweep-15
204433,18.45786994446213,qsoyzdei,ethereal-sweep-15
212589,19.598631856430668,qsoyzdei,ethereal-sweep-15
220734,27.228114713355247,qsoyzdei,ethereal-sweep-15
228854,18.715407056571983,qsoyzdei,ethereal-sweep-15
237056,23.845822749150535,qsoyzdei,ethereal-sweep-15
245228,10.322842735052408,qsoyzdei,ethereal-sweep-15
253402,22.99901178908553,qsoyzdei,ethereal-sweep-15
261572,23.720773489543802,qsoyzdei,ethereal-sweep-15
269726,16.69681913000685,qsoyzdei,ethereal-sweep-15
277928,14.583993129699655,qsoyzdei,ethereal-sweep-15
286115,10.09952377940593,qsoyzdei,ethereal-sweep-15
294286,17.200250025495944,qsoyzdei,ethereal-sweep-15
302495,18.29548086108649,qsoyzdei,ethereal-sweep-15
310661,21.596579654197978,qsoyzdei,ethereal-sweep-15
318847,26.952462602728634,qsoyzdei,ethereal-sweep-15
326979,21.244005965944396,qsoyzdei,ethereal-sweep-15
335151,11.91336769378585,qsoyzdei,ethereal-sweep-15
343298,20.128305634370683,qsoyzdei,ethereal-sweep-15
351498,18.57877999815558,qsoyzdei,ethereal-sweep-15
359674,27.61753468138928,qsoyzdei,ethereal-sweep-15
367862,19.17094449713135,qsoyzdei,ethereal-sweep-15
376024,19.721603127782316,qsoyzdei,ethereal-sweep-15
384237,17.341594683185985,qsoyzdei,ethereal-sweep-15
392448,19.566067155214302,qsoyzdei,ethereal-sweep-15
400633,14.663484985246294,qsoyzdei,ethereal-sweep-15
408864,15.311752731017412,qsoyzdei,ethereal-sweep-15
417090,22.370712439570337,qsoyzdei,ethereal-sweep-15
425276,18.161788946001888,qsoyzdei,ethereal-sweep-15
433445,14.117203331622175,qsoyzdei,ethereal-sweep-15
441639,10.345330623525351,qsoyzdei,ethereal-sweep-15
449850,21.46079603218837,qsoyzdei,ethereal-sweep-15
458069,14.685186688256357,qsoyzdei,ethereal-sweep-15
466282,19.426398127198,qsoyzdei,ethereal-sweep-15
474494,13.003486071934432,qsoyzdei,ethereal-sweep-15
482678,17.956997842653728,qsoyzdei,ethereal-sweep-15
490896,21.350980725246696,qsoyzdei,ethereal-sweep-15
499103,14.998081673643537,qsoyzdei,ethereal-sweep-15
507336,13.920386402980593,qsoyzdei,ethereal-sweep-15
515578,19.655757122609245,qsoyzdei,ethereal-sweep-15
523799,28.10672689501579,qsoyzdei,ethereal-sweep-15
532017,26.0786286473401,qsoyzdei,ethereal-sweep-15
540223,19.89272584188219,qsoyzdei,ethereal-sweep-15
548435,23.514820428108468,qsoyzdei,ethereal-sweep-15
556627,19.62065941188291,qsoyzdei,ethereal-sweep-15
564827,11.355299003035206,qsoyzdei,ethereal-sweep-15
573021,26.386747345217174,qsoyzdei,ethereal-sweep-15
581228,14.208487796458385,qsoyzdei,ethereal-sweep-15
589439,12.818102575316194,qsoyzdei,ethereal-sweep-15
597580,20.475645398911695,qsoyzdei,ethereal-sweep-15
605757,26.764148536508962,qsoyzdei,ethereal-sweep-15
613942,17.730912475392007,qsoyzdei,ethereal-sweep-15
622133,22.17737820390808,qsoyzdei,ethereal-sweep-15
630327,11.528241827261727,qsoyzdei,ethereal-sweep-15
638550,22.445493917861068,qsoyzdei,ethereal-sweep-15
646756,26.686453887782477,qsoyzdei,ethereal-sweep-15
654955,25.648584735998593,qsoyzdei,ethereal-sweep-15
663144,20.000533826909866,qsoyzdei,ethereal-sweep-15
671331,21.35835935985844,qsoyzdei,ethereal-sweep-15
679519,22.775012216129085,qsoyzdei,ethereal-sweep-15
687689,18.557265692586036,qsoyzdei,ethereal-sweep-15
695908,23.000528039266463,qsoyzdei,ethereal-sweep-15
704089,20.561816258591712,qsoyzdei,ethereal-sweep-15
712270,21.35284375884083,qsoyzdei,ethereal-sweep-15
720433,22.845995364276547,qsoyzdei,ethereal-sweep-15
728615,25.521750917371104,qsoyzdei,ethereal-sweep-15
736798,27.068357966166012,qsoyzdei,ethereal-sweep-15
744973,18.135130099360715,qsoyzdei,ethereal-sweep-15
753160,28.598875776155346,qsoyzdei,ethereal-sweep-15
761324,19.571385447101655,qsoyzdei,ethereal-sweep-15
769514,30.156835147679963,qsoyzdei,ethereal-sweep-15
777736,30.34544839295746,qsoyzdei,ethereal-sweep-15
785911,24.696305629093207,qsoyzdei,ethereal-sweep-15
794110,18.38887735228347,qsoyzdei,ethereal-sweep-15
802307,23.40154340007578,qsoyzdei,ethereal-sweep-15
810525,28.3065556989083,qsoyzdei,ethereal-sweep-15
818741,27.039023357325686,qsoyzdei,ethereal-sweep-15
826938,30.323835721728766,qsoyzdei,ethereal-sweep-15
835139,30.157323743657592,qsoyzdei,ethereal-sweep-15
843326,24.989851414849127,qsoyzdei,ethereal-sweep-15
851471,24.664095096090318,qsoyzdei,ethereal-sweep-15
859578,31.794670370774714,qsoyzdei,ethereal-sweep-15
867726,23.7435177397822,qsoyzdei,ethereal-sweep-15
875786,31.635968660783618,qsoyzdei,ethereal-sweep-15
883864,28.34595585822053,qsoyzdei,ethereal-sweep-15
891895,32.20793937149709,qsoyzdei,ethereal-sweep-15
899934,33.11349503769689,qsoyzdei,ethereal-sweep-15
907919,31.21557394115178,qsoyzdei,ethereal-sweep-15
915867,30.57155192783649,qsoyzdei,ethereal-sweep-15
923785,33.18149923835388,qsoyzdei,ethereal-sweep-15
931684,34.62460047862622,qsoyzdei,ethereal-sweep-15
939511,34.32853545491932,qsoyzdei,ethereal-sweep-15
947294,32.00347442509794,qsoyzdei,ethereal-sweep-15
955155,33.449748802561075,qsoyzdei,ethereal-sweep-15
962954,35.522294296130625,qsoyzdei,ethereal-sweep-15
970710,35.40424792199853,qsoyzdei,ethereal-sweep-15
978565,33.74497878868597,qsoyzdei,ethereal-sweep-15
986292,35.43606506749595,qsoyzdei,ethereal-sweep-15
994060,35.156269989850486,qsoyzdei,ethereal-sweep-15
1001662.0,33.73391040287451,qsoyzdei,ethereal-sweep-15
1009196.0,35.33904114646725,qsoyzdei,ethereal-sweep-15
1016605.0,34.17106235805984,qsoyzdei,ethereal-sweep-15
1023996.0,34.11035091563046,qsoyzdei,ethereal-sweep-15
1031365.0,35.29470987899052,qsoyzdei,ethereal-sweep-15
1038746.0,35.21363794610305,qsoyzdei,ethereal-sweep-15
1046069.0,36.76018613744622,qsoyzdei,ethereal-sweep-15
1053407.0,35.21363794610305,qsoyzdei,ethereal-sweep-15
1060749.0,35.29470987899052,qsoyzdei,ethereal-sweep-15
1068105.0,35.29470987899052,qsoyzdei,ethereal-sweep-15
1075429.0,35.306587991680644,qsoyzdei,ethereal-sweep-15
1082789.0,35.21363794610305,qsoyzdei,ethereal-sweep-15
1090149.0,35.306587991680644,qsoyzdei,ethereal-sweep-15
1097527.0,34.82349691251859,qsoyzdei,ethereal-sweep-15
8252,18.400921550417337,f5yw6i5l,frosty-sweep-16
16483,15.095939895828895,f5yw6i5l,frosty-sweep-16
24693,7.358713999479034,f5yw6i5l,frosty-sweep-16
32909,12.703742294678182,f5yw6i5l,frosty-sweep-16
41138,17.174254500699302,f5yw6i5l,frosty-sweep-16
49353,27.979037647849356,f5yw6i5l,frosty-sweep-16
57570,19.05884712370592,f5yw6i5l,frosty-sweep-16
65807,25.851854000433196,f5yw6i5l,frosty-sweep-16
74013,11.625856763019621,f5yw6i5l,frosty-sweep-16
82245,16.552307319743,f5yw6i5l,frosty-sweep-16
90463,16.416534177369297,f5yw6i5l,frosty-sweep-16
98684,15.366223397946746,f5yw6i5l,frosty-sweep-16
106917,17.948468091262352,f5yw6i5l,frosty-sweep-16
115139,20.162750523525165,f5yw6i5l,frosty-sweep-16
123334,16.358140606179006,f5yw6i5l,frosty-sweep-16
131536,18.95652992054127,f5yw6i5l,frosty-sweep-16
139700,18.493444197794425,f5yw6i5l,frosty-sweep-16
147919,25.922618161117043,f5yw6i5l,frosty-sweep-16
156109,28.02628814335294,f5yw6i5l,frosty-sweep-16
164277,17.46090961463769,f5yw6i5l,frosty-sweep-16
172389,19.643284453248846,f5yw6i5l,frosty-sweep-16
180597,12.976389980647696,f5yw6i5l,frosty-sweep-16
188785,20.525105090237254,f5yw6i5l,frosty-sweep-16
196940,15.799839239800729,f5yw6i5l,frosty-sweep-16
205163,29.455109852059348,f5yw6i5l,frosty-sweep-16
213336,23.96321355886555,f5yw6i5l,frosty-sweep-16
221557,16.1214003369961,f5yw6i5l,frosty-sweep-16
229721,21.777115460382593,f5yw6i5l,frosty-sweep-16
237919,16.894383183966884,f5yw6i5l,frosty-sweep-16
246090,27.11935122181645,f5yw6i5l,frosty-sweep-16
254237,31.269377325365262,f5yw6i5l,frosty-sweep-16
262383,16.30387421693589,f5yw6i5l,frosty-sweep-16
270574,23.177607817651783,f5yw6i5l,frosty-sweep-16
278757,23.644401673267854,f5yw6i5l,frosty-sweep-16
286962,22.608391741318506,f5yw6i5l,frosty-sweep-16
295168,24.013559436463513,f5yw6i5l,frosty-sweep-16
303370,13.957008440877768,f5yw6i5l,frosty-sweep-16
311565,15.837977253546308,f5yw6i5l,frosty-sweep-16
319740,16.642351439199693,f5yw6i5l,frosty-sweep-16
327941,16.369506338598875,f5yw6i5l,frosty-sweep-16
336130,21.28947265538674,f5yw6i5l,frosty-sweep-16
344334,16.676861953160806,f5yw6i5l,frosty-sweep-16
352509,15.812942751895179,f5yw6i5l,frosty-sweep-16
360706,22.430348129246564,f5yw6i5l,frosty-sweep-16
368891,23.904081241342045,f5yw6i5l,frosty-sweep-16
377086,21.989696899593856,f5yw6i5l,frosty-sweep-16
385248,18.86310076152727,f5yw6i5l,frosty-sweep-16
393421,24.853720236831787,f5yw6i5l,frosty-sweep-16
401583,17.930433424744013,f5yw6i5l,frosty-sweep-16
409786,14.509579786685393,f5yw6i5l,frosty-sweep-16
417922,22.71694740037865,f5yw6i5l,frosty-sweep-16
426063,20.98171177824589,f5yw6i5l,frosty-sweep-16
434222,26.439628191705832,f5yw6i5l,frosty-sweep-16
442361,26.491994909214405,f5yw6i5l,frosty-sweep-16
450472,30.9193048363593,f5yw6i5l,frosty-sweep-16
458590,27.60633829434757,f5yw6i5l,frosty-sweep-16
466721,29.840694693039307,f5yw6i5l,frosty-sweep-16
474821,27.188090528086303,f5yw6i5l,frosty-sweep-16
482926,29.961102579383912,f5yw6i5l,frosty-sweep-16
491027,20.077571024895043,f5yw6i5l,frosty-sweep-16
499104,25.246103574699283,f5yw6i5l,frosty-sweep-16
507147,30.095198822766527,f5yw6i5l,frosty-sweep-16
515227,32.79495485256361,f5yw6i5l,frosty-sweep-16
523259,19.60791989101545,f5yw6i5l,frosty-sweep-16
531286,27.442724828242667,f5yw6i5l,frosty-sweep-16
539239,29.339315279495644,f5yw6i5l,frosty-sweep-16
547258,35.17307389660782,f5yw6i5l,frosty-sweep-16
555306,31.497018652909937,f5yw6i5l,frosty-sweep-16
563311,31.23069881463694,f5yw6i5l,frosty-sweep-16
571300,30.072855802201378,f5yw6i5l,frosty-sweep-16
579222,36.30461185340167,f5yw6i5l,frosty-sweep-16
587207,34.731509333776,f5yw6i5l,frosty-sweep-16
595104,33.91071065071547,f5yw6i5l,frosty-sweep-16
602945,34.77959274669126,f5yw6i5l,frosty-sweep-16
610892,34.65875641009668,f5yw6i5l,frosty-sweep-16
618836,30.616213504555947,f5yw6i5l,frosty-sweep-16
626760,35.102196377060544,f5yw6i5l,frosty-sweep-16
634722,29.774111486339063,f5yw6i5l,frosty-sweep-16
642672,32.574754109109364,f5yw6i5l,frosty-sweep-16
650663,34.828873039166545,f5yw6i5l,frosty-sweep-16
658652,34.10896028376506,f5yw6i5l,frosty-sweep-16
666650,34.287578498212014,f5yw6i5l,frosty-sweep-16
674664,28.959495063471326,f5yw6i5l,frosty-sweep-16
682671,35.77245926810748,f5yw6i5l,frosty-sweep-16
690665,34.5796832493277,f5yw6i5l,frosty-sweep-16
698707,33.57588367233073,f5yw6i5l,frosty-sweep-16
706740,35.173808796930395,f5yw6i5l,frosty-sweep-16
714790,33.231147948836494,f5yw6i5l,frosty-sweep-16
722822,33.57052175612233,f5yw6i5l,frosty-sweep-16
730826,32.657125571741446,f5yw6i5l,frosty-sweep-16
738915,35.680100088552095,f5yw6i5l,frosty-sweep-16
746980,33.84692714986857,f5yw6i5l,frosty-sweep-16
755055,37.0857050548879,f5yw6i5l,frosty-sweep-16
763110,34.11987809144274,f5yw6i5l,frosty-sweep-16
771199,35.58656933726634,f5yw6i5l,frosty-sweep-16
779201,35.34827061634853,f5yw6i5l,frosty-sweep-16
787224,35.31407852200216,f5yw6i5l,frosty-sweep-16
795257,34.95267919492058,f5yw6i5l,frosty-sweep-16
803253,38.36584919614268,f5yw6i5l,frosty-sweep-16
811274,35.77651884940545,f5yw6i5l,frosty-sweep-16
819285,38.67797959292214,f5yw6i5l,frosty-sweep-16
827310,39.04225808695734,f5yw6i5l,frosty-sweep-16
835307,39.04225808695734,f5yw6i5l,frosty-sweep-16
843340,39.04225808695734,f5yw6i5l,frosty-sweep-16
851372,38.19677927605274,f5yw6i5l,frosty-sweep-16
859388,38.85048907324608,f5yw6i5l,frosty-sweep-16
867413,39.04225808695734,f5yw6i5l,frosty-sweep-16
875443,39.04225808695734,f5yw6i5l,frosty-sweep-16
883495,39.04225808695734,f5yw6i5l,frosty-sweep-16
891533,39.04225808695734,f5yw6i5l,frosty-sweep-16
899549,39.48028653182361,f5yw6i5l,frosty-sweep-16
907585,39.66523354492176,f5yw6i5l,frosty-sweep-16
915620,39.36973778990954,f5yw6i5l,frosty-sweep-16
923643,39.49565576295705,f5yw6i5l,frosty-sweep-16
931602,39.36973778990954,f5yw6i5l,frosty-sweep-16
939608,40.24292211613553,f5yw6i5l,frosty-sweep-16
947651,39.36973778990954,f5yw6i5l,frosty-sweep-16
955684,39.36973778990954,f5yw6i5l,frosty-sweep-16
963698,39.70594631971619,f5yw6i5l,frosty-sweep-16
971743,39.36973778990954,f5yw6i5l,frosty-sweep-16
979781,39.06370797193399,f5yw6i5l,frosty-sweep-16
987853,39.06370797193399,f5yw6i5l,frosty-sweep-16
995945,39.06370797193399,f5yw6i5l,frosty-sweep-16
1004033.0,39.36973778990954,f5yw6i5l,frosty-sweep-16
1012119.0,39.06370797193399,f5yw6i5l,frosty-sweep-16
1020226.0,39.70594631971619,f5yw6i5l,frosty-sweep-16
1028345.0,39.06370797193399,f5yw6i5l,frosty-sweep-16
1036442.0,39.06370797193399,f5yw6i5l,frosty-sweep-16
1044517.0,39.06370797193399,f5yw6i5l,frosty-sweep-16
1052611.0,39.06370797193399,f5yw6i5l,frosty-sweep-16
1060710.0,39.06370797193399,f5yw6i5l,frosty-sweep-16
1068800.0,39.36973778990954,f5yw6i5l,frosty-sweep-16
1076839.0,39.377690788455034,f5yw6i5l,frosty-sweep-16
1084887.0,39.377690788455034,f5yw6i5l,frosty-sweep-16
1092972.0,39.06370797193399,f5yw6i5l,frosty-sweep-16
1101036.0,39.70594631971619,f5yw6i5l,frosty-sweep-16
8123,7.813228793039042,602wo5vo,skilled-sweep-17
16252,3.5332721717568796,602wo5vo,skilled-sweep-17
24403,8.808477406819229,602wo5vo,skilled-sweep-17
32538,21.810229136445027,602wo5vo,skilled-sweep-17
40621,23.652168454954705,602wo5vo,skilled-sweep-17
48677,7.029333608764846,602wo5vo,skilled-sweep-17
56754,10.717697017983765,602wo5vo,skilled-sweep-17
64837,17.07420234179421,602wo5vo,skilled-sweep-17
72906,26.17479244409451,602wo5vo,skilled-sweep-17
80907,24.70574216725586,602wo5vo,skilled-sweep-17
88945,13.514502346282365,602wo5vo,skilled-sweep-17
97013,19.61288460164052,602wo5vo,skilled-sweep-17
105016,19.40966007888603,602wo5vo,skilled-sweep-17
113027,24.366878048020777,602wo5vo,skilled-sweep-17
121007,27.262982552683905,602wo5vo,skilled-sweep-17
129030,26.137168072806794,602wo5vo,skilled-sweep-17
137046,19.497553517357264,602wo5vo,skilled-sweep-17
144970,15.004095891803724,602wo5vo,skilled-sweep-17
152878,23.935795910449574,602wo5vo,skilled-sweep-17
160835,23.51380863688034,602wo5vo,skilled-sweep-17
168822,21.953650530110014,602wo5vo,skilled-sweep-17
176783,29.023599898628838,602wo5vo,skilled-sweep-17
184741,27.351629248719064,602wo5vo,skilled-sweep-17
192758,20.004877914524577,602wo5vo,skilled-sweep-17
200635,25.063911788605743,602wo5vo,skilled-sweep-17
208527,21.00625210571744,602wo5vo,skilled-sweep-17
216415,22.455624498322177,602wo5vo,skilled-sweep-17
224357,17.812084784359477,602wo5vo,skilled-sweep-17
232293,14.907066057517401,602wo5vo,skilled-sweep-17
240218,20.842945766833488,602wo5vo,skilled-sweep-17
248144,20.760807829849846,602wo5vo,skilled-sweep-17
256088,20.368436665538407,602wo5vo,skilled-sweep-17
264119,18.25347548442092,602wo5vo,skilled-sweep-17
272034,18.13188339435359,602wo5vo,skilled-sweep-17
279985,30.33262507232382,602wo5vo,skilled-sweep-17
288008,16.47346332972842,602wo5vo,skilled-sweep-17
295994,23.795872264475495,602wo5vo,skilled-sweep-17
304008,28.408648319288737,602wo5vo,skilled-sweep-17
312113,23.431171255261166,602wo5vo,skilled-sweep-17
320117,16.48382567331914,602wo5vo,skilled-sweep-17
328096,19.00394533694482,602wo5vo,skilled-sweep-17
336051,29.741643986725375,602wo5vo,skilled-sweep-17
344090,17.48932863354429,602wo5vo,skilled-sweep-17
352128,25.56638255130164,602wo5vo,skilled-sweep-17
360218,25.133075969459437,602wo5vo,skilled-sweep-17
368244,22.301792560742264,602wo5vo,skilled-sweep-17
376265,23.24987654752678,602wo5vo,skilled-sweep-17
384329,24.20680916598446,602wo5vo,skilled-sweep-17
392335,27.887403497322243,602wo5vo,skilled-sweep-17
400408,28.10863601184378,602wo5vo,skilled-sweep-17
408409,25.03271877407446,602wo5vo,skilled-sweep-17
416448,29.063320036760466,602wo5vo,skilled-sweep-17
424486,33.08243257512519,602wo5vo,skilled-sweep-17
432531,19.593122931245926,602wo5vo,skilled-sweep-17
440566,21.503348345914375,602wo5vo,skilled-sweep-17
448569,13.128519056897613,602wo5vo,skilled-sweep-17
456645,32.20992388250224,602wo5vo,skilled-sweep-17
464586,26.92795342918714,602wo5vo,skilled-sweep-17
472630,15.011082320330427,602wo5vo,skilled-sweep-17
480585,29.41082962667992,602wo5vo,skilled-sweep-17
488568,23.146411232397313,602wo5vo,skilled-sweep-17
496555,29.511508388667096,602wo5vo,skilled-sweep-17
504517,29.244369970745474,602wo5vo,skilled-sweep-17
512414,25.30110583386901,602wo5vo,skilled-sweep-17
520356,26.13184348531204,602wo5vo,skilled-sweep-17
528359,28.451658081211328,602wo5vo,skilled-sweep-17
536242,32.86709998747873,602wo5vo,skilled-sweep-17
544182,23.993132871957652,602wo5vo,skilled-sweep-17
552151,19.46172653349126,602wo5vo,skilled-sweep-17
559990,28.971537517974536,602wo5vo,skilled-sweep-17
567869,22.60208241509063,602wo5vo,skilled-sweep-17
575738,28.952908175327792,602wo5vo,skilled-sweep-17
583625,29.579057496734958,602wo5vo,skilled-sweep-17
591534,19.213852402913552,602wo5vo,skilled-sweep-17
599443,30.096764096810716,602wo5vo,skilled-sweep-17
607306,30.472884750604,602wo5vo,skilled-sweep-17
615189,27.01706161171116,602wo5vo,skilled-sweep-17
623099,27.933901406536997,602wo5vo,skilled-sweep-17
630977,23.295899747870415,602wo5vo,skilled-sweep-17
638825,30.350683268467122,602wo5vo,skilled-sweep-17
646687,32.38521434667528,602wo5vo,skilled-sweep-17
654508,28.68095036413801,602wo5vo,skilled-sweep-17
662469,26.83395591363639,602wo5vo,skilled-sweep-17
670275,27.947101363472335,602wo5vo,skilled-sweep-17
678145,26.267155730401505,602wo5vo,skilled-sweep-17
686000,25.47089800068551,602wo5vo,skilled-sweep-17
693856,25.702481908527083,602wo5vo,skilled-sweep-17
701773,22.884300627217755,602wo5vo,skilled-sweep-17
709668,33.0284963486984,602wo5vo,skilled-sweep-17
717558,21.843063051305062,602wo5vo,skilled-sweep-17
725410,25.85080757265705,602wo5vo,skilled-sweep-17
733249,29.993931079163946,602wo5vo,skilled-sweep-17
741132,26.227441969855136,602wo5vo,skilled-sweep-17
748888,26.933135636118767,602wo5vo,skilled-sweep-17
756745,22.00500647585402,602wo5vo,skilled-sweep-17
763974,29.880127956337372,602wo5vo,skilled-sweep-17
771290,26.710253262942775,602wo5vo,skilled-sweep-17
778446,32.638620793049554,602wo5vo,skilled-sweep-17
785740,32.07852319949545,602wo5vo,skilled-sweep-17
793083,29.48678948334822,602wo5vo,skilled-sweep-17
800330,30.71320763491831,602wo5vo,skilled-sweep-17
807601,31.035243480959014,602wo5vo,skilled-sweep-17
814793,24.78325743014019,602wo5vo,skilled-sweep-17
821932,24.65711540837608,602wo5vo,skilled-sweep-17
829018,29.580907383137117,602wo5vo,skilled-sweep-17
836109,29.220512517898385,602wo5vo,skilled-sweep-17
843245,34.0964748245314,602wo5vo,skilled-sweep-17
850299,30.22510422991403,602wo5vo,skilled-sweep-17
857475,31.894130072027984,602wo5vo,skilled-sweep-17
864409,30.586640430829636,602wo5vo,skilled-sweep-17
871379,30.384476061708927,602wo5vo,skilled-sweep-17
878344,31.969603096923844,602wo5vo,skilled-sweep-17
885339,35.95047455048284,602wo5vo,skilled-sweep-17
892350,35.3831885079336,602wo5vo,skilled-sweep-17
899450,36.67379221264877,602wo5vo,skilled-sweep-17
906583,32.488633471352216,602wo5vo,skilled-sweep-17
913604,32.992812676790614,602wo5vo,skilled-sweep-17
920651,36.36819417497667,602wo5vo,skilled-sweep-17
927652,36.3396361758848,602wo5vo,skilled-sweep-17
934723,36.12585055883145,602wo5vo,skilled-sweep-17
941795,36.58214608131181,602wo5vo,skilled-sweep-17
948833,36.38865472416029,602wo5vo,skilled-sweep-17
955777,36.26865997823503,602wo5vo,skilled-sweep-17
962714,36.332352205746055,602wo5vo,skilled-sweep-17
969584,36.332352205746055,602wo5vo,skilled-sweep-17
976469,36.82230506986665,602wo5vo,skilled-sweep-17
983335,36.332352205746055,602wo5vo,skilled-sweep-17
990222,37.04596498385907,602wo5vo,skilled-sweep-17
997066,36.94085072572474,602wo5vo,skilled-sweep-17
1003961.0,36.39320336958755,602wo5vo,skilled-sweep-17
1010850.0,36.39320336958755,602wo5vo,skilled-sweep-17
1017692.0,36.94085072572474,602wo5vo,skilled-sweep-17
1024586.0,37.04596498385907,602wo5vo,skilled-sweep-17
1031467.0,36.88034824100618,602wo5vo,skilled-sweep-17
1038329.0,36.825017551778416,602wo5vo,skilled-sweep-17
1045246.0,36.463523094343934,602wo5vo,skilled-sweep-17
8170,12.963073643757031,y5yt8vep,logical-sweep-18
16345,22.54876800492874,y5yt8vep,logical-sweep-18
24529,17.114689293579175,y5yt8vep,logical-sweep-18
32626,25.205730299939308,y5yt8vep,logical-sweep-18
40798,10.212914897912343,y5yt8vep,logical-sweep-18
48890,15.626851418192832,y5yt8vep,logical-sweep-18
57017,16.26071649673875,y5yt8vep,logical-sweep-18
65165,19.835101871327687,y5yt8vep,logical-sweep-18
73294,27.39405892143871,y5yt8vep,logical-sweep-18
81416,18.20671279060901,y5yt8vep,logical-sweep-18
89591,21.137450235283925,y5yt8vep,logical-sweep-18
97759,14.376179350556637,y5yt8vep,logical-sweep-18
105972,15.71395052255123,y5yt8vep,logical-sweep-18
114152,25.13787860219646,y5yt8vep,logical-sweep-18
122343,18.072053662732895,y5yt8vep,logical-sweep-18
130490,17.9217032557698,y5yt8vep,logical-sweep-18
138673,17.820565416561948,y5yt8vep,logical-sweep-18
146894,18.71967178230944,y5yt8vep,logical-sweep-18
155092,25.207028106284273,y5yt8vep,logical-sweep-18
163289,15.612391691621259,y5yt8vep,logical-sweep-18
171473,18.110094592078603,y5yt8vep,logical-sweep-18
179680,11.201009201478715,y5yt8vep,logical-sweep-18
187894,11.349754223770105,y5yt8vep,logical-sweep-18
196087,8.454530996659532,y5yt8vep,logical-sweep-18
204297,19.544297120293713,y5yt8vep,logical-sweep-18
212489,21.07892708965745,y5yt8vep,logical-sweep-18
220729,9.76036691409507,y5yt8vep,logical-sweep-18
228968,15.32286031515566,y5yt8vep,logical-sweep-18
237178,17.603424832026523,y5yt8vep,logical-sweep-18
245381,12.967547524775679,y5yt8vep,logical-sweep-18
253612,16.47539488909043,y5yt8vep,logical-sweep-18
261816,19.301583309769892,y5yt8vep,logical-sweep-18
269999,23.885117992012866,y5yt8vep,logical-sweep-18
278204,21.182169678132034,y5yt8vep,logical-sweep-18
286427,17.326913350639522,y5yt8vep,logical-sweep-18
294619,19.087979256484108,y5yt8vep,logical-sweep-18
302849,21.869113327523014,y5yt8vep,logical-sweep-18
311087,23.635912177483533,y5yt8vep,logical-sweep-18
319284,23.883406402854654,y5yt8vep,logical-sweep-18
327468,18.0330673802188,y5yt8vep,logical-sweep-18
335696,23.864365419646408,y5yt8vep,logical-sweep-18
343890,21.63336073395056,y5yt8vep,logical-sweep-18
352036,20.305136696250006,y5yt8vep,logical-sweep-18
360246,22.178155111095247,y5yt8vep,logical-sweep-18
368429,17.546524499754458,y5yt8vep,logical-sweep-18
376620,16.487976988771383,y5yt8vep,logical-sweep-18
384754,21.364540873807435,y5yt8vep,logical-sweep-18
392947,26.436384445040915,y5yt8vep,logical-sweep-18
401088,17.137430019764057,y5yt8vep,logical-sweep-18
409319,19.372619902784372,y5yt8vep,logical-sweep-18
417543,23.90609395399617,y5yt8vep,logical-sweep-18
425764,18.065977742765657,y5yt8vep,logical-sweep-18
433995,28.54777253946572,y5yt8vep,logical-sweep-18
442201,13.126164071458309,y5yt8vep,logical-sweep-18
450374,24.667425018017898,y5yt8vep,logical-sweep-18
458610,14.055081780620872,y5yt8vep,logical-sweep-18
466825,20.360621650245587,y5yt8vep,logical-sweep-18
475055,30.308680631193234,y5yt8vep,logical-sweep-18
483283,27.41398513047352,y5yt8vep,logical-sweep-18
491443,23.68300899064825,y5yt8vep,logical-sweep-18
499666,28.255797240941593,y5yt8vep,logical-sweep-18
507848,21.026045054170158,y5yt8vep,logical-sweep-18
516029,19.462584369581652,y5yt8vep,logical-sweep-18
524220,13.351138834270705,y5yt8vep,logical-sweep-18
532413,26.02407164564991,y5yt8vep,logical-sweep-18
540575,27.132542315852636,y5yt8vep,logical-sweep-18
548744,18.570981559251116,y5yt8vep,logical-sweep-18
556925,19.30668355318238,y5yt8vep,logical-sweep-18
565158,18.13128202851052,y5yt8vep,logical-sweep-18
573338,19.628038618045085,y5yt8vep,logical-sweep-18
581532,10.55745036035157,y5yt8vep,logical-sweep-18
589729,21.935984545604885,y5yt8vep,logical-sweep-18
597914,18.108521156989706,y5yt8vep,logical-sweep-18
606114,16.689685998653342,y5yt8vep,logical-sweep-18
614329,19.87372056763335,y5yt8vep,logical-sweep-18
622526,23.256535735137504,y5yt8vep,logical-sweep-18
630691,27.48164433333281,y5yt8vep,logical-sweep-18
638872,22.316552894458493,y5yt8vep,logical-sweep-18
647034,21.742136565480727,y5yt8vep,logical-sweep-18
655180,22.939712045987196,y5yt8vep,logical-sweep-18
663370,29.809331314852006,y5yt8vep,logical-sweep-18
671540,16.75747099186068,y5yt8vep,logical-sweep-18
679685,28.462486197073627,y5yt8vep,logical-sweep-18
687805,13.919827178331838,y5yt8vep,logical-sweep-18
695942,23.557513028355185,y5yt8vep,logical-sweep-18
704118,25.365840719308682,y5yt8vep,logical-sweep-18
712222,18.08972597159437,y5yt8vep,logical-sweep-18
720359,21.161003348560165,y5yt8vep,logical-sweep-18
728500,22.23462948492595,y5yt8vep,logical-sweep-18
736602,22.113727136879135,y5yt8vep,logical-sweep-18
744715,27.108326075917198,y5yt8vep,logical-sweep-18
752799,22.49877941764093,y5yt8vep,logical-sweep-18
760943,27.895551900122058,y5yt8vep,logical-sweep-18
769065,18.59976372161875,y5yt8vep,logical-sweep-18
777240,16.582861815655846,y5yt8vep,logical-sweep-18
785320,25.670242761681333,y5yt8vep,logical-sweep-18
793459,21.869891491833187,y5yt8vep,logical-sweep-18
801560,23.26325749368437,y5yt8vep,logical-sweep-18
809639,18.507263558043256,y5yt8vep,logical-sweep-18
817764,19.500939258579812,y5yt8vep,logical-sweep-18
825814,15.90420491129036,y5yt8vep,logical-sweep-18
833890,28.06299513195962,y5yt8vep,logical-sweep-18
841865,25.018686220369595,y5yt8vep,logical-sweep-18
849898,28.807120213674505,y5yt8vep,logical-sweep-18
857825,31.63214162819433,y5yt8vep,logical-sweep-18
865721,30.68077309527027,y5yt8vep,logical-sweep-18
873626,29.852371251061562,y5yt8vep,logical-sweep-18
881483,31.167699986098995,y5yt8vep,logical-sweep-18
889212,32.423678189600096,y5yt8vep,logical-sweep-18
896791,22.07129075777066,y5yt8vep,logical-sweep-18
904481,32.413468112440846,y5yt8vep,logical-sweep-18
912124,34.55698670847035,y5yt8vep,logical-sweep-18
919690,33.69505533013458,y5yt8vep,logical-sweep-18
927269,29.57146999613871,y5yt8vep,logical-sweep-18
934803,32.889520357984345,y5yt8vep,logical-sweep-18
942274,33.47411955705923,y5yt8vep,logical-sweep-18
949789,31.92097282891992,y5yt8vep,logical-sweep-18
957224,31.359281016456514,y5yt8vep,logical-sweep-18
964730,33.83701431029614,y5yt8vep,logical-sweep-18
972196,34.04040908751259,y5yt8vep,logical-sweep-18
979722,33.301344577432964,y5yt8vep,logical-sweep-18
987258,32.48593863910047,y5yt8vep,logical-sweep-18
994714,35.012300192277294,y5yt8vep,logical-sweep-18
1002029.0,35.2020499097258,y5yt8vep,logical-sweep-18
1009282.0,35.55396046467648,y5yt8vep,logical-sweep-18
1016548.0,33.85842357674769,y5yt8vep,logical-sweep-18
1023832.0,34.62010200179234,y5yt8vep,logical-sweep-18
1031137.0,35.33922799119569,y5yt8vep,logical-sweep-18
1038382.0,34.82477886687053,y5yt8vep,logical-sweep-18
1045613.0,35.50954161149723,y5yt8vep,logical-sweep-18
1052878.0,34.96127784797077,y5yt8vep,logical-sweep-18
1060140.0,35.21273028495769,y5yt8vep,logical-sweep-18
1067449.0,34.96127784797077,y5yt8vep,logical-sweep-18
1074685.0,34.71887579755155,y5yt8vep,logical-sweep-18
1081960.0,34.86026909183356,y5yt8vep,logical-sweep-18
1089197.0,34.71887579755155,y5yt8vep,logical-sweep-18
8134,9.286034315589045,oeyswrt6,breezy-sweep-19
16213,14.334103805287839,oeyswrt6,breezy-sweep-19
24328,12.732824037501837,oeyswrt6,breezy-sweep-19
32352,22.758970862172234,oeyswrt6,breezy-sweep-19
40443,11.908808407575041,oeyswrt6,breezy-sweep-19
48455,21.72816635256703,oeyswrt6,breezy-sweep-19
56577,12.286399157056588,oeyswrt6,breezy-sweep-19
64678,16.965706125683102,oeyswrt6,breezy-sweep-19
72781,12.713243787288624,oeyswrt6,breezy-sweep-19
80894,15.73279982631459,oeyswrt6,breezy-sweep-19
88992,25.098168311462956,oeyswrt6,breezy-sweep-19
97105,15.904865121668863,oeyswrt6,breezy-sweep-19
105198,18.129943503895024,oeyswrt6,breezy-sweep-19
113323,16.75698701540859,oeyswrt6,breezy-sweep-19
121442,29.312305837335437,oeyswrt6,breezy-sweep-19
129608,25.100157563686626,oeyswrt6,breezy-sweep-19
137700,22.551229389618147,oeyswrt6,breezy-sweep-19
145817,13.51949173199383,oeyswrt6,breezy-sweep-19
153956,18.057391108115176,oeyswrt6,breezy-sweep-19
162054,19.906678721635707,oeyswrt6,breezy-sweep-19
170198,23.654338260770988,oeyswrt6,breezy-sweep-19
178354,24.40843439354378,oeyswrt6,breezy-sweep-19
186506,19.218676534684448,oeyswrt6,breezy-sweep-19
194609,17.50852971913877,oeyswrt6,breezy-sweep-19
202782,21.699464165486923,oeyswrt6,breezy-sweep-19
210973,25.12961029206037,oeyswrt6,breezy-sweep-19
219157,22.05815595291802,oeyswrt6,breezy-sweep-19
227366,15.339761837419854,oeyswrt6,breezy-sweep-19
235545,23.97797305309039,oeyswrt6,breezy-sweep-19
243736,12.579676842651132,oeyswrt6,breezy-sweep-19
251872,24.51122671687005,oeyswrt6,breezy-sweep-19
260069,28.68484967845243,oeyswrt6,breezy-sweep-19
268231,23.79392844917777,oeyswrt6,breezy-sweep-19
276404,21.203782935925855,oeyswrt6,breezy-sweep-19
284575,25.49097341529141,oeyswrt6,breezy-sweep-19
292743,21.7543592975288,oeyswrt6,breezy-sweep-19
300895,17.587642892584725,oeyswrt6,breezy-sweep-19
309052,26.47509446564289,oeyswrt6,breezy-sweep-19
317121,22.64860067802446,oeyswrt6,breezy-sweep-19
325283,21.943970393879756,oeyswrt6,breezy-sweep-19
333484,15.459529980883465,oeyswrt6,breezy-sweep-19
341649,27.02529969071204,oeyswrt6,breezy-sweep-19
349812,22.94753590972121,oeyswrt6,breezy-sweep-19
357974,22.480139912844614,oeyswrt6,breezy-sweep-19
366208,27.615139988264712,oeyswrt6,breezy-sweep-19
374391,24.215575121207316,oeyswrt6,breezy-sweep-19
382545,17.13566776581921,oeyswrt6,breezy-sweep-19
390733,17.930004778009554,oeyswrt6,breezy-sweep-19
398921,26.577914056467627,oeyswrt6,breezy-sweep-19
407063,30.28506571445742,oeyswrt6,breezy-sweep-19
415234,31.751767783517312,oeyswrt6,breezy-sweep-19
423378,22.707028765402782,oeyswrt6,breezy-sweep-19
431557,27.669197280866577,oeyswrt6,breezy-sweep-19
439726,23.50793159955255,oeyswrt6,breezy-sweep-19
447881,25.358616047753667,oeyswrt6,breezy-sweep-19
456034,26.661173979494492,oeyswrt6,breezy-sweep-19
464206,21.537476422516857,oeyswrt6,breezy-sweep-19
472345,30.3978597451112,oeyswrt6,breezy-sweep-19
480482,22.6023343499459,oeyswrt6,breezy-sweep-19
488622,23.468920419382542,oeyswrt6,breezy-sweep-19
496764,23.41488507813468,oeyswrt6,breezy-sweep-19
504878,23.057531653920847,oeyswrt6,breezy-sweep-19
512977,21.116066646158004,oeyswrt6,breezy-sweep-19
521138,15.564009650304623,oeyswrt6,breezy-sweep-19
529260,21.60640982287928,oeyswrt6,breezy-sweep-19
537417,23.110370326481455,oeyswrt6,breezy-sweep-19
545560,23.992279920723995,oeyswrt6,breezy-sweep-19
553685,25.04309827580326,oeyswrt6,breezy-sweep-19
561847,16.67575903589165,oeyswrt6,breezy-sweep-19
570016,23.576404288400735,oeyswrt6,breezy-sweep-19
578177,20.943355320204244,oeyswrt6,breezy-sweep-19
586339,29.340530923750133,oeyswrt6,breezy-sweep-19
594501,15.546926190683134,oeyswrt6,breezy-sweep-19
602665,19.92800647474063,oeyswrt6,breezy-sweep-19
610791,25.3758542893488,oeyswrt6,breezy-sweep-19
618950,23.92616194292255,oeyswrt6,breezy-sweep-19
627117,19.530155832795298,oeyswrt6,breezy-sweep-19
635248,22.871174850367247,oeyswrt6,breezy-sweep-19
643424,27.595743086329044,oeyswrt6,breezy-sweep-19
651605,30.71050068573941,oeyswrt6,breezy-sweep-19
659752,29.06829165748303,oeyswrt6,breezy-sweep-19
667925,29.405725566892876,oeyswrt6,breezy-sweep-19
676073,22.386824435812702,oeyswrt6,breezy-sweep-19
684246,24.367261619331895,oeyswrt6,breezy-sweep-19
692362,20.78721267473805,oeyswrt6,breezy-sweep-19
700528,24.578308074301333,oeyswrt6,breezy-sweep-19
708662,26.451983157853412,oeyswrt6,breezy-sweep-19
716753,32.97826497348507,oeyswrt6,breezy-sweep-19
724932,33.30917691439521,oeyswrt6,breezy-sweep-19
733127,30.298328393745777,oeyswrt6,breezy-sweep-19
741272,29.664858795570797,oeyswrt6,breezy-sweep-19
749485,31.181407613905417,oeyswrt6,breezy-sweep-19
757664,31.17230921607878,oeyswrt6,breezy-sweep-19
765824,33.90679054950309,oeyswrt6,breezy-sweep-19
773945,29.178047047130537,oeyswrt6,breezy-sweep-19
782066,35.34246398882012,oeyswrt6,breezy-sweep-19
790063,32.725812533279814,oeyswrt6,breezy-sweep-19
798022,35.14114276116093,oeyswrt6,breezy-sweep-19
805959,34.36128400729233,oeyswrt6,breezy-sweep-19
813915,34.000605157055205,oeyswrt6,breezy-sweep-19
821878,35.12072670893521,oeyswrt6,breezy-sweep-19
829850,35.91427845346967,oeyswrt6,breezy-sweep-19
837787,34.540290873365926,oeyswrt6,breezy-sweep-19
845725,33.18163192285188,oeyswrt6,breezy-sweep-19
853696,36.4272786980337,oeyswrt6,breezy-sweep-19
861692,34.4021935863815,oeyswrt6,breezy-sweep-19
869621,35.91427845346967,oeyswrt6,breezy-sweep-19
877540,33.90322547202009,oeyswrt6,breezy-sweep-19
885501,32.81178223091106,oeyswrt6,breezy-sweep-19
893440,33.7317599697876,oeyswrt6,breezy-sweep-19
901376,35.95842881464349,oeyswrt6,breezy-sweep-19
909283,36.4272786980337,oeyswrt6,breezy-sweep-19
917180,36.92772116523462,oeyswrt6,breezy-sweep-19
925100,35.10890980422134,oeyswrt6,breezy-sweep-19
933014,36.23135980746228,oeyswrt6,breezy-sweep-19
940935,36.92772116523462,oeyswrt6,breezy-sweep-19
948860,36.92772116523462,oeyswrt6,breezy-sweep-19
956801,36.23261798943119,oeyswrt6,breezy-sweep-19
964741,36.23261798943119,oeyswrt6,breezy-sweep-19
972683,36.8297873251046,oeyswrt6,breezy-sweep-19
980636,36.78657590867353,oeyswrt6,breezy-sweep-19
988618,36.861649961788785,oeyswrt6,breezy-sweep-19
996554,36.93254228747513,oeyswrt6,breezy-sweep-19
1004419.0,36.56622567760089,oeyswrt6,breezy-sweep-19
1012278.0,37.88370216460523,oeyswrt6,breezy-sweep-19
1020071.0,37.88370216460523,oeyswrt6,breezy-sweep-19
1027887.0,37.88370216460523,oeyswrt6,breezy-sweep-19
1035675.0,37.88370216460523,oeyswrt6,breezy-sweep-19
1043480.0,37.88370216460523,oeyswrt6,breezy-sweep-19
1051263.0,36.558178183113064,oeyswrt6,breezy-sweep-19
1059066.0,37.84248638399754,oeyswrt6,breezy-sweep-19
1066823.0,37.88370216460523,oeyswrt6,breezy-sweep-19
1074623.0,37.88370216460523,oeyswrt6,breezy-sweep-19
1082418.0,37.88370216460523,oeyswrt6,breezy-sweep-19
1090231.0,37.88370216460523,oeyswrt6,breezy-sweep-19
1098033.0,37.57758403360267,oeyswrt6,breezy-sweep-19
8168,16.541828929198623,5ov7dpnb,distinctive-sweep-20
16353,6.47275548682519,5ov7dpnb,distinctive-sweep-20
24520,9.959689846870118,5ov7dpnb,distinctive-sweep-20
32693,12.741633845190469,5ov7dpnb,distinctive-sweep-20
40809,12.403322573338224,5ov7dpnb,distinctive-sweep-20
48993,10.358601368427326,5ov7dpnb,distinctive-sweep-20
57167,20.215271608014547,5ov7dpnb,distinctive-sweep-20
65340,20.797129629225015,5ov7dpnb,distinctive-sweep-20
73524,24.913926494742327,5ov7dpnb,distinctive-sweep-20
81634,25.111360030087976,5ov7dpnb,distinctive-sweep-20
89775,21.114597948633058,5ov7dpnb,distinctive-sweep-20
97869,22.3110910697525,5ov7dpnb,distinctive-sweep-20
105949,17.758572506298755,5ov7dpnb,distinctive-sweep-20
114025,22.679552439292628,5ov7dpnb,distinctive-sweep-20
122157,18.313331297459264,5ov7dpnb,distinctive-sweep-20
130241,16.661511482690052,5ov7dpnb,distinctive-sweep-20
138420,31.582416271330437,5ov7dpnb,distinctive-sweep-20
146554,17.93221019226899,5ov7dpnb,distinctive-sweep-20
154705,24.903799660219057,5ov7dpnb,distinctive-sweep-20
162848,17.846066714877107,5ov7dpnb,distinctive-sweep-20
171016,13.708013443461988,5ov7dpnb,distinctive-sweep-20
179130,16.980397425024314,5ov7dpnb,distinctive-sweep-20
187301,31.203490191755655,5ov7dpnb,distinctive-sweep-20
195468,24.507361198799327,5ov7dpnb,distinctive-sweep-20
203667,21.181401303355525,5ov7dpnb,distinctive-sweep-20
211822,17.607910593698975,5ov7dpnb,distinctive-sweep-20
219996,22.201845834107054,5ov7dpnb,distinctive-sweep-20
228143,25.827480471717053,5ov7dpnb,distinctive-sweep-20
236268,24.45607214699001,5ov7dpnb,distinctive-sweep-20
244430,24.80046754023919,5ov7dpnb,distinctive-sweep-20
252492,27.70393382135675,5ov7dpnb,distinctive-sweep-20
260569,27.49728419659799,5ov7dpnb,distinctive-sweep-20
268714,26.880000212489136,5ov7dpnb,distinctive-sweep-20
276809,23.14462480535976,5ov7dpnb,distinctive-sweep-20
284932,23.273930902606175,5ov7dpnb,distinctive-sweep-20
293068,21.438528779151902,5ov7dpnb,distinctive-sweep-20
301189,28.339997794504065,5ov7dpnb,distinctive-sweep-20
309293,32.124014499383286,5ov7dpnb,distinctive-sweep-20
317420,31.439374558916768,5ov7dpnb,distinctive-sweep-20
325540,31.73960057608415,5ov7dpnb,distinctive-sweep-20
333664,27.335772760718868,5ov7dpnb,distinctive-sweep-20
341777,25.98279315881852,5ov7dpnb,distinctive-sweep-20
349896,30.168051492778385,5ov7dpnb,distinctive-sweep-20
358064,31.917227115663515,5ov7dpnb,distinctive-sweep-20
366177,33.563198460153096,5ov7dpnb,distinctive-sweep-20
374372,31.539953138741577,5ov7dpnb,distinctive-sweep-20
382536,34.46925521038614,5ov7dpnb,distinctive-sweep-20
390703,32.63710332466458,5ov7dpnb,distinctive-sweep-20
398845,32.320347771388114,5ov7dpnb,distinctive-sweep-20
406978,30.983720473297502,5ov7dpnb,distinctive-sweep-20
415112,33.83129246483678,5ov7dpnb,distinctive-sweep-20
423272,30.912228538091817,5ov7dpnb,distinctive-sweep-20
431426,34.53671751274828,5ov7dpnb,distinctive-sweep-20
439556,34.52526900044038,5ov7dpnb,distinctive-sweep-20
447690,33.4431147992381,5ov7dpnb,distinctive-sweep-20
455817,33.97984411637372,5ov7dpnb,distinctive-sweep-20
463909,34.662764932415854,5ov7dpnb,distinctive-sweep-20
472025,36.67380617371869,5ov7dpnb,distinctive-sweep-20
480071,33.78549513073985,5ov7dpnb,distinctive-sweep-20
488151,36.79871502503107,5ov7dpnb,distinctive-sweep-20
496224,36.06128596682648,5ov7dpnb,distinctive-sweep-20
504329,33.401911059721954,5ov7dpnb,distinctive-sweep-20
512444,35.352259160025326,5ov7dpnb,distinctive-sweep-20
520601,36.42629518139968,5ov7dpnb,distinctive-sweep-20
528722,34.01494802936723,5ov7dpnb,distinctive-sweep-20
536869,35.82668968034674,5ov7dpnb,distinctive-sweep-20
545034,36.12896246505339,5ov7dpnb,distinctive-sweep-20
553144,34.173095271783,5ov7dpnb,distinctive-sweep-20
561302,36.545065370492175,5ov7dpnb,distinctive-sweep-20
569429,36.40192939347753,5ov7dpnb,distinctive-sweep-20
577543,35.55340853033287,5ov7dpnb,distinctive-sweep-20
585687,36.445263954781254,5ov7dpnb,distinctive-sweep-20
593838,31.384054053510955,5ov7dpnb,distinctive-sweep-20
602004,37.86682910759722,5ov7dpnb,distinctive-sweep-20
610159,36.458974765794885,5ov7dpnb,distinctive-sweep-20
618276,36.59426076469649,5ov7dpnb,distinctive-sweep-20
626417,35.02567568902064,5ov7dpnb,distinctive-sweep-20
634551,33.59789568371102,5ov7dpnb,distinctive-sweep-20
642653,38.00385569882307,5ov7dpnb,distinctive-sweep-20
650796,36.79918477332666,5ov7dpnb,distinctive-sweep-20
658905,37.948961952998786,5ov7dpnb,distinctive-sweep-20
667035,36.75155366561791,5ov7dpnb,distinctive-sweep-20
675173,38.78930927014976,5ov7dpnb,distinctive-sweep-20
683340,39.013210157967094,5ov7dpnb,distinctive-sweep-20
691512,39.009246953864526,5ov7dpnb,distinctive-sweep-20
699701,39.013210157967094,5ov7dpnb,distinctive-sweep-20
707914,37.19972056865402,5ov7dpnb,distinctive-sweep-20
716117,39.101099286604345,5ov7dpnb,distinctive-sweep-20
724279,39.101099286604345,5ov7dpnb,distinctive-sweep-20
732530,39.21985858036909,5ov7dpnb,distinctive-sweep-20
740772,39.56342745948359,5ov7dpnb,distinctive-sweep-20
749042,39.48614206095185,5ov7dpnb,distinctive-sweep-20
757308,38.47774672747954,5ov7dpnb,distinctive-sweep-20
765590,38.2294670135473,5ov7dpnb,distinctive-sweep-20
773854,39.48958926843606,5ov7dpnb,distinctive-sweep-20
782126,39.38152169240045,5ov7dpnb,distinctive-sweep-20
790409,39.269172753210924,5ov7dpnb,distinctive-sweep-20
798684,38.80661076054356,5ov7dpnb,distinctive-sweep-20
806961,39.41160135696489,5ov7dpnb,distinctive-sweep-20
815247,39.99124852846851,5ov7dpnb,distinctive-sweep-20
823536,38.94274862356433,5ov7dpnb,distinctive-sweep-20
831826,38.713471341886965,5ov7dpnb,distinctive-sweep-20
840090,37.91591205012389,5ov7dpnb,distinctive-sweep-20
848389,38.30000395790517,5ov7dpnb,distinctive-sweep-20
856683,39.0576416288191,5ov7dpnb,distinctive-sweep-20
864971,40.03427753997753,5ov7dpnb,distinctive-sweep-20
873265,40.03427753997753,5ov7dpnb,distinctive-sweep-20
881540,38.0036132558719,5ov7dpnb,distinctive-sweep-20
889819,39.778961170612526,5ov7dpnb,distinctive-sweep-20
898096,37.80165401917956,5ov7dpnb,distinctive-sweep-20
906388,40.26293450713193,5ov7dpnb,distinctive-sweep-20
914694,38.59452991821231,5ov7dpnb,distinctive-sweep-20
922989,40.26293450713193,5ov7dpnb,distinctive-sweep-20
931264,39.06568877137623,5ov7dpnb,distinctive-sweep-20
939546,40.02995042883745,5ov7dpnb,distinctive-sweep-20
947825,39.48958926843606,5ov7dpnb,distinctive-sweep-20
956124,40.26293450713193,5ov7dpnb,distinctive-sweep-20
964415,40.18007687713367,5ov7dpnb,distinctive-sweep-20
972673,41.01173008954509,5ov7dpnb,distinctive-sweep-20
980955,40.94037573575497,5ov7dpnb,distinctive-sweep-20
989241,40.94037573575497,5ov7dpnb,distinctive-sweep-20
997529,39.97186515318784,5ov7dpnb,distinctive-sweep-20
1005825.0,40.054529421818714,5ov7dpnb,distinctive-sweep-20
1014109.0,36.31282556479407,5ov7dpnb,distinctive-sweep-20
1022411.0,40.66475174926767,5ov7dpnb,distinctive-sweep-20
1030696.0,39.35309578128742,5ov7dpnb,distinctive-sweep-20
1038985.0,39.55879102754905,5ov7dpnb,distinctive-sweep-20
1047268.0,40.298323167281595,5ov7dpnb,distinctive-sweep-20
1055560.0,40.298323167281595,5ov7dpnb,distinctive-sweep-20
1063846.0,39.35309578128742,5ov7dpnb,distinctive-sweep-20
1072124.0,41.009721383688586,5ov7dpnb,distinctive-sweep-20
1080392.0,39.939681826373935,5ov7dpnb,distinctive-sweep-20
1088672.0,40.518679146375966,5ov7dpnb,distinctive-sweep-20
1096960.0,40.05576432984834,5ov7dpnb,distinctive-sweep-20
1105243.0,40.55534871726541,5ov7dpnb,distinctive-sweep-20
1113514.0,40.65397514670798,5ov7dpnb,distinctive-sweep-20
8204,17.5372395065581,5uacuvz1,toasty-sweep-21
16372,10.647853018225186,5uacuvz1,toasty-sweep-21
24535,9.111350650361729,5uacuvz1,toasty-sweep-21
32713,13.62272688274173,5uacuvz1,toasty-sweep-21
40867,8.071669231117447,5uacuvz1,toasty-sweep-21
48977,14.985710864491722,5uacuvz1,toasty-sweep-21
57118,11.419651287685923,5uacuvz1,toasty-sweep-21
65258,20.573951197210015,5uacuvz1,toasty-sweep-21
73386,8.776410158282447,5uacuvz1,toasty-sweep-21
81485,20.62313178940924,5uacuvz1,toasty-sweep-21
89649,19.966824238685014,5uacuvz1,toasty-sweep-21
97793,15.5754105374723,5uacuvz1,toasty-sweep-21
105896,11.803216569170294,5uacuvz1,toasty-sweep-21
114004,11.013791195650924,5uacuvz1,toasty-sweep-21
122133,25.60878012811397,5uacuvz1,toasty-sweep-21
130173,20.734150886673035,5uacuvz1,toasty-sweep-21
138269,17.363139551521424,5uacuvz1,toasty-sweep-21
146347,23.852811109959024,5uacuvz1,toasty-sweep-21
154398,19.558773690510794,5uacuvz1,toasty-sweep-21
162486,14.844996772753086,5uacuvz1,toasty-sweep-21
170506,17.04845160104837,5uacuvz1,toasty-sweep-21
178515,13.62728794321163,5uacuvz1,toasty-sweep-21
186571,33.12935672805331,5uacuvz1,toasty-sweep-21
194561,19.845038847613058,5uacuvz1,toasty-sweep-21
202586,17.387796524392137,5uacuvz1,toasty-sweep-21
210602,16.935704791876855,5uacuvz1,toasty-sweep-21
218733,20.800947514611224,5uacuvz1,toasty-sweep-21
226838,20.300627781185195,5uacuvz1,toasty-sweep-21
234869,17.89478614143149,5uacuvz1,toasty-sweep-21
242891,12.852281604606276,5uacuvz1,toasty-sweep-21
250909,22.145373983140896,5uacuvz1,toasty-sweep-21
259002,21.35735949317118,5uacuvz1,toasty-sweep-21
267016,27.4111397233658,5uacuvz1,toasty-sweep-21
275002,29.037002208243756,5uacuvz1,toasty-sweep-21
282911,30.579601659259094,5uacuvz1,toasty-sweep-21
290856,13.876536600316637,5uacuvz1,toasty-sweep-21
298831,25.56749516364111,5uacuvz1,toasty-sweep-21
306798,20.11075254639814,5uacuvz1,toasty-sweep-21
314734,18.422615010065325,5uacuvz1,toasty-sweep-21
322631,18.03892511756909,5uacuvz1,toasty-sweep-21
330601,26.176272733499292,5uacuvz1,toasty-sweep-21
338502,15.264517061436251,5uacuvz1,toasty-sweep-21
346406,23.711851603949107,5uacuvz1,toasty-sweep-21
354292,23.215739859208792,5uacuvz1,toasty-sweep-21
362257,20.256200318649075,5uacuvz1,toasty-sweep-21
370172,30.31629486855163,5uacuvz1,toasty-sweep-21
378207,14.737932802251464,5uacuvz1,toasty-sweep-21
386143,15.891828523488863,5uacuvz1,toasty-sweep-21
394027,23.605655448513687,5uacuvz1,toasty-sweep-21
401912,27.95012850654647,5uacuvz1,toasty-sweep-21
409779,30.334411551053527,5uacuvz1,toasty-sweep-21
417712,26.409738187804056,5uacuvz1,toasty-sweep-21
425590,22.62121739734446,5uacuvz1,toasty-sweep-21
433507,26.985913499963175,5uacuvz1,toasty-sweep-21
441387,29.426046204767044,5uacuvz1,toasty-sweep-21
449335,23.307403326080582,5uacuvz1,toasty-sweep-21
457292,33.01367803019533,5uacuvz1,toasty-sweep-21
465167,26.259381635357197,5uacuvz1,toasty-sweep-21
473087,34.30291117759541,5uacuvz1,toasty-sweep-21
481024,25.66588345889595,5uacuvz1,toasty-sweep-21
488982,26.862169159695338,5uacuvz1,toasty-sweep-21
496944,26.105209593869194,5uacuvz1,toasty-sweep-21
504958,28.16608118062162,5uacuvz1,toasty-sweep-21
512936,23.91592622377383,5uacuvz1,toasty-sweep-21
520835,27.000543368519363,5uacuvz1,toasty-sweep-21
528783,29.393251385601125,5uacuvz1,toasty-sweep-21
536741,26.166623581740787,5uacuvz1,toasty-sweep-21
544724,32.734577221584935,5uacuvz1,toasty-sweep-21
552692,23.801758557376495,5uacuvz1,toasty-sweep-21
560653,28.51985799682914,5uacuvz1,toasty-sweep-21
568579,32.68945981458322,5uacuvz1,toasty-sweep-21
576546,28.669426442010877,5uacuvz1,toasty-sweep-21
584428,34.89868238662906,5uacuvz1,toasty-sweep-21
592362,35.01307704638343,5uacuvz1,toasty-sweep-21
600247,33.15892349458926,5uacuvz1,toasty-sweep-21
608180,28.93469292684258,5uacuvz1,toasty-sweep-21
616154,30.627881001846657,5uacuvz1,toasty-sweep-21
624130,28.597739124698244,5uacuvz1,toasty-sweep-21
632062,32.6137990627862,5uacuvz1,toasty-sweep-21
640008,34.33101108329332,5uacuvz1,toasty-sweep-21
647975,32.404887137115324,5uacuvz1,toasty-sweep-21
655977,30.99974970681626,5uacuvz1,toasty-sweep-21
663927,30.361433048439757,5uacuvz1,toasty-sweep-21
671822,34.859499158915874,5uacuvz1,toasty-sweep-21
679754,32.60007514326802,5uacuvz1,toasty-sweep-21
687668,36.92509329041574,5uacuvz1,toasty-sweep-21
695629,34.475485252452,5uacuvz1,toasty-sweep-21
703554,31.720307051781067,5uacuvz1,toasty-sweep-21
711507,33.504319896672335,5uacuvz1,toasty-sweep-21
719466,33.287021185132595,5uacuvz1,toasty-sweep-21
727406,36.67406549451873,5uacuvz1,toasty-sweep-21
735341,30.695677211138435,5uacuvz1,toasty-sweep-21
743250,35.59789581519219,5uacuvz1,toasty-sweep-21
751162,31.370582561144836,5uacuvz1,toasty-sweep-21
759087,31.503251689503646,5uacuvz1,toasty-sweep-21
767054,35.04176889130745,5uacuvz1,toasty-sweep-21
774951,35.22030182319012,5uacuvz1,toasty-sweep-21
782918,31.459862980112206,5uacuvz1,toasty-sweep-21
790880,33.825293894328446,5uacuvz1,toasty-sweep-21
798834,34.98985565335644,5uacuvz1,toasty-sweep-21
806827,34.1353995600752,5uacuvz1,toasty-sweep-21
814808,35.4294660815941,5uacuvz1,toasty-sweep-21
822705,35.44452159116372,5uacuvz1,toasty-sweep-21
830679,35.492429920023575,5uacuvz1,toasty-sweep-21
838619,33.88272430662041,5uacuvz1,toasty-sweep-21
846567,36.23782423682354,5uacuvz1,toasty-sweep-21
854540,35.646119655409564,5uacuvz1,toasty-sweep-21
862450,36.94661589724999,5uacuvz1,toasty-sweep-21
870439,37.21125267147735,5uacuvz1,toasty-sweep-21
878397,37.49991959535413,5uacuvz1,toasty-sweep-21
886428,37.48073558437218,5uacuvz1,toasty-sweep-21
894445,37.48151436282568,5uacuvz1,toasty-sweep-21
902453,37.48073558437218,5uacuvz1,toasty-sweep-21
910506,37.507078938335596,5uacuvz1,toasty-sweep-21
918523,37.840824541611724,5uacuvz1,toasty-sweep-21
926555,37.26499195690777,5uacuvz1,toasty-sweep-21
934572,33.03175944646715,5uacuvz1,toasty-sweep-21
942563,36.21754859181311,5uacuvz1,toasty-sweep-21
950485,37.74802138624635,5uacuvz1,toasty-sweep-21
958437,37.74802138624635,5uacuvz1,toasty-sweep-21
966432,37.71900765810935,5uacuvz1,toasty-sweep-21
974383,36.22883801955277,5uacuvz1,toasty-sweep-21
982390,35.2211003010696,5uacuvz1,toasty-sweep-21
990310,37.1027373966967,5uacuvz1,toasty-sweep-21
998236,37.92047751928592,5uacuvz1,toasty-sweep-21
1006172.0,35.59654627364513,5uacuvz1,toasty-sweep-21
1014092.0,36.28754376998503,5uacuvz1,toasty-sweep-21
1022087.0,37.40102200063244,5uacuvz1,toasty-sweep-21
1030106.0,36.159834351954295,5uacuvz1,toasty-sweep-21
1038098.0,38.30488539840864,5uacuvz1,toasty-sweep-21
1046072.0,34.959646639642585,5uacuvz1,toasty-sweep-21
1053993.0,37.600271658743864,5uacuvz1,toasty-sweep-21
1061971.0,36.03595202141564,5uacuvz1,toasty-sweep-21
1069934.0,36.368443919695906,5uacuvz1,toasty-sweep-21
1077867.0,33.415311167275505,5uacuvz1,toasty-sweep-21
1085804.0,36.83889775371161,5uacuvz1,toasty-sweep-21
8147,14.913574029092269,tqk9ys32,floral-sweep-22
16237,18.991576691040695,tqk9ys32,floral-sweep-22
24361,19.36174221922837,tqk9ys32,floral-sweep-22
32402,17.92001518218255,tqk9ys32,floral-sweep-22
40532,18.730002309386116,tqk9ys32,floral-sweep-22
48666,28.226018446167007,tqk9ys32,floral-sweep-22
56718,27.02035968511185,tqk9ys32,floral-sweep-22
64864,12.918076305734619,tqk9ys32,floral-sweep-22
72968,22.586058055293314,tqk9ys32,floral-sweep-22
81060,23.909227938890606,tqk9ys32,floral-sweep-22
89175,21.55485583378299,tqk9ys32,floral-sweep-22
97272,15.076046564544308,tqk9ys32,floral-sweep-22
105399,17.544502649020803,tqk9ys32,floral-sweep-22
113513,23.594857514545488,tqk9ys32,floral-sweep-22
121633,14.04865765006324,tqk9ys32,floral-sweep-22
129795,24.014179790476444,tqk9ys32,floral-sweep-22
137907,9.683196161062988,tqk9ys32,floral-sweep-22
146081,20.723000259217237,tqk9ys32,floral-sweep-22
154243,15.594018199460516,tqk9ys32,floral-sweep-22
162406,30.133222602905228,tqk9ys32,floral-sweep-22
170558,15.560590291882267,tqk9ys32,floral-sweep-22
178748,22.165280166611787,tqk9ys32,floral-sweep-22
186912,15.53021639644544,tqk9ys32,floral-sweep-22
195059,17.261358084877113,tqk9ys32,floral-sweep-22
203136,12.449899169243526,tqk9ys32,floral-sweep-22
211261,20.5005106578372,tqk9ys32,floral-sweep-22
219433,19.428199435386244,tqk9ys32,floral-sweep-22
227525,18.058940505514,tqk9ys32,floral-sweep-22
235656,27.842947977154957,tqk9ys32,floral-sweep-22
243793,27.517325733027157,tqk9ys32,floral-sweep-22
251970,25.848398696457366,tqk9ys32,floral-sweep-22
260096,24.227946896670005,tqk9ys32,floral-sweep-22
268184,32.070494532744725,tqk9ys32,floral-sweep-22
276333,21.762223395830326,tqk9ys32,floral-sweep-22
284504,20.816173858325126,tqk9ys32,floral-sweep-22
292685,22.428962781292686,tqk9ys32,floral-sweep-22
300827,17.542025427116066,tqk9ys32,floral-sweep-22
308993,27.166087838874745,tqk9ys32,floral-sweep-22
317169,20.887254216901304,tqk9ys32,floral-sweep-22
325347,26.091211011211065,tqk9ys32,floral-sweep-22
333465,19.568863272782504,tqk9ys32,floral-sweep-22
341608,25.539945034343354,tqk9ys32,floral-sweep-22
349764,19.782845337511795,tqk9ys32,floral-sweep-22
357963,26.528714136460053,tqk9ys32,floral-sweep-22
366129,21.332527026602644,tqk9ys32,floral-sweep-22
374269,20.79485851951909,tqk9ys32,floral-sweep-22
382441,25.245311719563677,tqk9ys32,floral-sweep-22
390562,17.232713498060104,tqk9ys32,floral-sweep-22
398694,24.570519050435685,tqk9ys32,floral-sweep-22
406854,26.2256206393537,tqk9ys32,floral-sweep-22
414921,29.005943459298116,tqk9ys32,floral-sweep-22
422975,28.027574297156082,tqk9ys32,floral-sweep-22
430975,31.0256954464552,tqk9ys32,floral-sweep-22
438951,26.76458592413699,tqk9ys32,floral-sweep-22
446867,33.25646960806252,tqk9ys32,floral-sweep-22
454655,31.36772261181128,tqk9ys32,floral-sweep-22
462414,31.696712257257275,tqk9ys32,floral-sweep-22
470173,32.62456738977753,tqk9ys32,floral-sweep-22
477886,31.635990194153884,tqk9ys32,floral-sweep-22
485654,31.283261302772974,tqk9ys32,floral-sweep-22
493447,31.17999639314587,tqk9ys32,floral-sweep-22
501236,32.77664996392086,tqk9ys32,floral-sweep-22
508995,31.983683815780182,tqk9ys32,floral-sweep-22
516716,31.39205469243712,tqk9ys32,floral-sweep-22
524464,30.13072927936401,tqk9ys32,floral-sweep-22
532210,33.37386530266282,tqk9ys32,floral-sweep-22
539907,27.743362292093718,tqk9ys32,floral-sweep-22
547650,28.774419939787673,tqk9ys32,floral-sweep-22
555372,30.672226720298784,tqk9ys32,floral-sweep-22
563150,30.027581136584082,tqk9ys32,floral-sweep-22
570867,30.69410159204898,tqk9ys32,floral-sweep-22
578475,31.889396264757174,tqk9ys32,floral-sweep-22
586247,32.64403320566399,tqk9ys32,floral-sweep-22
593946,33.40567728895832,tqk9ys32,floral-sweep-22
601603,32.709975903315225,tqk9ys32,floral-sweep-22
609466,34.6341356646702,tqk9ys32,floral-sweep-22
617228,35.98417086392995,tqk9ys32,floral-sweep-22
624961,35.97416206623216,tqk9ys32,floral-sweep-22
632695,31.184466237866538,tqk9ys32,floral-sweep-22
640324,31.234554670315937,tqk9ys32,floral-sweep-22
647969,24.396482480020424,tqk9ys32,floral-sweep-22
655525,25.584554636274543,tqk9ys32,floral-sweep-22
663151,28.46372376649604,tqk9ys32,floral-sweep-22
670725,34.85008417917347,tqk9ys32,floral-sweep-22
678345,34.60848180193783,tqk9ys32,floral-sweep-22
685982,33.64525509148085,tqk9ys32,floral-sweep-22
693753,30.93934417556634,tqk9ys32,floral-sweep-22
701400,33.25511278299352,tqk9ys32,floral-sweep-22
709086,37.410731647687996,tqk9ys32,floral-sweep-22
716773,31.54105234510099,tqk9ys32,floral-sweep-22
724439,33.658423804693385,tqk9ys32,floral-sweep-22
732123,32.808955360141034,tqk9ys32,floral-sweep-22
739872,31.859502651802842,tqk9ys32,floral-sweep-22
747577,37.42606990836452,tqk9ys32,floral-sweep-22
755264,32.88079129060095,tqk9ys32,floral-sweep-22
762752,34.21908587199191,tqk9ys32,floral-sweep-22
770326,35.90371557363513,tqk9ys32,floral-sweep-22
777884,37.602318678709885,tqk9ys32,floral-sweep-22
785395,38.08296746933617,tqk9ys32,floral-sweep-22
792931,37.9047001669791,tqk9ys32,floral-sweep-22
800573,37.486259731226305,tqk9ys32,floral-sweep-22
808195,36.60528753179286,tqk9ys32,floral-sweep-22
815752,38.28488523476456,tqk9ys32,floral-sweep-22
823260,37.808399936660955,tqk9ys32,floral-sweep-22
830774,37.808399936660955,tqk9ys32,floral-sweep-22
838279,37.9047001669791,tqk9ys32,floral-sweep-22
845864,38.10420437667135,tqk9ys32,floral-sweep-22
853549,38.99592307587298,tqk9ys32,floral-sweep-22
861200,38.7806329320308,tqk9ys32,floral-sweep-22
868835,38.7806329320308,tqk9ys32,floral-sweep-22
876546,38.99592307587298,tqk9ys32,floral-sweep-22
884245,38.99592307587298,tqk9ys32,floral-sweep-22
891925,38.93179848025851,tqk9ys32,floral-sweep-22
899637,38.36109855304113,tqk9ys32,floral-sweep-22
907335,38.99592307587298,tqk9ys32,floral-sweep-22
915043,39.00492663684459,tqk9ys32,floral-sweep-22
922743,38.99592307587298,tqk9ys32,floral-sweep-22
930360,38.71620327558994,tqk9ys32,floral-sweep-22
938111,37.711213821123884,tqk9ys32,floral-sweep-22
945823,38.99592307587298,tqk9ys32,floral-sweep-22
953511,38.970365473691785,tqk9ys32,floral-sweep-22
961245,38.48937846714775,tqk9ys32,floral-sweep-22
968917,38.7703553211186,tqk9ys32,floral-sweep-22
976561,38.970365473691785,tqk9ys32,floral-sweep-22
984173,38.98473623686876,tqk9ys32,floral-sweep-22
991806,38.98473623686876,tqk9ys32,floral-sweep-22
999457,38.970365473691785,tqk9ys32,floral-sweep-22
1007073.0,38.7703553211186,tqk9ys32,floral-sweep-22
1014724.0,38.970365473691785,tqk9ys32,floral-sweep-22
1022350.0,38.98473623686876,tqk9ys32,floral-sweep-22
1029947.0,38.98473623686876,tqk9ys32,floral-sweep-22
1037565.0,38.98473623686876,tqk9ys32,floral-sweep-22
1045170.0,38.98473623686876,tqk9ys32,floral-sweep-22
1052814.0,38.539065950513,tqk9ys32,floral-sweep-22
1060436.0,38.98473623686876,tqk9ys32,floral-sweep-22
1068057.0,38.970365473691785,tqk9ys32,floral-sweep-22
8216,9.308054552566585,hrlm33vg,youthful-sweep-23
16417,12.414101872282885,hrlm33vg,youthful-sweep-23
24619,15.598322253552515,hrlm33vg,youthful-sweep-23
32783,18.01211184537736,hrlm33vg,youthful-sweep-23
40941,23.034168312661784,hrlm33vg,youthful-sweep-23
49124,15.23188349561886,hrlm33vg,youthful-sweep-23
57270,20.164109624603856,hrlm33vg,youthful-sweep-23
65461,22.97092897785897,hrlm33vg,youthful-sweep-23
73592,19.582229552796747,hrlm33vg,youthful-sweep-23
81766,22.469267218067735,hrlm33vg,youthful-sweep-23
89958,17.151509090975885,hrlm33vg,youthful-sweep-23
98154,24.691054442528483,hrlm33vg,youthful-sweep-23
106384,19.473773424076057,hrlm33vg,youthful-sweep-23
114604,21.84268056031606,hrlm33vg,youthful-sweep-23
122814,19.738809632206788,hrlm33vg,youthful-sweep-23
131036,23.358036343662626,hrlm33vg,youthful-sweep-23
139247,22.7715422629172,hrlm33vg,youthful-sweep-23
147501,13.991953698387968,hrlm33vg,youthful-sweep-23
155707,20.399723330163983,hrlm33vg,youthful-sweep-23
163916,24.288733865350455,hrlm33vg,youthful-sweep-23
172127,22.830535172697008,hrlm33vg,youthful-sweep-23
180357,23.523033723917905,hrlm33vg,youthful-sweep-23
188586,25.511178177112534,hrlm33vg,youthful-sweep-23
196800,17.055315663665862,hrlm33vg,youthful-sweep-23
205032,20.50263488390494,hrlm33vg,youthful-sweep-23
213231,19.336388023887594,hrlm33vg,youthful-sweep-23
221445,25.87921580622551,hrlm33vg,youthful-sweep-23
229676,32.1543502454997,hrlm33vg,youthful-sweep-23
237917,23.361994394586105,hrlm33vg,youthful-sweep-23
246125,17.972873049416677,hrlm33vg,youthful-sweep-23
254362,14.238096059030166,hrlm33vg,youthful-sweep-23
262566,27.50991013453953,hrlm33vg,youthful-sweep-23
270789,25.689079883483565,hrlm33vg,youthful-sweep-23
279013,20.37731740084934,hrlm33vg,youthful-sweep-23
287220,18.39557103422302,hrlm33vg,youthful-sweep-23
295435,19.876782221130647,hrlm33vg,youthful-sweep-23
303627,21.967326410457595,hrlm33vg,youthful-sweep-23
311849,27.2387102593755,hrlm33vg,youthful-sweep-23
320065,23.8348757212594,hrlm33vg,youthful-sweep-23
328277,25.56121617937758,hrlm33vg,youthful-sweep-23
336490,21.021299494585612,hrlm33vg,youthful-sweep-23
344707,18.0369847393187,hrlm33vg,youthful-sweep-23
352891,6.544610349082781,hrlm33vg,youthful-sweep-23
361082,16.27070556434013,hrlm33vg,youthful-sweep-23
369291,21.58477807791771,hrlm33vg,youthful-sweep-23
377459,29.478608544808964,hrlm33vg,youthful-sweep-23
385648,18.18158014427217,hrlm33vg,youthful-sweep-23
393827,16.237644291370827,hrlm33vg,youthful-sweep-23
401982,24.371789342991384,hrlm33vg,youthful-sweep-23
410170,28.28343737362001,hrlm33vg,youthful-sweep-23
418294,26.484040318214056,hrlm33vg,youthful-sweep-23
426466,18.511568922351408,hrlm33vg,youthful-sweep-23
434675,24.4588527679329,hrlm33vg,youthful-sweep-23
442843,22.85241229438378,hrlm33vg,youthful-sweep-23
451014,21.688542072751446,hrlm33vg,youthful-sweep-23
459197,20.729903217245976,hrlm33vg,youthful-sweep-23
467378,30.295806004890768,hrlm33vg,youthful-sweep-23
475594,22.67535192847408,hrlm33vg,youthful-sweep-23
483765,22.766532976846047,hrlm33vg,youthful-sweep-23
491877,26.509279351297835,hrlm33vg,youthful-sweep-23
500093,22.62274722802794,hrlm33vg,youthful-sweep-23
508266,27.183796523661478,hrlm33vg,youthful-sweep-23
516456,22.936728458358186,hrlm33vg,youthful-sweep-23
524653,23.03027062807043,hrlm33vg,youthful-sweep-23
532834,27.51601907748078,hrlm33vg,youthful-sweep-23
541033,31.72371990884278,hrlm33vg,youthful-sweep-23
549229,29.445185206070438,hrlm33vg,youthful-sweep-23
557414,30.052990081869495,hrlm33vg,youthful-sweep-23
565561,27.85143054798518,hrlm33vg,youthful-sweep-23
573752,25.043740110275955,hrlm33vg,youthful-sweep-23
581970,29.342182648158268,hrlm33vg,youthful-sweep-23
590192,28.919572555490596,hrlm33vg,youthful-sweep-23
598363,28.761834022333638,hrlm33vg,youthful-sweep-23
606563,31.47323277121169,hrlm33vg,youthful-sweep-23
614784,30.153588438407553,hrlm33vg,youthful-sweep-23
622991,27.726202797025763,hrlm33vg,youthful-sweep-23
631170,29.260460238593954,hrlm33vg,youthful-sweep-23
639323,31.580470393060125,hrlm33vg,youthful-sweep-23
647502,29.315061695928158,hrlm33vg,youthful-sweep-23
655658,30.22635925550935,hrlm33vg,youthful-sweep-23
663838,30.859745361967356,hrlm33vg,youthful-sweep-23
671979,29.260806344855098,hrlm33vg,youthful-sweep-23
680138,30.489329370466844,hrlm33vg,youthful-sweep-23
688308,30.19750202608204,hrlm33vg,youthful-sweep-23
696466,29.496520897772324,hrlm33vg,youthful-sweep-23
704635,29.854187283581563,hrlm33vg,youthful-sweep-23
712809,31.58136114192745,hrlm33vg,youthful-sweep-23
720901,31.008734648928304,hrlm33vg,youthful-sweep-23
729016,31.641811754281683,hrlm33vg,youthful-sweep-23
737148,32.26724335228639,hrlm33vg,youthful-sweep-23
745273,32.26724335228639,hrlm33vg,youthful-sweep-23
753426,32.26724335228639,hrlm33vg,youthful-sweep-23
761554,29.549227667216428,hrlm33vg,youthful-sweep-23
769728,32.01327780531297,hrlm33vg,youthful-sweep-23
777909,31.445791009454194,hrlm33vg,youthful-sweep-23
786069,32.47203235287008,hrlm33vg,youthful-sweep-23
794234,29.972205364897878,hrlm33vg,youthful-sweep-23
802426,31.153337536568415,hrlm33vg,youthful-sweep-23
810639,30.496709400905456,hrlm33vg,youthful-sweep-23
818866,30.253070113399907,hrlm33vg,youthful-sweep-23
827062,31.988934187366688,hrlm33vg,youthful-sweep-23
835246,30.61618544604217,hrlm33vg,youthful-sweep-23
843481,31.988934187366688,hrlm33vg,youthful-sweep-23
851666,32.443693354253,hrlm33vg,youthful-sweep-23
859863,30.421167631535205,hrlm33vg,youthful-sweep-23
868067,31.385802179108577,hrlm33vg,youthful-sweep-23
876257,32.443693354253,hrlm33vg,youthful-sweep-23
884466,31.988934187366688,hrlm33vg,youthful-sweep-23
892641,31.988934187366688,hrlm33vg,youthful-sweep-23
900841,32.9451571363404,hrlm33vg,youthful-sweep-23
909059,31.659601590446982,hrlm33vg,youthful-sweep-23
917289,32.220078794330696,hrlm33vg,youthful-sweep-23
925493,31.988934187366688,hrlm33vg,youthful-sweep-23
933667,31.988934187366688,hrlm33vg,youthful-sweep-23
941869,31.988934187366688,hrlm33vg,youthful-sweep-23
950093,31.988934187366688,hrlm33vg,youthful-sweep-23
958314,31.988934187366688,hrlm33vg,youthful-sweep-23
966515,31.69684401354391,hrlm33vg,youthful-sweep-23
974747,32.2686954530884,hrlm33vg,youthful-sweep-23
982983,32.443693354253,hrlm33vg,youthful-sweep-23
991239,31.69684401354391,hrlm33vg,youthful-sweep-23
999490,31.427371599107563,hrlm33vg,youthful-sweep-23
1007719.0,31.427371599107563,hrlm33vg,youthful-sweep-23
1015953.0,31.427371599107563,hrlm33vg,youthful-sweep-23
1024217.0,31.11571948683119,hrlm33vg,youthful-sweep-23
1032458.0,32.38393319930863,hrlm33vg,youthful-sweep-23
1040691.0,32.38393319930863,hrlm33vg,youthful-sweep-23
1048944.0,32.4671147170336,hrlm33vg,youthful-sweep-23
1057231.0,30.540872505466723,hrlm33vg,youthful-sweep-23
1065481.0,32.31519780017484,hrlm33vg,youthful-sweep-23
1073729.0,30.758774335841917,hrlm33vg,youthful-sweep-23
1081979.0,31.584135552893628,hrlm33vg,youthful-sweep-23
1090241.0,32.26269977141836,hrlm33vg,youthful-sweep-23
1098518.0,31.584135552893628,hrlm33vg,youthful-sweep-23
1106797.0,32.06624778504094,hrlm33vg,youthful-sweep-23
1115094.0,32.01981684083248,hrlm33vg,youthful-sweep-23
8124,21.545923720881582,069c7630,valiant-sweep-24
16284,12.096363206767563,069c7630,valiant-sweep-24
24458,18.205522374892432,069c7630,valiant-sweep-24
32648,19.044668035974883,069c7630,valiant-sweep-24
40776,18.993764854819364,069c7630,valiant-sweep-24
48918,13.14577164221229,069c7630,valiant-sweep-24
57098,9.593793702067837,069c7630,valiant-sweep-24
65257,18.493269367511523,069c7630,valiant-sweep-24
73420,15.72230555919844,069c7630,valiant-sweep-24
81572,18.024870550377287,069c7630,valiant-sweep-24
89699,6.8462221165219574,069c7630,valiant-sweep-24
97847,16.141373309336437,069c7630,valiant-sweep-24
106015,1.0175881831624503,069c7630,valiant-sweep-24
114206,26.269055563454394,069c7630,valiant-sweep-24
122432,14.404534542721729,069c7630,valiant-sweep-24
130651,21.87842808731095,069c7630,valiant-sweep-24
138872,16.216449487038485,069c7630,valiant-sweep-24
147096,14.649718543376824,069c7630,valiant-sweep-24
155327,16.486569182198565,069c7630,valiant-sweep-24
163514,14.509589577682254,069c7630,valiant-sweep-24
171702,12.997532343782286,069c7630,valiant-sweep-24
179902,17.699971276663664,069c7630,valiant-sweep-24
188112,20.38334931628184,069c7630,valiant-sweep-24
196310,15.330692674251996,069c7630,valiant-sweep-24
204520,19.480077162412513,069c7630,valiant-sweep-24
212695,22.651814674326165,069c7630,valiant-sweep-24
220909,16.95804354331971,069c7630,valiant-sweep-24
229115,19.29545060704812,069c7630,valiant-sweep-24
237295,21.592752281616942,069c7630,valiant-sweep-24
245476,22.11097687173625,069c7630,valiant-sweep-24
253702,12.941029535914307,069c7630,valiant-sweep-24
261878,13.172244141325308,069c7630,valiant-sweep-24
270069,24.83855515536311,069c7630,valiant-sweep-24
278283,22.98780161359454,069c7630,valiant-sweep-24
286521,19.271534653049066,069c7630,valiant-sweep-24
294751,21.594252982416933,069c7630,valiant-sweep-24
302998,9.457262249994796,069c7630,valiant-sweep-24
311245,12.488328943614814,069c7630,valiant-sweep-24
319460,20.9812455832821,069c7630,valiant-sweep-24
327662,17.030142422626845,069c7630,valiant-sweep-24
335872,17.202801290762515,069c7630,valiant-sweep-24
344061,20.18329704674357,069c7630,valiant-sweep-24
352263,21.448422471030543,069c7630,valiant-sweep-24
360450,26.12271305572092,069c7630,valiant-sweep-24
368679,18.86551782428968,069c7630,valiant-sweep-24
376842,10.626725931129425,069c7630,valiant-sweep-24
385029,10.89633231941403,069c7630,valiant-sweep-24
393220,12.797715054705286,069c7630,valiant-sweep-24
401422,15.165347536284278,069c7630,valiant-sweep-24
409650,19.70433412184905,069c7630,valiant-sweep-24
417839,13.042470554849459,069c7630,valiant-sweep-24
426071,10.083424843894022,069c7630,valiant-sweep-24
434292,22.28159332308103,069c7630,valiant-sweep-24
442531,19.797912348160423,069c7630,valiant-sweep-24
450721,18.01958913585389,069c7630,valiant-sweep-24
458943,11.55103652314811,069c7630,valiant-sweep-24
467138,11.811165534377906,069c7630,valiant-sweep-24
475310,21.162211886310953,069c7630,valiant-sweep-24
483465,14.59555871595482,069c7630,valiant-sweep-24
491662,10.933177753058064,069c7630,valiant-sweep-24
499847,21.385980818406615,069c7630,valiant-sweep-24
508064,19.768523883857974,069c7630,valiant-sweep-24
516270,12.97646665494068,069c7630,valiant-sweep-24
524457,19.639149143059374,069c7630,valiant-sweep-24
532639,23.56388267684232,069c7630,valiant-sweep-24
540840,25.352278160780394,069c7630,valiant-sweep-24
549082,25.44622680835935,069c7630,valiant-sweep-24
557282,27.359741478249184,069c7630,valiant-sweep-24
565443,26.66008404285415,069c7630,valiant-sweep-24
573644,22.57583077842873,069c7630,valiant-sweep-24
581810,29.040247200354464,069c7630,valiant-sweep-24
589961,26.662328094273754,069c7630,valiant-sweep-24
598103,25.980008216177822,069c7630,valiant-sweep-24
606227,27.441076930064533,069c7630,valiant-sweep-24
614349,25.792912044124307,069c7630,valiant-sweep-24
622463,29.19140207830616,069c7630,valiant-sweep-24
630603,23.890916723501867,069c7630,valiant-sweep-24
638677,28.3531644009879,069c7630,valiant-sweep-24
646751,25.800780635144044,069c7630,valiant-sweep-24
654847,26.599883352212156,069c7630,valiant-sweep-24
662961,24.011309675917616,069c7630,valiant-sweep-24
670999,28.193311528559178,069c7630,valiant-sweep-24
679123,28.85930704099338,069c7630,valiant-sweep-24
687224,23.907298356661606,069c7630,valiant-sweep-24
695306,29.781060874655417,069c7630,valiant-sweep-24
703431,28.830684537160188,069c7630,valiant-sweep-24
711542,23.897289060768877,069c7630,valiant-sweep-24
719611,27.57092694534283,069c7630,valiant-sweep-24
727664,28.761440858344095,069c7630,valiant-sweep-24
735735,27.343744463758448,069c7630,valiant-sweep-24
743805,28.272200729350295,069c7630,valiant-sweep-24
751833,30.66418137769032,069c7630,valiant-sweep-24
759826,24.314196030181233,069c7630,valiant-sweep-24
767867,31.710989117853217,069c7630,valiant-sweep-24
775883,31.707783838697672,069c7630,valiant-sweep-24
783735,31.335549779727547,069c7630,valiant-sweep-24
791601,29.322832716752224,069c7630,valiant-sweep-24
799431,26.414864859213708,069c7630,valiant-sweep-24
807209,26.797229336989158,069c7630,valiant-sweep-24
815011,29.615214839737682,069c7630,valiant-sweep-24
822797,30.42522425611965,069c7630,valiant-sweep-24
830609,30.533549858982376,069c7630,valiant-sweep-24
838342,32.373257375524744,069c7630,valiant-sweep-24
846118,30.3582395913104,069c7630,valiant-sweep-24
853851,32.445611657912686,069c7630,valiant-sweep-24
861451,33.788461222840866,069c7630,valiant-sweep-24
869013,34.07687921646662,069c7630,valiant-sweep-24
876486,30.230995862409152,069c7630,valiant-sweep-24
884044,33.81175128798722,069c7630,valiant-sweep-24
891547,33.84156920697073,069c7630,valiant-sweep-24
899055,34.05999982993386,069c7630,valiant-sweep-24
906557,33.87578327055022,069c7630,valiant-sweep-24
914093,33.84156920697073,069c7630,valiant-sweep-24
921635,34.07687921646662,069c7630,valiant-sweep-24
929133,33.84156920697073,069c7630,valiant-sweep-24
936571,33.50745043871608,069c7630,valiant-sweep-24
944024,34.1207129420219,069c7630,valiant-sweep-24
